feature("LIMIT.BAL"),SEX,EDUCATION,MARRIAGE,AGE,DEFAULT_PAYMENT_NEXT_MONTH
20000,female,university,married,24,1
120000,female,university,single,26,1
90000,female,university,single,34,0
50000,female,university,married,37,0
50000,male,university,married,57,0
50000,male,graduate,single,37,0
500000,male,graduate,single,29,0
100000,female,university,single,23,0
140000,female,highschool,married,28,0
20000,male,highschool,single,35,0
200000,female,highschool,single,34,0
260000,female,graduate,single,51,0
630000,female,university,single,41,0
70000,male,university,single,30,1
250000,male,graduate,single,29,0
50000,female,highschool,divorce,23,0
20000,male,graduate,single,24,1
320000,male,graduate,married,49,0
360000,female,graduate,married,49,0
180000,female,graduate,single,29,0
130000,female,highschool,single,39,0
120000,female,university,married,39,1
70000,female,university,single,26,1
450000,female,graduate,married,40,1
90000,male,graduate,single,23,0
50000,male,highschool,single,23,0
60000,male,graduate,single,27,1
50000,female,highschool,single,30,0
50000,female,highschool,married,47,0
50000,male,graduate,single,26,0
230000,female,graduate,single,27,0
50000,male,university,single,33,1
100000,male,graduate,single,32,0
500000,female,university,married,54,0
500000,male,graduate,married,58,0
160000,male,graduate,single,30,0
280000,male,university,married,40,0
60000,female,university,single,22,0
50000,male,graduate,single,25,1
280000,male,graduate,single,31,0
360000,male,graduate,single,33,0
70000,female,graduate,single,25,0
10000,male,university,single,22,0
140000,female,university,married,37,0
40000,female,graduate,single,30,0
210000,male,graduate,single,29,1
20000,female,graduate,single,22,1
150000,female,other,single,46,1
380000,male,university,single,32,0
20000,male,graduate,single,24,0
70000,male,highschool,single,42,1
100000,female,highschool,divorce,43,0
310000,female,university,married,49,0
180000,female,graduate,single,25,0
150000,female,graduate,single,29,0
500000,female,graduate,married,45,0
180000,female,highschool,married,34,0
180000,female,university,married,34,0
200000,female,graduate,single,34,0
400000,female,university,married,29,0
500000,female,highschool,married,28,1
70000,male,university,married,39,0
50000,male,graduate,single,29,1
50000,female,university,married,46,1
130000,female,university,married,51,0
200000,male,graduate,married,57,1
10000,male,university,married,56,1
210000,female,graduate,single,30,0
130000,female,highschool,single,29,0
20000,male,other,single,22,0
80000,male,graduate,single,31,0
320000,male,university,single,29,1
200000,female,university,married,32,0
290000,female,graduate,single,37,0
340000,male,graduate,single,32,0
20000,male,university,single,24,0
50000,male,highschool,single,25,0
300000,female,graduate,married,45,0
30000,female,university,single,22,1
240000,female,university,single,44,1
470000,female,highschool,divorce,33,0
360000,female,graduate,single,26,0
60000,male,highschool,single,30,1
400000,female,university,married,44,0
50000,female,highschool,single,49,0
160000,male,university,single,33,0
360000,female,graduate,married,45,1
160000,female,university,single,32,0
130000,female,graduate,married,35,0
20000,male,highschool,single,44,0
200000,male,graduate,married,53,1
280000,female,graduate,single,39,0
100000,female,graduate,single,27,0
160000,female,university,married,37,0
60000,female,university,single,23,0
90000,male,university,single,35,0
360000,male,graduate,married,43,0
150000,male,graduate,single,27,0
50000,female,highschool,married,22,0
20000,male,university,married,38,1
140000,male,graduate,single,32,0
380000,female,graduate,single,30,0
480000,male,graduate,married,63,0
50000,female,highschool,single,22,1
60000,female,university,single,26,0
70000,female,university,single,24,0
80000,female,university,married,36,0
350000,male,graduate,single,52,0
130000,male,university,single,38,0
360000,male,university,married,35,0
330000,female,graduate,married,31,0
50000,male,highschool,married,47,0
280000,male,university,married,41,0
100000,female,graduate,single,24,0
50000,male,university,single,41,0
30000,male,graduate,single,24,1
240000,male,graduate,single,28,0
80000,male,university,single,26,1
400000,male,university,married,34,0
240000,female,university,single,38,0
50000,male,highschool,single,37,1
450000,male,graduate,married,40,1
110000,female,graduate,married,48,0
310000,female,university,married,35,1
20000,male,graduate,single,27,0
20000,male,university,single,23,0
200000,male,highschool,single,52,0
180000,male,graduate,married,36,1
50000,male,university,married,51,1
60000,male,highschool,married,55,0
30000,female,graduate,single,23,0
240000,male,graduate,single,41,0
420000,male,university,married,34,0
330000,male,highschool,married,46,0
30000,female,university,single,22,0
240000,male,university,married,34,0
150000,male,graduate,single,27,0
210000,female,university,married,33,0
50000,female,highschool,married,51,1
50000,male,graduate,single,24,0
240000,male,graduate,single,47,1
180000,male,university,single,28,0
50000,male,university,single,23,0
170000,male,university,single,29,0
20000,male,graduate,single,29,0
50000,male,graduate,single,28,0
170000,female,university,single,27,1
200000,male,graduate,single,34,0
80000,female,university,married,23,0
260000,female,graduate,married,60,0
140000,male,university,married,32,0
80000,male,graduate,single,25,0
350000,male,graduate,single,41,0
280000,female,university,married,56,0
30000,female,highschool,single,26,0
140000,male,graduate,married,34,0
200000,female,graduate,single,37,0
200000,female,highschool,single,30,0
210000,male,highschool,married,45,1
50000,male,highschool,married,57,0
30000,male,graduate,single,41,0
50000,male,university,single,27,0
290000,male,highschool,married,47,0
250000,female,graduate,married,34,0
60000,female,university,married,46,0
110000,female,graduate,single,27,0
370000,male,graduate,single,50,0
100000,male,university,married,27,0
90000,female,university,married,35,0
50000,female,university,single,22,0
270000,male,university,single,37,0
300000,female,graduate,single,30,0
50000,female,university,single,22,0
50000,female,graduate,single,24,1
360000,male,graduate,single,29,0
130000,male,highschool,married,56,1
80000,male,graduate,single,30,0
50000,male,university,single,30,0
20000,female,university,single,22,0
80000,female,university,married,29,0
240000,male,graduate,single,37,0
80000,female,highschool,single,35,0
500000,female,graduate,married,47,0
60000,female,university,married,24,1
20000,male,university,single,25,0
100000,female,university,married,38,1
360000,female,graduate,single,32,0
200000,female,highschool,single,47,1
130000,female,university,married,34,0
20000,female,university,single,31,0
310000,male,graduate,single,32,0
60000,female,graduate,single,27,1
180000,female,graduate,single,29,0
180000,female,graduate,single,24,0
50000,male,university,married,36,0
50000,female,graduate,single,24,1
150000,female,university,married,34,0
20000,female,graduate,single,22,0
500000,female,graduate,married,34,0
30000,female,highschool,single,22,1
180000,female,graduate,married,38,0
140000,male,graduate,single,31,0
140000,female,graduate,single,26,0
120000,male,university,single,26,0
360000,female,university,married,48,0
20000,male,highschool,married,43,0
100000,male,graduate,married,47,0
210000,female,university,married,41,1
80000,female,university,single,24,1
330000,female,graduate,married,50,0
220000,male,graduate,single,24,0
210000,female,graduate,married,38,1
40000,female,highschool,married,43,0
30000,male,university,single,39,0
470000,male,university,single,27,0
30000,male,highschool,married,42,0
240000,female,university,married,36,1
80000,male,university,single,36,0
110000,female,highschool,other,31,0
310000,female,graduate,single,38,0
360000,female,graduate,married,40,1
330000,female,highschool,single,45,0
300000,female,university,single,35,0
320000,female,university,single,33,0
50000,female,highschool,single,37,1
170000,female,graduate,single,28,0
350000,male,highschool,married,44,0
20000,male,university,married,37,0
50000,male,university,single,23,1
20000,female,highschool,single,24,0
50000,female,graduate,single,24,0
20000,male,university,single,23,1
50000,male,university,married,26,0
190000,male,university,single,34,1
60000,female,university,married,33,0
80000,male,graduate,single,35,0
150000,female,university,single,27,0
210000,female,graduate,single,31,0
240000,female,highschool,married,50,1
140000,female,university,divorce,41,1
60000,female,graduate,single,28,0
50000,male,graduate,single,39,0
50000,female,university,single,27,0
180000,female,graduate,single,32,0
30000,female,graduate,single,40,0
20000,female,university,single,40,0
250000,female,university,married,75,0
100000,female,university,single,27,0
330000,male,graduate,single,25,0
50000,male,highschool,married,46,0
50000,female,university,single,26,0
30000,male,university,single,28,0
140000,female,university,single,26,1
160000,female,graduate,single,28,0
400000,female,university,single,29,0
50000,male,university,married,25,0
140000,female,university,married,48,0
160000,female,university,married,33,0
100000,female,highschool,married,43,0
220000,male,graduate,married,48,1
510000,female,graduate,single,29,0
50000,male,university,single,29,0
160000,female,graduate,married,38,0
230000,female,graduate,single,37,0
80000,female,graduate,single,37,0
150000,female,university,married,25,0
10000,male,highschool,single,23,0
130000,female,highschool,single,49,1
40000,female,graduate,single,48,0
50000,male,university,single,27,1
100000,male,highschool,single,32,0
120000,male,graduate,married,34,0
260000,female,graduate,single,58,1
200000,female,university,single,33,0
360000,female,university,single,28,1
70000,female,university,single,36,0
460000,male,graduate,married,40,1
50000,female,graduate,single,26,0
50000,male,highschool,married,33,0
250000,female,university,married,31,0
30000,female,graduate,single,27,0
270000,male,university,married,44,0
180000,female,highschool,single,30,0
100000,female,graduate,single,28,0
230000,female,highschool,married,32,0
210000,female,graduate,married,46,0
210000,male,graduate,single,38,0
440000,female,university,married,46,0
100000,female,university,single,25,1
240000,female,university,married,46,0
280000,male,graduate,single,33,1
50000,female,university,single,22,1
30000,male,university,married,43,0
10000,male,university,single,27,1
130000,male,graduate,single,29,0
200000,male,graduate,single,31,0
120000,female,university,married,29,0
210000,female,university,married,36,0
280000,female,graduate,married,36,0
300000,male,graduate,single,34,1
100000,male,university,single,37,0
440000,female,graduate,single,36,0
50000,female,highschool,married,40,0
20000,female,graduate,single,25,1
200000,female,graduate,single,27,0
110000,female,university,single,26,0
500000,female,university,married,36,0
300000,female,university,married,27,0
30000,male,highschool,married,55,1
60000,female,graduate,single,27,0
400000,female,university,married,38,0
180000,female,university,married,34,0
20000,male,graduate,single,40,0
200000,female,highschool,married,49,1
100000,male,graduate,single,27,0
60000,male,university,single,23,1
110000,female,university,single,36,0
260000,female,highschool,married,53,0
50000,female,highschool,married,46,0
180000,male,university,single,29,0
110000,male,university,single,29,1
340000,female,graduate,single,27,0
50000,male,university,single,24,0
230000,female,university,married,28,1
360000,female,university,single,32,0
210000,male,university,single,43,0
220000,female,university,married,41,1
60000,female,university,married,34,1
340000,male,university,married,55,0
150000,male,graduate,married,40,0
200000,female,university,married,37,1
130000,female,university,single,40,1
60000,female,graduate,single,28,0
400000,female,university,married,43,0
20000,male,graduate,single,27,0
190000,female,graduate,single,28,0
260000,female,graduate,single,30,0
140000,female,university,single,31,0
50000,female,university,married,31,1
120000,female,graduate,single,34,0
240000,female,university,single,30,0
50000,male,university,single,36,0
200000,female,graduate,single,29,0
180000,male,graduate,married,39,0
180000,female,graduate,single,26,0
160000,female,graduate,single,29,0
100000,female,university,single,26,0
50000,female,university,single,29,1
140000,female,university,single,31,0
30000,female,university,single,26,1
90000,male,graduate,single,26,0
200000,male,graduate,married,36,0
380000,male,graduate,single,30,1
80000,female,university,single,43,0
50000,male,highschool,married,58,0
180000,male,university,married,45,1
240000,female,university,single,26,0
380000,male,university,single,34,0
110000,female,other,single,24,0
260000,male,graduate,married,34,0
500000,female,university,single,23,1
320000,female,university,single,30,0
50000,male,university,single,32,0
110000,male,graduate,married,40,1
230000,female,graduate,single,35,0
330000,female,university,married,56,0
50000,female,university,married,61,0
10000,male,university,single,24,0
300000,male,graduate,married,40,0
20000,female,university,married,32,1
180000,male,university,married,36,1
160000,male,graduate,single,30,0
90000,female,graduate,single,34,0
30000,male,highschool,divorce,54,0
180000,male,graduate,married,46,0
30000,male,highschool,married,58,0
30000,male,university,married,43,0
140000,female,graduate,single,28,0
210000,male,graduate,single,30,0
50000,male,university,single,31,1
130000,female,university,single,29,0
50000,female,university,married,37,1
140000,male,highschool,married,36,0
170000,female,university,single,28,1
80000,male,university,single,25,0
410000,female,other,married,42,0
80000,female,graduate,single,29,0
80000,male,highschool,married,73,1
150000,male,university,married,43,0
260000,male,graduate,married,30,1
350000,male,graduate,married,38,0
280000,female,university,married,39,1
310000,male,university,married,44,0
140000,female,university,single,29,0
360000,male,graduate,married,51,0
140000,female,graduate,single,27,0
100000,male,graduate,single,38,0
50000,female,university,single,22,0
210000,female,university,married,30,0
120000,female,university,single,25,0
240000,male,graduate,single,29,0
60000,female,highschool,divorce,42,0
150000,male,graduate,single,41,1
30000,male,university,married,48,0
160000,female,graduate,single,29,1
200000,male,graduate,married,52,0
120000,female,university,married,25,0
500000,male,graduate,married,37,0
320000,female,graduate,single,27,0
280000,male,graduate,single,31,0
60000,female,graduate,single,23,1
200000,female,graduate,married,38,0
230000,female,graduate,married,32,0
230000,female,university,single,27,1
480000,female,highschool,married,41,0
50000,female,highschool,married,35,0
200000,female,graduate,single,31,0
50000,female,graduate,single,30,0
50000,male,university,married,48,0
260000,female,graduate,single,36,1
30000,male,graduate,single,24,0
440000,female,graduate,single,29,0
230000,female,university,single,38,0
200000,male,university,married,38,1
490000,female,university,married,30,0
80000,female,university,married,32,0
20000,female,highschool,single,49,1
170000,female,graduate,single,31,1
70000,male,graduate,single,27,0
210000,female,university,single,33,0
90000,female,university,single,25,0
390000,female,graduate,single,27,1
110000,female,graduate,single,29,0
580000,female,graduate,married,36,0
360000,male,highschool,married,55,0
270000,female,university,married,32,1
60000,female,graduate,single,27,0
110000,male,highschool,married,37,0
50000,female,graduate,married,25,0
80000,female,graduate,single,23,1
50000,male,university,single,23,0
100000,male,graduate,single,32,0
30000,female,graduate,single,26,0
200000,female,graduate,single,27,0
240000,male,graduate,single,44,1
220000,male,university,single,34,0
160000,female,graduate,single,28,0
180000,female,graduate,married,53,0
200000,male,other,married,42,0
140000,female,highschool,married,30,0
380000,male,graduate,married,51,1
600000,male,graduate,married,53,1
260000,male,university,single,37,0
200000,female,graduate,single,26,0
80000,male,university,single,42,0
40000,male,university,single,39,0
130000,male,highschool,single,39,0
50000,male,graduate,single,32,0
230000,female,university,married,41,0
70000,male,university,married,48,1
180000,female,university,married,38,0
80000,female,university,married,36,0
290000,female,university,single,26,0
230000,female,graduate,single,28,0
170000,female,highschool,divorce,56,0
230000,male,graduate,married,59,1
220000,male,graduate,single,38,1
230000,male,university,single,32,0
500000,male,university,married,38,0
90000,female,graduate,married,41,0
390000,female,highschool,single,35,1
400000,female,university,single,41,0
180000,male,university,married,34,0
60000,male,highschool,married,38,0
120000,female,university,married,32,0
60000,female,university,single,29,0
50000,male,graduate,single,44,0
70000,female,university,married,37,0
500000,female,graduate,married,38,0
200000,male,graduate,single,31,0
250000,female,university,married,40,0
140000,male,university,single,26,1
70000,female,university,single,28,0
90000,male,highschool,married,48,0
100000,female,university,married,43,0
190000,male,university,married,31,0
230000,female,graduate,married,42,0
320000,male,university,married,39,0
220000,female,university,married,36,1
260000,female,graduate,married,34,0
90000,female,university,single,32,0
30000,female,university,married,43,0
260000,male,university,single,30,0
170000,female,university,single,28,0
80000,female,graduate,married,28,1
50000,male,graduate,married,41,0
200000,female,highschool,single,47,0
20000,male,university,single,23,0
250000,female,graduate,married,49,0
20000,male,graduate,married,38,0
30000,female,university,married,38,0
90000,female,university,married,35,0
230000,female,other,single,46,0
130000,female,graduate,married,33,1
30000,male,other,married,53,0
160000,male,graduate,single,35,0
500000,female,university,single,43,0
180000,female,university,single,28,0
80000,female,university,married,30,0
120000,male,graduate,single,26,0
130000,male,university,married,31,0
120000,female,university,single,35,1
360000,male,graduate,single,28,0
50000,male,university,single,23,1
20000,female,university,single,23,0
100000,male,highschool,married,56,0
70000,male,highschool,married,32,0
50000,male,university,married,47,0
10000,female,university,single,22,0
290000,female,graduate,married,34,0
30000,female,graduate,married,31,0
410000,female,university,single,27,0
360000,male,graduate,single,28,1
140000,female,university,married,42,1
210000,female,graduate,single,32,0
220000,female,university,single,27,0
20000,male,university,single,27,0
620000,female,university,married,45,1
360000,male,graduate,single,26,0
20000,female,university,single,21,0
50000,male,university,single,23,0
50000,male,university,divorce,30,0
10000,male,university,single,46,1
100000,female,highschool,married,50,1
50000,male,graduate,single,26,0
60000,male,university,single,25,0
440000,female,graduate,single,35,0
120000,male,university,married,44,0
50000,female,graduate,single,52,0
110000,female,university,married,40,0
200000,female,graduate,single,38,0
150000,female,graduate,single,28,0
30000,female,university,married,36,1
100000,female,graduate,single,24,0
360000,female,graduate,married,34,0
390000,female,graduate,single,31,0
220000,female,graduate,married,41,1
160000,female,university,single,25,0
230000,female,graduate,single,28,0
120000,male,graduate,single,27,0
100000,male,highschool,married,52,1
190000,female,graduate,single,41,1
50000,male,graduate,married,56,1
240000,female,graduate,married,42,0
40000,female,university,single,24,0
630000,female,university,married,47,0
160000,female,graduate,married,33,0
110000,female,university,single,32,0
20000,male,university,single,29,0
210000,female,highschool,married,53,0
270000,male,graduate,single,34,0
360000,female,university,single,52,0
60000,female,university,married,42,0
360000,male,university,single,38,0
390000,female,graduate,single,45,0
250000,female,highschool,single,35,0
90000,female,graduate,single,24,1
360000,male,graduate,single,28,0
50000,male,highschool,single,26,0
270000,female,graduate,married,40,0
200000,female,graduate,single,29,0
50000,female,university,single,23,0
350000,male,graduate,single,33,0
160000,female,university,single,60,1
80000,female,highschool,married,49,0
290000,male,graduate,married,53,1
270000,female,graduate,single,28,0
80000,male,graduate,single,31,0
50000,male,university,single,36,0
30000,male,university,married,35,0
30000,male,university,single,28,1
90000,male,university,single,33,0
160000,male,graduate,single,26,0
80000,female,highschool,single,53,0
50000,male,university,single,42,0
20000,female,graduate,single,25,0
220000,male,graduate,married,43,1
210000,male,highschool,single,25,1
130000,female,university,single,29,0
260000,female,university,married,31,0
230000,female,graduate,married,30,0
160000,male,graduate,single,34,0
50000,male,graduate,married,35,0
80000,male,university,married,32,0
110000,male,highschool,single,46,0
200000,male,graduate,married,43,0
360000,male,university,single,29,0
210000,female,highschool,single,31,0
80000,female,university,single,24,0
300000,female,university,married,36,1
310000,female,university,married,43,0
30000,male,highschool,married,59,1
170000,male,graduate,married,53,0
140000,female,university,single,28,0
180000,female,university,single,31,0
50000,male,graduate,single,34,0
50000,female,university,married,36,0
110000,female,graduate,single,24,0
450000,female,highschool,married,36,0
200000,female,university,married,34,0
220000,male,graduate,single,43,0
360000,female,graduate,single,29,1
50000,male,university,married,37,0
40000,male,university,single,23,0
190000,female,university,married,37,0
150000,male,graduate,single,33,0
200000,female,graduate,married,37,0
270000,female,university,married,56,0
60000,male,graduate,single,25,0
200000,female,university,married,39,0
150000,female,university,married,39,0
180000,female,university,single,28,0
90000,female,graduate,single,27,0
360000,female,university,married,37,0
90000,female,graduate,single,24,0
20000,female,university,single,24,0
70000,male,graduate,married,46,0
230000,male,graduate,married,39,0
30000,male,highschool,married,48,0
200000,female,highschool,divorce,45,0
100000,male,highschool,single,49,0
50000,female,university,single,23,0
20000,female,highschool,married,25,0
210000,female,university,married,47,0
110000,male,highschool,married,56,0
20000,female,highschool,married,44,0
50000,female,highschool,married,49,0
50000,male,university,married,41,0
400000,female,graduate,single,40,0
170000,male,university,single,31,0
280000,male,university,married,42,0
130000,female,highschool,married,28,0
210000,female,university,single,32,0
370000,male,university,single,28,0
30000,female,university,married,31,0
150000,male,highschool,single,39,0
60000,male,highschool,married,31,1
80000,female,university,single,24,0
280000,female,university,married,44,1
20000,female,university,single,46,0
270000,male,graduate,single,32,0
240000,female,university,single,26,0
20000,female,graduate,single,22,0
450000,female,graduate,married,42,1
10000,male,university,single,33,0
280000,male,university,married,39,1
290000,female,highschool,single,27,0
190000,female,graduate,single,28,1
80000,female,graduate,single,23,0
280000,female,university,single,28,0
160000,female,graduate,married,33,0
90000,male,university,married,40,1
140000,female,graduate,single,37,0
50000,male,graduate,single,22,0
40000,female,university,married,32,0
130000,female,highschool,married,43,0
70000,female,highschool,married,27,0
30000,female,university,married,35,0
100000,female,highschool,married,35,0
20000,female,graduate,married,30,1
30000,female,university,single,34,0
20000,male,university,married,34,1
100000,female,graduate,single,28,1
30000,male,university,single,25,1
320000,female,graduate,married,41,0
90000,male,highschool,single,42,1
190000,male,university,single,40,1
200000,male,graduate,single,28,0
300000,female,university,single,31,0
30000,female,graduate,single,56,0
110000,female,university,divorce,45,0
230000,female,graduate,single,29,0
230000,female,graduate,married,35,0
310000,female,university,single,28,0
320000,male,graduate,married,40,0
360000,male,graduate,married,47,0
20000,female,highschool,married,41,1
170000,female,university,single,27,0
140000,male,graduate,married,40,0
80000,male,university,single,32,0
150000,male,university,single,35,0
170000,male,university,single,27,0
200000,female,university,married,29,1
70000,male,graduate,single,30,0
320000,male,university,married,37,0
150000,female,graduate,single,29,0
50000,female,graduate,married,34,0
90000,female,university,single,34,0
280000,male,graduate,married,41,0
300000,female,graduate,single,31,0
400000,female,university,single,40,0
200000,female,graduate,married,27,0
10000,female,highschool,single,22,1
50000,female,university,divorce,30,1
30000,female,university,divorce,22,0
50000,male,graduate,single,26,1
50000,male,university,married,38,0
30000,female,highschool,married,46,0
20000,male,university,single,24,0
20000,male,university,single,49,0
50000,male,graduate,divorce,49,0
30000,female,university,married,42,0
360000,female,graduate,married,30,0
170000,male,university,married,42,0
400000,female,graduate,single,31,0
50000,female,university,married,49,0
160000,female,university,single,27,0
70000,female,university,married,33,1
150000,female,graduate,married,35,0
80000,female,university,single,48,0
30000,female,university,single,22,0
10000,male,university,single,22,1
180000,female,graduate,single,27,0
320000,male,graduate,married,47,0
80000,female,university,single,34,0
10000,male,university,married,45,1
360000,female,university,single,39,0
450000,male,university,single,33,0
330000,female,university,single,29,0
60000,male,graduate,single,29,1
50000,female,highschool,single,26,0
200000,male,university,married,38,0
120000,male,graduate,single,34,0
160000,female,graduate,married,37,0
110000,male,university,married,57,0
70000,female,highschool,married,50,0
150000,female,highschool,single,28,0
610000,female,graduate,single,31,0
110000,female,graduate,single,25,0
80000,female,university,single,25,1
170000,female,university,married,33,0
110000,female,graduate,single,30,0
140000,female,graduate,married,51,0
70000,male,graduate,single,51,0
260000,female,university,married,46,0
170000,male,highschool,single,38,0
50000,female,university,married,34,0
300000,female,highschool,married,34,1
150000,female,graduate,single,31,1
50000,female,university,single,25,1
50000,female,university,married,26,0
90000,female,graduate,single,25,0
50000,male,university,single,26,1
500000,female,university,single,43,0
470000,female,university,married,36,0
230000,male,university,single,58,0
140000,female,university,single,26,0
230000,female,university,married,30,1
420000,female,university,single,31,0
30000,female,university,single,24,0
50000,female,university,single,52,1
140000,female,university,single,24,0
260000,female,university,married,35,0
90000,female,highschool,single,29,0
240000,female,university,married,33,0
510000,female,graduate,single,35,0
110000,female,university,married,35,0
210000,female,graduate,single,28,0
220000,male,university,married,40,0
200000,female,graduate,married,35,0
360000,female,university,single,53,0
260000,male,graduate,single,44,0
20000,male,university,married,33,0
120000,female,university,married,32,0
50000,female,graduate,single,33,0
60000,female,graduate,single,26,0
200000,male,graduate,single,26,0
20000,male,university,single,26,0
50000,female,graduate,married,32,1
50000,female,university,single,31,0
230000,male,graduate,single,29,0
50000,male,university,married,27,0
100000,female,graduate,single,28,1
210000,female,graduate,married,42,1
230000,female,university,married,32,1
500000,female,graduate,single,26,0
370000,female,graduate,single,38,0
230000,female,graduate,married,35,0
80000,male,university,single,29,0
60000,female,university,single,29,0
30000,female,university,single,51,0
70000,male,graduate,single,27,0
410000,male,graduate,single,32,0
280000,female,highschool,married,40,0
50000,female,graduate,married,34,0
100000,female,university,married,30,0
230000,female,graduate,single,29,0
50000,female,graduate,single,22,0
100000,female,graduate,single,48,0
210000,female,university,married,35,0
400000,male,graduate,single,37,0
20000,male,university,single,25,1
50000,female,highschool,married,44,0
230000,female,graduate,single,28,0
220000,male,university,single,29,0
300000,female,graduate,married,36,0
80000,female,university,single,23,0
20000,female,highschool,single,36,1
190000,female,graduate,single,26,0
160000,female,university,other,37,0
120000,female,graduate,divorce,44,0
700000,female,graduate,married,39,0
140000,female,graduate,single,24,0
300000,female,highschool,married,29,0
120000,male,highschool,married,33,1
280000,female,university,married,39,0
70000,male,highschool,married,51,1
20000,female,highschool,single,24,0
150000,female,university,married,45,0
60000,male,graduate,single,30,0
200000,female,highschool,other,51,0
50000,female,university,single,24,1
150000,male,university,married,50,0
20000,female,graduate,single,22,0
40000,male,graduate,single,27,1
170000,female,university,single,33,0
50000,female,university,married,24,0
10000,male,university,single,37,0
200000,female,university,married,58,0
50000,female,university,married,48,0
320000,male,graduate,single,28,0
20000,female,highschool,married,24,0
470000,female,university,married,27,1
230000,female,highschool,single,30,0
20000,female,graduate,single,23,0
30000,female,highschool,single,53,1
80000,female,university,single,23,0
110000,female,university,married,55,0
420000,male,university,married,34,0
500000,male,graduate,married,43,1
80000,female,university,single,22,0
350000,female,university,married,31,0
30000,female,university,married,32,0
110000,female,university,single,33,1
500000,male,highschool,married,39,0
490000,female,graduate,married,38,0
300000,female,university,married,34,0
50000,male,university,divorce,42,1
150000,male,highschool,married,37,1
80000,female,highschool,married,57,0
40000,female,university,single,23,0
30000,male,university,single,32,0
50000,male,graduate,married,37,0
140000,female,university,single,23,0
50000,female,highschool,single,49,0
30000,female,university,single,25,0
40000,female,graduate,single,29,1
100000,female,highschool,married,43,1
130000,male,university,single,29,0
20000,female,university,single,27,0
50000,male,graduate,single,26,0
260000,male,graduate,married,41,0
30000,female,highschool,single,52,1
10000,female,university,married,31,0
200000,male,graduate,single,32,0
30000,female,university,married,46,0
180000,female,university,single,35,0
100000,male,graduate,single,35,0
140000,female,university,married,39,0
290000,female,university,single,34,0
20000,female,university,divorce,52,0
80000,female,highschool,married,40,0
500000,female,highschool,married,38,0
180000,male,graduate,married,45,0
20000,female,highschool,married,40,0
30000,female,university,married,25,0
150000,male,graduate,single,33,0
280000,female,university,single,27,0
50000,female,university,married,43,0
20000,female,university,married,43,0
200000,male,graduate,single,30,0
210000,female,university,married,49,1
230000,female,graduate,single,38,0
50000,male,highschool,single,57,0
50000,male,highschool,single,55,1
70000,female,university,single,23,0
310000,male,graduate,single,30,0
180000,female,university,married,30,0
90000,female,university,single,24,0
390000,male,university,single,28,0
150000,female,highschool,married,34,0
400000,male,university,single,37,0
80000,female,university,married,32,0
320000,male,graduate,single,27,0
240000,female,university,married,37,1
200000,male,graduate,single,31,0
110000,male,graduate,divorce,55,1
170000,female,graduate,single,28,1
90000,female,highschool,divorce,51,1
200000,male,graduate,married,36,0
360000,male,graduate,single,30,0
140000,female,graduate,married,36,0
220000,male,university,single,25,0
100000,male,highschool,married,50,0
80000,female,university,single,40,0
30000,female,university,single,27,0
50000,male,graduate,single,30,1
120000,female,university,single,26,0
50000,male,graduate,single,27,0
360000,female,graduate,single,27,0
90000,female,graduate,single,25,0
500000,male,graduate,single,32,0
140000,female,highschool,married,46,0
30000,male,highschool,married,45,0
70000,male,highschool,married,30,0
200000,male,graduate,married,39,0
350000,male,graduate,married,48,0
120000,male,graduate,single,32,1
240000,male,graduate,single,46,0
90000,female,graduate,single,23,0
260000,female,graduate,single,33,0
50000,female,graduate,single,24,0
110000,male,graduate,married,40,0
20000,female,graduate,single,24,0
30000,female,university,single,24,0
180000,male,graduate,single,27,1
20000,male,university,married,46,0
50000,female,university,single,22,0
180000,female,graduate,single,36,0
200000,male,graduate,married,34,0
260000,female,university,single,24,0
320000,male,graduate,married,60,1
160000,female,university,single,29,1
30000,male,university,single,32,1
50000,female,university,married,36,0
50000,male,university,single,30,0
90000,female,university,single,29,0
240000,male,graduate,single,34,0
180000,female,university,married,32,1
200000,female,university,married,32,0
50000,female,graduate,single,25,0
50000,male,university,married,44,0
330000,female,graduate,married,37,0
80000,female,university,single,24,1
50000,female,university,single,23,0
360000,female,graduate,single,29,0
240000,female,university,married,37,0
50000,male,university,married,59,0
470000,male,university,single,33,0
160000,female,highschool,married,51,0
30000,male,graduate,married,27,1
80000,female,university,married,32,0
500000,female,highschool,single,42,0
180000,male,university,single,39,0
110000,female,university,married,46,0
160000,male,graduate,married,41,0
210000,female,university,single,30,0
200000,female,graduate,married,34,1
350000,male,graduate,single,35,0
250000,male,graduate,single,41,1
380000,male,graduate,single,43,1
30000,male,university,single,47,0
200000,male,university,single,31,0
30000,male,university,single,30,0
50000,male,university,single,24,0
500000,male,graduate,married,36,0
30000,male,graduate,single,28,0
220000,female,graduate,married,36,0
20000,female,university,married,27,0
180000,female,university,married,32,0
300000,male,graduate,married,42,1
130000,female,university,married,33,0
180000,female,highschool,married,39,1
150000,female,graduate,divorce,30,0
140000,male,university,married,30,1
50000,female,university,single,22,0
20000,male,university,single,25,1
180000,male,graduate,single,28,0
180000,male,university,single,26,1
150000,female,highschool,married,54,0
70000,female,graduate,single,24,0
30000,male,university,single,29,0
500000,male,graduate,single,36,1
60000,male,highschool,married,49,0
50000,female,graduate,single,23,0
130000,male,highschool,single,43,1
260000,female,university,married,33,0
380000,male,highschool,married,53,0
360000,female,university,single,25,0
50000,male,highschool,married,54,0
50000,female,highschool,married,39,0
260000,female,graduate,married,44,1
80000,female,university,single,27,0
360000,female,graduate,single,25,1
290000,female,graduate,single,29,1
200000,male,graduate,single,39,0
140000,male,graduate,married,45,0
360000,male,graduate,married,38,1
50000,female,university,single,23,1
120000,male,university,single,25,0
100000,male,university,married,29,0
200000,female,university,married,28,0
90000,female,university,married,40,0
360000,male,graduate,single,36,1
150000,female,highschool,single,30,1
140000,male,graduate,single,29,0
200000,female,university,single,36,0
170000,female,university,married,37,0
30000,male,university,single,34,0
80000,female,graduate,single,27,0
280000,male,graduate,single,31,0
410000,female,graduate,married,31,0
450000,male,graduate,single,38,0
80000,male,university,single,36,0
360000,male,graduate,married,46,0
130000,female,graduate,married,36,0
160000,female,graduate,single,26,1
140000,female,highschool,single,57,1
240000,female,highschool,married,40,0
180000,female,highschool,other,45,0
70000,male,graduate,divorce,57,0
150000,female,university,single,25,0
210000,female,highschool,married,37,0
200000,female,graduate,married,35,0
310000,male,university,single,33,0
180000,male,graduate,married,38,0
300000,male,university,single,31,0
450000,female,graduate,single,41,0
200000,male,graduate,single,33,0
30000,female,university,married,67,1
400000,female,graduate,married,40,0
170000,male,graduate,single,33,0
140000,female,graduate,single,31,1
200000,female,university,single,35,0
60000,female,university,divorce,39,0
60000,male,university,single,27,1
150000,male,graduate,single,23,0
180000,male,highschool,married,54,1
50000,female,highschool,single,23,0
50000,male,highschool,single,24,0
20000,male,university,single,26,0
230000,female,university,single,52,1
110000,female,university,married,42,0
90000,female,graduate,single,36,0
20000,female,graduate,single,22,1
30000,female,graduate,single,23,0
220000,male,highschool,married,30,1
140000,female,highschool,single,24,1
300000,female,graduate,married,42,0
100000,male,university,married,49,0
110000,male,university,single,31,0
270000,female,highschool,single,33,0
30000,male,graduate,married,42,0
70000,male,highschool,single,41,0
230000,male,university,married,53,0
20000,male,university,single,23,0
190000,female,graduate,single,33,0
20000,female,university,married,29,0
80000,female,highschool,married,67,0
20000,male,highschool,married,33,1
60000,female,highschool,married,34,1
50000,male,university,married,49,0
280000,female,university,married,56,1
300000,male,graduate,married,42,0
30000,female,highschool,married,55,1
270000,female,university,married,25,0
100000,male,highschool,single,30,0
240000,male,university,single,43,1
200000,male,graduate,single,40,0
110000,female,graduate,single,35,0
230000,male,graduate,married,61,0
150000,female,university,married,44,1
350000,male,graduate,single,33,0
360000,male,other,married,66,0
150000,female,university,single,40,0
100000,male,highschool,single,47,0
500000,male,graduate,single,27,0
500000,male,graduate,single,35,0
180000,female,highschool,married,47,0
400000,female,highschool,married,39,0
100000,female,university,single,29,0
10000,male,university,married,32,0
60000,female,graduate,single,30,0
50000,female,graduate,single,25,1
80000,female,university,single,23,0
110000,female,university,married,43,0
410000,female,university,married,41,1
260000,female,university,married,40,0
30000,female,highschool,married,35,0
310000,female,graduate,single,28,0
70000,female,university,single,38,0
250000,male,graduate,single,31,0
210000,male,highschool,married,29,0
360000,male,university,married,41,1
50000,male,university,single,31,0
670000,male,graduate,single,29,0
130000,male,graduate,single,26,0
170000,male,graduate,married,42,0
30000,male,highschool,single,29,0
110000,male,graduate,married,50,0
210000,female,highschool,single,46,1
30000,female,university,single,24,1
260000,female,university,married,46,0
150000,female,highschool,single,28,0
20000,female,university,married,35,1
380000,female,graduate,married,40,0
200000,female,graduate,married,41,0
120000,female,university,married,47,0
80000,male,university,married,54,1
30000,female,university,single,33,0
110000,male,university,single,29,0
50000,female,highschool,married,44,0
90000,female,university,married,24,0
110000,male,graduate,single,33,0
50000,male,highschool,married,54,0
60000,male,graduate,single,27,0
150000,female,university,single,37,1
20000,male,graduate,single,24,0
140000,female,highschool,married,54,1
120000,female,university,married,34,0
200000,female,university,single,40,1
20000,male,university,single,30,1
50000,male,university,single,26,0
200000,female,university,married,41,0
100000,female,university,single,29,0
300000,male,graduate,married,38,0
500000,female,graduate,single,35,0
360000,female,university,married,52,0
160000,female,graduate,single,29,0
50000,female,university,single,23,1
230000,female,university,married,34,1
200000,female,university,single,34,0
270000,male,graduate,married,44,0
50000,female,university,married,36,0
20000,male,university,single,28,0
60000,female,university,single,31,0
50000,male,university,single,31,0
50000,male,university,married,41,0
130000,female,highschool,married,44,0
230000,female,highschool,single,47,0
20000,male,university,single,25,0
30000,female,graduate,single,25,0
200000,female,graduate,married,39,0
140000,female,university,married,24,0
100000,female,university,married,35,1
240000,male,university,married,32,1
70000,female,graduate,single,31,1
360000,male,graduate,single,33,0
140000,female,graduate,single,30,0
50000,male,university,married,52,0
210000,female,university,married,36,0
280000,male,graduate,single,30,0
180000,female,university,single,42,1
150000,female,graduate,single,30,0
20000,male,highschool,married,47,0
350000,female,university,married,29,0
130000,female,graduate,single,23,0
470000,male,highschool,married,39,0
340000,female,university,married,48,0
80000,male,university,single,26,0
70000,male,graduate,single,33,0
230000,female,university,married,44,0
180000,female,university,married,36,0
210000,female,university,married,39,0
20000,male,university,single,24,0
140000,female,university,single,25,0
200000,male,graduate,single,52,0
50000,female,highschool,married,59,0
80000,female,graduate,single,23,0
30000,female,highschool,single,48,0
140000,female,graduate,single,28,1
80000,male,highschool,married,62,0
220000,female,highschool,married,38,0
180000,female,graduate,single,32,0
140000,female,university,married,29,1
180000,male,university,single,25,1
50000,female,university,single,35,0
170000,female,university,single,27,0
50000,male,university,single,38,0
50000,male,university,single,24,0
300000,male,university,married,29,0
390000,female,graduate,single,27,0
90000,female,university,married,55,1
200000,female,graduate,single,29,0
460000,male,graduate,single,29,0
10000,male,university,single,23,0
20000,male,university,married,30,1
50000,female,university,married,50,0
480000,female,university,married,38,0
180000,female,graduate,single,24,0
240000,female,graduate,single,29,0
250000,male,graduate,single,38,0
270000,female,university,single,34,1
200000,male,graduate,married,37,0
100000,female,highschool,married,66,0
160000,female,graduate,married,39,0
80000,female,university,married,45,0
130000,male,university,married,44,0
340000,female,highschool,single,44,1
360000,male,graduate,married,36,0
120000,female,highschool,married,40,0
120000,male,graduate,single,29,0
300000,female,graduate,single,48,0
60000,female,university,single,23,0
210000,female,university,married,50,0
210000,female,university,married,29,1
70000,female,highschool,married,49,1
200000,male,university,married,33,0
230000,female,university,married,51,1
20000,male,highschool,married,23,1
210000,female,graduate,married,37,0
160000,female,highschool,single,26,0
290000,female,graduate,married,30,1
80000,female,highschool,married,26,0
360000,male,graduate,single,43,0
230000,male,graduate,single,32,0
360000,male,highschool,married,54,0
340000,female,graduate,married,30,0
50000,female,graduate,single,22,0
80000,male,university,single,38,0
50000,female,university,single,24,0
30000,female,graduate,single,24,0
210000,male,graduate,single,26,0
150000,female,university,married,42,1
20000,male,university,single,21,0
20000,male,highschool,single,22,1
240000,female,highschool,married,41,0
500000,female,university,married,50,0
90000,female,university,married,23,1
50000,male,highschool,single,46,0
50000,female,university,single,22,1
680000,male,graduate,single,37,0
50000,male,graduate,married,47,0
100000,female,university,married,40,0
280000,female,graduate,single,30,0
30000,male,university,single,54,1
50000,male,university,single,27,1
60000,male,graduate,married,33,0
120000,male,university,married,57,1
80000,female,university,married,35,0
500000,male,graduate,married,45,0
70000,female,highschool,married,32,0
160000,female,university,married,45,0
100000,female,highschool,married,50,1
10000,male,highschool,single,35,0
90000,male,graduate,single,26,0
170000,male,graduate,married,39,1
90000,female,university,single,35,0
180000,female,highschool,single,42,0
350000,female,graduate,married,52,1
270000,male,university,single,35,0
200000,female,graduate,single,29,1
20000,female,graduate,single,22,0
100000,male,university,single,30,0
290000,male,graduate,married,46,0
70000,male,highschool,single,28,0
230000,male,graduate,single,26,0
180000,female,graduate,single,28,0
210000,male,graduate,single,33,0
50000,male,graduate,single,24,0
150000,male,graduate,single,37,0
380000,male,university,married,50,1
50000,male,university,married,44,0
150000,female,highschool,married,43,1
220000,male,university,single,29,0
80000,female,other,single,27,0
220000,female,university,married,32,0
70000,female,university,single,34,0
120000,male,university,single,37,1
180000,female,university,single,32,0
50000,female,highschool,married,57,0
10000,female,university,divorce,46,0
370000,female,graduate,married,53,0
20000,female,graduate,single,26,0
150000,male,university,married,34,0
20000,male,graduate,single,26,1
480000,female,university,married,54,0
50000,male,highschool,single,26,0
170000,male,university,single,31,0
400000,female,university,single,30,0
200000,female,graduate,single,31,0
360000,male,graduate,single,34,0
140000,female,other,single,36,0
260000,male,highschool,married,34,0
440000,female,university,single,26,0
500000,male,university,married,43,0
230000,female,university,married,29,0
470000,male,university,married,41,0
20000,female,highschool,married,48,1
210000,female,university,single,24,0
20000,female,graduate,single,23,0
20000,female,highschool,married,53,0
200000,female,university,married,34,0
250000,female,university,single,36,1
300000,male,university,single,41,0
320000,female,graduate,single,30,0
50000,male,university,single,29,0
200000,female,university,married,34,0
80000,female,graduate,single,29,1
70000,male,university,married,37,1
60000,male,highschool,single,36,0
10000,female,highschool,single,22,1
50000,female,highschool,single,30,0
140000,male,university,single,26,1
30000,male,university,single,25,0
190000,male,university,married,49,0
70000,female,graduate,single,23,0
330000,female,university,married,28,0
110000,female,university,single,24,0
270000,male,highschool,married,47,0
160000,male,university,married,31,1
20000,male,university,single,24,0
320000,male,university,single,32,0
430000,male,graduate,single,31,0
50000,female,graduate,married,37,0
140000,male,university,married,48,1
500000,male,university,married,49,0
80000,male,highschool,married,45,0
390000,female,graduate,married,34,0
250000,female,graduate,married,43,0
390000,female,graduate,single,31,0
100000,female,graduate,married,35,0
360000,female,graduate,married,42,0
140000,male,graduate,single,36,0
110000,male,university,married,51,0
170000,male,highschool,married,48,0
170000,male,university,married,48,0
180000,female,university,single,25,0
140000,male,university,married,41,0
20000,female,university,married,49,0
150000,male,graduate,single,28,0
50000,female,university,single,28,0
160000,female,university,married,38,1
80000,male,university,married,41,0
300000,female,highschool,single,29,1
60000,female,highschool,single,32,0
70000,female,university,single,26,1
290000,female,graduate,single,31,0
80000,female,graduate,single,23,0
50000,female,highschool,married,53,1
200000,female,highschool,single,49,0
200000,female,graduate,married,34,0
50000,female,graduate,single,22,1
20000,female,university,single,26,0
200000,male,graduate,married,38,1
120000,female,graduate,single,35,0
220000,female,university,married,49,0
630000,male,graduate,single,40,0
300000,female,graduate,single,34,0
10000,female,university,single,49,1
50000,male,university,single,29,0
280000,female,graduate,married,39,1
130000,male,graduate,single,30,0
30000,female,highschool,married,28,0
50000,female,university,married,27,0
70000,female,highschool,married,38,0
80000,male,university,single,29,0
20000,female,university,married,22,1
390000,male,graduate,married,41,0
470000,female,university,single,32,0
240000,female,university,single,30,0
140000,female,graduate,single,29,0
260000,female,university,married,37,1
150000,female,graduate,single,25,0
120000,male,graduate,married,46,0
20000,female,university,married,47,0
260000,female,other,single,42,0
50000,male,highschool,single,22,1
180000,female,university,single,27,0
310000,female,other,married,35,0
360000,male,university,married,44,0
180000,female,university,single,30,0
270000,female,graduate,married,42,0
70000,male,graduate,single,28,0
50000,male,university,single,24,0
30000,female,highschool,single,50,0
50000,female,university,married,54,0
350000,male,university,married,37,0
200000,male,graduate,married,58,0
80000,male,highschool,single,26,0
60000,female,university,married,31,0
30000,male,graduate,married,52,0
110000,female,graduate,single,36,0
300000,female,graduate,single,27,0
50000,female,highschool,married,22,0
500000,male,graduate,single,39,0
360000,male,graduate,single,36,0
20000,female,university,married,39,0
220000,male,graduate,married,39,0
20000,female,university,single,22,0
60000,male,university,married,37,1
170000,female,graduate,single,30,0
200000,female,university,married,26,0
20000,female,graduate,single,23,0
140000,female,highschool,single,23,0
330000,female,graduate,single,35,0
180000,female,university,single,24,1
360000,female,university,married,35,0
20000,male,highschool,married,51,0
50000,female,graduate,single,23,0
100000,female,university,married,25,0
30000,male,university,married,36,0
70000,female,university,married,44,1
470000,male,graduate,single,33,0
300000,female,graduate,married,36,0
300000,female,graduate,married,45,1
200000,female,graduate,single,26,0
150000,female,university,married,41,0
220000,female,university,single,25,1
420000,male,graduate,single,31,0
210000,female,university,single,45,0
450000,male,highschool,married,58,0
30000,male,university,married,38,0
240000,male,university,married,30,0
420000,female,university,single,25,0
60000,female,graduate,single,25,0
30000,female,highschool,single,24,0
80000,female,graduate,single,29,0
50000,male,university,single,37,0
230000,male,highschool,single,27,0
200000,male,graduate,single,31,0
230000,female,university,single,28,0
130000,female,university,single,24,0
200000,female,highschool,single,27,0
90000,female,graduate,single,33,0
120000,male,graduate,single,27,0
200000,male,graduate,single,42,0
20000,female,university,single,32,0
210000,female,graduate,married,37,1
80000,female,university,single,44,0
50000,female,graduate,married,29,0
70000,female,university,married,42,1
230000,male,university,single,32,1
20000,male,university,single,52,0
30000,male,university,single,44,0
100000,male,graduate,single,31,1
80000,female,graduate,single,29,1
210000,male,university,single,33,0
50000,male,university,single,54,0
130000,female,university,single,23,0
70000,female,graduate,single,24,0
210000,female,graduate,married,33,0
100000,male,highschool,married,44,1
200000,male,highschool,other,51,0
40000,male,graduate,single,24,1
80000,female,university,single,25,0
210000,female,graduate,married,37,1
20000,female,university,single,23,0
10000,male,highschool,single,34,0
60000,female,highschool,married,50,1
40000,female,university,married,25,0
290000,female,graduate,single,33,1
50000,male,university,married,54,0
20000,male,university,single,25,0
30000,male,university,single,26,0
20000,male,university,married,32,0
50000,female,highschool,divorce,43,0
500000,male,university,married,42,1
90000,female,highschool,single,24,1
10000,male,university,single,26,0
50000,female,university,married,37,1
120000,male,graduate,single,36,0
200000,female,graduate,single,27,0
300000,female,university,married,50,0
90000,female,university,single,24,0
90000,male,university,married,27,0
140000,female,graduate,single,23,1
180000,female,university,married,39,0
360000,male,graduate,married,39,0
160000,female,highschool,single,29,1
100000,male,graduate,married,45,0
20000,male,university,single,21,1
360000,male,graduate,married,36,0
230000,male,university,single,39,0
110000,female,highschool,single,29,1
210000,male,university,single,37,0
200000,male,university,single,26,0
50000,male,university,single,44,0
210000,female,graduate,single,30,1
280000,male,graduate,single,31,0
500000,male,university,married,40,0
30000,female,graduate,single,25,0
340000,female,university,married,36,0
360000,male,graduate,single,32,0
70000,female,graduate,single,22,0
20000,female,university,divorce,44,1
230000,male,graduate,single,32,0
60000,male,university,married,41,0
50000,male,graduate,single,28,1
50000,female,graduate,single,29,1
130000,female,other,single,28,0
160000,male,highschool,single,52,0
60000,female,highschool,single,48,0
160000,male,university,single,43,0
180000,female,graduate,single,25,0
170000,male,university,married,36,0
360000,female,university,single,35,1
130000,female,university,married,34,0
180000,female,university,single,48,0
20000,male,graduate,single,27,0
230000,female,university,married,43,0
220000,female,university,married,30,0
240000,male,university,married,43,0
50000,male,highschool,married,54,0
310000,female,university,married,39,0
350000,male,graduate,married,70,0
50000,female,graduate,single,24,0
200000,female,university,married,30,0
480000,male,highschool,single,53,0
180000,female,graduate,married,27,1
200000,female,university,single,33,0
20000,male,highschool,married,34,0
50000,male,university,single,48,0
210000,female,highschool,single,33,1
20000,female,university,single,24,0
150000,female,university,married,31,0
50000,female,university,single,25,0
190000,male,highschool,married,49,1
290000,female,graduate,single,27,0
420000,male,university,married,39,0
340000,female,university,single,36,0
60000,male,university,single,40,0
90000,female,graduate,single,27,0
30000,female,graduate,single,27,1
160000,female,university,married,37,0
20000,male,university,single,35,0
90000,female,university,married,25,1
120000,male,graduate,single,27,0
120000,male,graduate,single,38,0
360000,female,university,married,50,0
160000,female,graduate,single,32,0
320000,female,graduate,married,34,0
20000,male,university,single,25,0
230000,female,graduate,single,29,0
50000,male,highschool,married,44,0
50000,male,highschool,married,48,0
40000,female,highschool,single,24,0
120000,female,highschool,married,27,0
130000,female,university,single,25,1
110000,female,highschool,single,28,0
20000,male,university,single,22,1
50000,male,highschool,single,22,0
120000,female,highschool,married,30,0
50000,male,highschool,single,34,0
360000,female,university,single,34,1
240000,female,university,married,44,1
150000,male,graduate,single,32,0
50000,female,university,single,23,0
500000,female,graduate,single,42,1
110000,female,university,married,33,0
170000,male,university,married,48,1
230000,female,university,married,29,0
20000,female,highschool,divorce,47,0
100000,female,graduate,married,41,0
110000,male,graduate,single,28,0
340000,male,graduate,married,52,1
50000,male,graduate,single,37,0
310000,male,graduate,married,50,0
50000,female,highschool,married,31,1
240000,female,highschool,married,38,1
50000,female,university,married,48,0
150000,female,graduate,single,34,0
140000,male,university,single,44,0
30000,female,highschool,married,56,0
300000,female,graduate,married,30,1
50000,male,graduate,single,29,0
280000,female,university,married,37,0
120000,female,university,single,23,0
30000,female,graduate,married,27,0
30000,female,university,single,23,1
180000,male,highschool,married,45,0
150000,male,university,married,33,0
110000,female,university,married,40,0
50000,male,graduate,single,24,1
230000,female,highschool,married,43,0
230000,female,university,single,25,0
160000,female,graduate,single,46,0
50000,male,highschool,single,36,0
210000,female,graduate,married,36,0
120000,female,university,married,38,0
240000,female,university,married,42,0
20000,male,highschool,divorce,47,0
50000,female,highschool,single,40,0
50000,female,graduate,single,70,0
50000,female,university,married,32,0
100000,male,highschool,single,52,0
390000,female,graduate,married,49,0
550000,male,graduate,single,31,0
450000,female,university,single,36,0
80000,female,university,married,50,0
50000,female,highschool,married,48,0
50000,female,university,single,33,0
180000,male,university,married,44,0
240000,male,graduate,single,35,0
320000,female,highschool,single,29,0
480000,female,university,married,35,0
150000,female,university,married,37,0
110000,female,graduate,single,29,0
240000,male,graduate,single,30,0
50000,male,graduate,single,33,1
120000,male,university,single,27,0
150000,female,graduate,married,31,0
100000,female,highschool,single,53,0
260000,female,university,single,38,0
250000,female,university,single,26,0
100000,female,university,single,26,0
160000,male,graduate,married,51,1
270000,female,graduate,married,37,1
390000,female,university,single,42,0
210000,female,university,married,43,0
30000,female,university,single,23,0
300000,female,highschool,married,30,0
190000,female,highschool,married,38,0
130000,female,graduate,married,35,1
360000,male,university,married,44,0
320000,male,graduate,married,35,1
20000,male,university,divorce,35,1
360000,male,graduate,married,32,0
190000,female,university,single,25,0
90000,female,university,single,33,1
30000,female,graduate,single,26,0
240000,male,graduate,single,29,0
40000,female,graduate,single,26,0
170000,male,university,single,36,0
180000,male,graduate,single,37,0
20000,male,highschool,married,63,1
150000,female,highschool,married,48,0
50000,female,university,married,47,1
140000,female,highschool,married,31,0
50000,male,highschool,single,31,0
200000,male,graduate,single,34,0
100000,female,graduate,married,43,0
250000,female,graduate,single,32,0
80000,female,graduate,single,38,0
170000,female,university,married,50,0
80000,male,highschool,single,29,0
50000,male,university,married,49,0
30000,female,highschool,single,40,0
70000,female,graduate,single,34,1
30000,female,highschool,married,47,0
200000,male,graduate,married,34,0
100000,female,university,single,27,0
20000,male,university,single,44,1
200000,male,graduate,single,29,0
50000,male,highschool,married,72,1
50000,male,university,married,48,1
50000,female,graduate,single,27,1
220000,male,university,married,44,0
240000,female,highschool,married,39,0
50000,male,graduate,married,40,0
500000,female,graduate,married,45,0
170000,male,graduate,single,26,0
30000,male,graduate,married,34,0
300000,male,graduate,married,43,1
50000,male,university,single,30,0
100000,female,highschool,married,31,0
150000,female,graduate,single,29,1
50000,male,graduate,single,28,0
190000,female,university,single,31,0
20000,female,highschool,single,22,0
50000,female,highschool,married,55,0
30000,female,university,married,39,1
90000,female,graduate,single,27,0
500000,female,graduate,single,36,1
280000,male,graduate,married,40,0
30000,male,university,married,31,0
90000,female,university,married,36,0
200000,male,university,married,42,1
100000,male,university,single,30,0
20000,male,highschool,single,40,0
50000,male,university,married,51,0
50000,female,university,divorce,51,0
290000,male,highschool,single,32,0
220000,female,graduate,single,36,0
440000,male,graduate,married,37,0
50000,male,university,single,49,1
300000,male,graduate,single,31,0
290000,female,graduate,married,50,0
390000,male,university,married,40,0
50000,female,university,single,24,0
220000,female,university,single,31,1
150000,female,university,single,29,0
50000,male,graduate,single,24,0
200000,male,graduate,married,44,0
120000,female,university,single,30,0
230000,female,graduate,married,61,0
180000,female,university,married,28,0
20000,male,graduate,single,22,0
20000,male,university,single,23,0
50000,male,highschool,married,46,1
290000,female,graduate,single,24,0
290000,female,university,single,54,0
150000,female,graduate,single,27,0
190000,female,university,single,53,0
80000,female,university,single,25,1
250000,male,highschool,married,47,0
20000,male,university,married,35,1
180000,female,highschool,married,45,0
80000,male,graduate,single,25,0
300000,male,graduate,single,31,0
50000,female,highschool,married,51,0
70000,female,graduate,married,40,0
150000,female,graduate,single,30,1
320000,female,graduate,single,29,0
60000,female,graduate,single,24,0
20000,male,highschool,single,32,1
230000,male,graduate,single,35,0
310000,female,university,married,29,0
230000,female,graduate,single,36,0
200000,female,graduate,married,40,0
100000,female,graduate,single,30,1
310000,male,university,married,64,0
180000,male,highschool,married,33,1
390000,female,graduate,married,38,0
20000,female,graduate,single,26,0
50000,female,university,married,26,0
140000,male,graduate,single,29,0
170000,male,graduate,single,37,1
250000,female,university,married,45,0
50000,female,highschool,married,40,1
250000,female,graduate,single,36,0
90000,male,graduate,single,27,0
90000,male,university,married,44,1
160000,female,graduate,single,27,0
360000,male,university,single,29,0
330000,female,graduate,single,26,0
50000,female,highschool,married,54,0
60000,female,university,married,42,1
10000,female,highschool,single,42,0
70000,male,university,married,41,0
150000,female,graduate,married,31,1
250000,female,university,single,33,1
130000,female,highschool,married,33,0
130000,male,graduate,single,27,0
100000,female,university,married,36,0
130000,male,university,single,37,0
80000,female,university,single,29,1
380000,male,graduate,single,41,0
20000,female,university,single,23,1
20000,male,university,single,25,0
140000,male,graduate,married,54,1
180000,male,graduate,single,33,0
230000,female,graduate,single,29,0
90000,male,graduate,single,32,0
160000,male,university,single,29,0
50000,female,graduate,single,22,0
140000,female,university,single,29,0
250000,female,university,married,31,0
120000,female,university,single,24,0
120000,female,graduate,single,27,0
260000,female,university,married,40,0
10000,male,university,single,38,1
60000,female,university,married,38,0
60000,female,university,married,29,0
50000,male,university,single,27,0
130000,male,highschool,married,34,0
130000,male,graduate,single,34,0
360000,female,graduate,single,32,0
80000,female,university,married,36,0
50000,male,university,single,26,0
290000,female,graduate,married,33,0
200000,male,graduate,married,53,0
20000,male,university,single,27,0
500000,male,graduate,single,33,0
130000,female,graduate,single,26,0
30000,female,graduate,single,27,1
20000,female,graduate,single,24,1
70000,female,university,single,26,0
200000,male,graduate,single,27,0
50000,female,university,married,46,1
360000,male,university,married,56,0
50000,female,highschool,married,56,0
180000,female,highschool,married,26,0
50000,male,university,single,25,1
120000,female,graduate,single,28,0
80000,female,university,married,37,1
330000,female,graduate,married,47,0
40000,male,highschool,married,43,1
50000,male,university,single,26,0
80000,male,highschool,married,48,0
450000,male,graduate,married,41,0
30000,female,highschool,married,48,0
160000,male,university,married,28,0
80000,female,graduate,single,22,0
400000,male,university,married,34,0
220000,male,university,married,60,1
40000,female,university,married,25,1
280000,female,university,single,27,0
50000,female,graduate,single,25,0
110000,male,university,single,26,0
180000,female,graduate,married,44,0
200000,female,graduate,single,26,0
390000,female,graduate,single,33,0
400000,female,graduate,single,29,0
120000,female,highschool,single,37,1
200000,male,graduate,single,34,0
280000,male,university,married,33,0
230000,female,graduate,single,27,0
280000,female,graduate,married,36,0
130000,male,highschool,single,28,0
160000,female,university,married,35,1
120000,male,highschool,married,47,0
300000,female,highschool,married,31,0
20000,female,graduate,single,31,0
450000,male,graduate,single,31,1
250000,male,university,married,30,0
100000,female,university,married,58,0
150000,female,university,single,27,0
140000,male,university,single,35,0
500000,female,graduate,single,46,0
20000,male,university,single,36,0
50000,male,university,single,53,0
100000,male,university,single,39,1
200000,female,university,single,27,0
150000,female,university,single,37,0
80000,male,graduate,single,23,0
160000,male,graduate,married,40,0
180000,female,university,married,44,0
270000,female,graduate,married,32,0
180000,female,graduate,single,41,0
120000,male,graduate,married,54,1
110000,female,graduate,single,29,0
50000,female,highschool,married,61,0
200000,female,highschool,single,30,0
70000,female,highschool,married,23,0
360000,female,university,single,30,0
260000,female,university,married,35,1
50000,male,highschool,married,32,0
380000,female,university,married,39,0
50000,male,university,single,24,0
20000,male,highschool,married,38,1
270000,male,other,single,32,0
460000,male,graduate,single,32,0
60000,male,highschool,single,24,0
200000,female,graduate,married,35,0
50000,female,university,single,37,1
20000,female,graduate,single,22,0
290000,female,university,married,40,1
110000,female,university,single,36,0
160000,female,highschool,married,51,1
70000,female,university,married,31,0
200000,female,graduate,single,39,1
80000,female,university,single,40,0
20000,male,graduate,single,41,1
210000,male,graduate,single,48,0
180000,female,highschool,married,39,1
50000,male,university,divorce,53,0
30000,male,university,single,26,1
150000,male,graduate,single,30,0
150000,male,graduate,single,28,1
260000,male,graduate,married,43,0
310000,female,graduate,single,30,0
150000,female,graduate,single,33,0
200000,female,graduate,single,27,0
150000,male,highschool,single,45,0
220000,female,university,married,54,0
540000,female,graduate,single,34,0
280000,male,university,single,30,0
230000,male,university,single,32,0
50000,male,graduate,married,39,0
20000,female,university,single,24,0
10000,male,university,single,35,1
500000,male,graduate,married,46,0
50000,female,university,single,24,0
420000,female,university,single,35,0
50000,female,university,single,23,0
280000,female,graduate,single,29,0
50000,male,university,married,46,0
160000,female,highschool,married,41,1
40000,female,university,married,23,1
100000,female,university,married,31,0
50000,female,graduate,single,26,0
130000,female,highschool,single,32,0
30000,female,university,single,22,0
140000,male,university,married,34,1
210000,female,university,married,32,0
50000,male,university,married,38,0
310000,male,university,married,29,0
300000,female,graduate,married,31,0
30000,female,university,single,47,1
90000,female,highschool,married,40,0
150000,female,university,married,34,1
90000,male,graduate,single,25,0
80000,female,highschool,single,65,0
100000,female,graduate,single,28,1
10000,male,university,single,33,0
210000,male,graduate,single,31,0
170000,female,university,married,41,0
90000,female,university,married,32,0
210000,female,highschool,single,36,1
50000,female,graduate,single,26,0
150000,male,graduate,married,30,0
80000,female,graduate,single,30,0
130000,female,graduate,married,38,1
100000,male,university,single,30,1
160000,male,graduate,married,41,0
250000,male,university,single,31,0
500000,female,university,married,42,0
260000,male,university,single,32,0
50000,female,university,married,44,0
30000,female,university,single,22,0
110000,female,university,single,42,0
500000,male,graduate,married,39,0
310000,female,graduate,single,32,0
580000,male,university,married,37,0
340000,female,graduate,married,36,0
360000,female,university,married,42,0
290000,female,graduate,single,29,0
30000,male,university,single,36,0
80000,female,graduate,single,29,0
360000,male,graduate,married,38,1
170000,female,graduate,single,31,0
100000,male,university,married,42,0
450000,male,university,single,37,0
260000,female,graduate,single,33,0
240000,female,graduate,single,29,0
110000,female,university,single,28,0
240000,female,university,single,26,0
220000,female,university,single,35,0
20000,male,university,married,33,0
100000,female,graduate,married,51,1
300000,male,graduate,single,32,0
20000,male,university,single,33,1
360000,female,graduate,single,30,0
220000,male,graduate,single,28,1
470000,female,university,single,26,0
70000,female,university,single,22,0
120000,female,graduate,single,26,0
50000,male,university,single,35,0
470000,male,university,married,49,0
130000,male,university,married,49,0
20000,female,graduate,single,24,1
260000,female,graduate,single,36,0
20000,male,graduate,married,39,0
300000,female,graduate,single,28,1
460000,female,university,single,35,0
20000,female,graduate,single,24,1
360000,female,university,single,27,1
290000,male,graduate,married,40,0
90000,male,graduate,married,30,0
180000,female,graduate,single,26,0
360000,male,highschool,married,53,0
120000,male,graduate,married,45,0
220000,male,university,single,30,0
220000,male,graduate,single,34,1
10000,female,graduate,single,27,1
320000,female,university,single,31,0
320000,male,graduate,married,33,0
90000,male,university,single,39,0
180000,male,graduate,married,50,0
90000,female,graduate,single,28,0
100000,male,graduate,married,36,0
340000,male,university,married,41,0
50000,male,graduate,single,22,1
240000,female,university,married,41,0
10000,male,university,single,41,0
220000,female,graduate,married,42,1
100000,female,university,single,37,0
220000,female,graduate,married,31,0
70000,female,highschool,married,57,0
30000,female,university,single,37,1
130000,female,highschool,single,53,0
140000,female,university,married,25,0
20000,male,university,single,32,0
150000,female,graduate,married,38,1
50000,female,university,single,26,0
90000,male,university,married,29,0
170000,female,highschool,married,37,0
70000,male,graduate,single,30,1
200000,female,graduate,single,43,0
200000,male,graduate,married,42,0
20000,male,university,married,40,1
200000,male,university,married,41,0
170000,male,university,single,26,0
130000,male,graduate,single,25,1
100000,female,graduate,single,27,0
180000,male,university,single,31,0
230000,female,highschool,single,26,0
20000,male,highschool,single,50,0
500000,female,graduate,married,35,1
150000,female,graduate,married,38,1
80000,female,highschool,single,40,1
230000,male,university,married,29,0
80000,male,graduate,single,37,1
230000,female,university,single,24,0
50000,female,university,single,49,1
50000,male,university,single,35,0
10000,female,graduate,single,25,0
140000,male,university,single,34,0
50000,male,university,single,42,1
180000,male,highschool,single,28,0
360000,male,graduate,single,65,1
580000,male,highschool,married,67,0
310000,female,graduate,married,43,0
20000,male,highschool,single,52,0
180000,female,graduate,single,43,0
60000,female,graduate,single,24,0
40000,female,highschool,married,59,0
140000,female,university,married,34,0
220000,male,university,married,32,0
10000,male,university,single,22,1
20000,male,graduate,married,52,0
50000,female,graduate,single,23,0
50000,female,university,single,33,1
320000,female,university,single,35,0
20000,male,university,single,34,0
50000,male,university,married,40,0
340000,male,graduate,married,49,0
360000,female,university,married,32,1
300000,female,university,married,33,0
40000,female,university,single,26,0
150000,male,graduate,married,51,0
20000,female,university,single,40,1
30000,female,highschool,married,35,0
80000,female,university,married,27,0
390000,female,highschool,married,38,1
20000,female,university,single,22,1
200000,male,university,married,42,1
80000,female,highschool,married,35,0
50000,female,university,married,36,1
230000,female,university,married,38,0
190000,female,university,single,31,0
260000,male,highschool,married,36,0
100000,female,graduate,married,39,0
140000,male,university,single,41,0
20000,female,university,married,42,1
80000,male,university,single,30,0
360000,male,graduate,single,32,0
70000,male,university,single,31,1
30000,female,university,married,24,1
500000,female,graduate,married,39,0
320000,female,university,single,30,0
500000,female,graduate,married,34,0
240000,female,graduate,married,27,0
50000,female,graduate,single,25,0
120000,female,university,married,39,0
250000,female,graduate,single,32,0
180000,female,university,married,39,0
10000,female,university,single,22,0
200000,female,highschool,married,53,0
120000,female,graduate,single,29,0
230000,male,university,married,38,0
330000,female,graduate,married,36,0
50000,female,university,single,28,1
130000,male,university,single,32,0
110000,male,university,single,26,1
30000,female,highschool,single,40,0
120000,female,graduate,single,25,0
120000,female,graduate,single,28,0
210000,female,university,married,40,0
30000,male,university,married,47,0
50000,male,highschool,single,27,0
140000,female,university,single,42,0
140000,male,highschool,married,37,0
50000,male,university,married,55,0
130000,male,highschool,married,46,1
80000,female,university,single,30,1
50000,female,highschool,married,51,0
100000,male,graduate,married,35,0
220000,male,university,married,48,0
260000,female,university,married,28,0
320000,male,graduate,single,40,0
80000,female,university,married,30,0
140000,male,graduate,single,55,0
180000,male,university,married,26,1
80000,male,other,single,23,0
250000,male,university,single,40,0
80000,male,graduate,single,33,0
30000,male,highschool,married,50,1
120000,female,university,married,26,0
120000,female,university,single,29,0
20000,male,university,married,29,0
50000,male,university,single,40,0
250000,male,university,married,50,0
260000,male,graduate,single,37,0
180000,female,graduate,single,27,0
20000,male,highschool,married,49,0
150000,male,university,married,55,1
260000,male,graduate,single,34,0
230000,male,graduate,married,43,0
70000,female,graduate,single,24,0
160000,female,graduate,married,33,0
50000,female,university,married,42,0
170000,male,university,married,37,0
210000,female,highschool,married,39,0
230000,male,graduate,single,28,0
110000,male,university,married,36,1
80000,female,university,married,39,0
90000,female,university,married,54,0
90000,female,graduate,married,41,1
250000,female,graduate,married,42,0
270000,male,university,single,31,0
20000,male,highschool,single,23,0
80000,female,other,single,34,0
20000,male,graduate,single,23,0
150000,female,university,married,36,0
80000,female,highschool,married,37,1
130000,female,university,married,47,0
320000,female,graduate,single,28,0
50000,female,graduate,single,24,1
260000,female,university,married,34,0
140000,female,graduate,single,35,0
10000,female,highschool,married,53,1
180000,male,graduate,single,30,0
250000,male,graduate,married,71,0
20000,male,graduate,single,23,1
50000,male,highschool,single,28,0
120000,female,graduate,married,38,0
160000,female,university,married,49,0
60000,female,university,single,22,0
130000,male,university,single,31,0
320000,male,university,married,41,1
50000,female,university,married,43,0
50000,male,university,single,33,1
70000,female,university,married,44,1
80000,female,university,married,44,0
230000,male,university,single,27,1
20000,male,highschool,single,43,1
20000,female,highschool,single,39,0
360000,male,university,single,42,0
90000,female,graduate,single,28,0
160000,female,university,married,34,0
50000,male,graduate,single,36,0
220000,female,graduate,single,27,0
350000,male,graduate,single,42,1
120000,female,graduate,single,29,0
210000,female,graduate,single,30,0
100000,female,university,married,31,0
50000,female,highschool,single,52,1
340000,female,graduate,single,26,0
140000,male,graduate,married,57,1
50000,male,university,single,42,0
50000,male,university,single,31,0
90000,female,graduate,single,27,0
160000,male,university,married,66,1
250000,male,university,single,27,0
50000,male,graduate,single,23,0
300000,female,university,married,36,0
230000,female,university,single,34,0
260000,male,graduate,married,43,1
60000,female,graduate,single,22,0
140000,male,highschool,married,41,0
70000,female,highschool,divorce,49,1
20000,male,highschool,married,41,1
20000,female,university,married,27,1
170000,male,other,married,28,0
150000,female,highschool,other,55,0
50000,male,university,single,26,0
60000,male,graduate,married,49,1
230000,female,graduate,single,29,0
100000,male,university,single,30,0
150000,male,graduate,single,24,0
70000,male,university,single,51,0
150000,male,graduate,single,25,0
50000,female,university,single,25,0
110000,female,graduate,single,29,1
290000,female,graduate,single,25,1
310000,female,university,single,42,0
80000,female,university,married,38,0
220000,male,graduate,married,54,0
230000,female,university,married,62,0
360000,male,graduate,married,52,0
320000,male,graduate,married,48,0
20000,male,graduate,single,30,0
360000,female,university,single,35,0
360000,female,university,married,38,0
440000,female,graduate,married,37,0
400000,male,university,married,49,1
180000,male,university,married,35,0
230000,female,graduate,single,30,0
200000,female,graduate,single,29,0
230000,male,graduate,married,34,0
50000,male,university,married,53,0
270000,male,graduate,single,36,0
440000,female,university,single,29,0
340000,male,graduate,married,53,0
320000,male,university,single,35,0
500000,female,university,single,36,0
30000,female,university,married,33,0
120000,female,highschool,single,55,0
310000,male,graduate,single,37,0
110000,female,highschool,single,31,0
400000,male,university,single,31,0
150000,female,graduate,married,55,0
50000,male,graduate,married,42,0
270000,male,university,married,27,0
30000,female,highschool,married,39,1
30000,male,graduate,married,57,1
20000,male,university,single,24,0
50000,female,university,single,22,0
100000,male,university,married,50,0
200000,female,graduate,single,29,0
500000,male,graduate,married,38,0
190000,male,university,married,43,0
130000,male,university,married,47,0
50000,male,university,single,23,0
10000,male,highschool,single,22,0
1000000,female,graduate,married,47,0
150000,female,highschool,married,35,0
20000,male,university,married,37,1
140000,female,graduate,single,30,1
210000,female,graduate,married,45,0
360000,male,highschool,married,53,0
60000,male,graduate,single,30,0
30000,male,university,married,33,0
140000,female,university,married,37,0
20000,female,graduate,single,21,0
120000,female,university,single,32,1
80000,male,graduate,married,45,0
50000,female,university,married,41,0
360000,female,graduate,single,27,0
500000,male,graduate,single,30,0
10000,male,university,single,21,0
210000,male,university,single,25,0
50000,male,highschool,single,41,0
200000,female,graduate,married,38,0
300000,female,graduate,single,36,0
110000,male,university,single,24,1
50000,male,university,single,58,1
340000,female,graduate,married,41,1
50000,female,university,married,32,1
110000,male,highschool,single,63,0
600000,male,highschool,married,38,0
160000,male,graduate,single,32,0
450000,male,graduate,married,38,0
60000,male,graduate,single,31,1
310000,male,graduate,married,43,1
20000,female,university,married,24,0
60000,female,university,single,29,0
170000,female,university,married,38,0
190000,female,graduate,married,50,0
230000,female,graduate,single,49,1
80000,female,graduate,single,25,0
120000,female,highschool,married,50,0
20000,male,university,single,30,0
140000,female,university,married,26,0
50000,male,university,single,24,0
180000,female,graduate,married,35,0
150000,female,highschool,married,50,0
300000,female,graduate,single,35,0
380000,female,graduate,married,45,0
90000,female,highschool,single,27,1
10000,female,university,single,22,0
90000,female,highschool,single,28,1
240000,male,graduate,married,34,0
180000,female,highschool,married,32,0
140000,male,graduate,single,32,0
280000,male,university,married,36,1
120000,female,graduate,single,30,1
550000,female,university,married,32,1
170000,female,university,single,30,0
50000,female,university,married,36,0
140000,female,university,married,35,0
10000,male,highschool,single,48,0
240000,female,highschool,married,32,0
30000,female,university,single,24,0
30000,female,university,single,25,1
200000,female,university,single,36,0
140000,female,university,single,33,0
200000,female,highschool,single,28,0
80000,female,university,single,37,0
100000,male,highschool,single,30,1
220000,male,university,single,26,0
80000,female,university,single,25,0
350000,female,graduate,single,27,0
50000,female,university,single,26,1
360000,male,university,married,39,0
230000,female,university,married,33,0
30000,male,university,married,39,1
70000,female,university,single,24,0
70000,female,university,single,23,0
150000,female,graduate,married,44,0
360000,male,graduate,single,35,0
210000,female,university,married,56,0
50000,male,university,single,29,0
180000,female,university,single,48,0
210000,male,graduate,married,40,0
160000,female,highschool,married,53,0
50000,female,highschool,married,37,1
200000,female,university,married,35,0
20000,female,university,single,41,0
500000,male,highschool,married,56,0
90000,female,highschool,married,49,0
70000,female,graduate,single,29,0
50000,female,highschool,married,49,1
180000,male,graduate,married,37,0
50000,male,university,single,27,0
230000,female,university,single,33,0
70000,male,university,single,28,0
30000,male,highschool,single,39,1
10000,male,highschool,divorce,54,0
90000,male,highschool,married,35,0
80000,female,highschool,married,43,1
360000,female,graduate,married,46,0
150000,female,graduate,single,29,1
200000,female,graduate,married,32,0
300000,female,highschool,single,38,0
500000,male,graduate,married,37,1
210000,male,graduate,single,27,0
80000,female,university,single,33,0
200000,female,graduate,married,44,0
230000,female,graduate,married,30,1
60000,female,graduate,married,29,0
180000,male,university,single,32,1
80000,male,university,married,26,0
220000,female,graduate,married,44,0
30000,female,university,married,26,0
30000,female,graduate,single,30,0
30000,male,university,single,25,0
150000,male,university,married,40,0
30000,female,university,married,47,0
180000,male,university,single,26,0
30000,male,graduate,single,56,0
240000,female,graduate,single,28,0
120000,female,university,single,31,0
150000,female,highschool,married,43,0
180000,female,graduate,married,47,0
50000,male,university,married,46,0
360000,female,graduate,single,26,1
30000,female,highschool,divorce,60,0
50000,male,university,married,24,0
30000,female,university,married,39,0
50000,female,graduate,single,53,0
90000,male,university,single,30,0
200000,female,university,single,39,1
50000,male,highschool,single,52,0
80000,female,university,single,40,0
50000,female,university,single,41,0
200000,female,university,single,23,0
90000,female,university,married,36,0
240000,male,graduate,single,28,0
90000,female,graduate,single,29,1
10000,male,graduate,single,23,0
210000,female,graduate,married,38,0
140000,female,university,single,26,0
50000,female,graduate,married,29,0
50000,female,university,married,28,1
230000,female,highschool,married,45,0
150000,female,university,single,27,0
240000,male,university,married,36,0
80000,male,university,single,25,0
140000,female,highschool,single,33,0
290000,male,university,married,50,0
80000,male,other,married,29,0
400000,male,university,married,34,0
20000,male,highschool,divorce,46,0
360000,male,graduate,single,30,0
260000,female,university,single,25,1
30000,male,graduate,single,28,0
130000,male,university,single,27,1
490000,male,graduate,married,41,0
580000,male,graduate,married,42,0
20000,male,university,married,34,1
180000,female,graduate,single,32,0
90000,female,graduate,single,26,0
90000,male,university,single,25,0
440000,female,graduate,married,54,1
280000,female,university,married,52,0
230000,male,graduate,single,29,0
300000,male,university,single,35,0
20000,female,university,married,41,0
80000,female,university,single,26,0
20000,male,university,single,24,0
220000,male,graduate,single,34,1
210000,female,university,married,44,0
130000,male,highschool,single,49,1
400000,male,graduate,married,66,0
120000,female,graduate,single,25,0
460000,female,university,married,33,0
230000,female,graduate,married,42,0
210000,male,university,single,28,0
30000,female,university,single,23,0
50000,female,highschool,married,39,0
250000,female,graduate,single,29,0
50000,female,university,single,25,1
40000,male,university,married,38,1
230000,male,university,married,35,0
210000,male,graduate,single,33,1
60000,male,university,single,30,1
500000,female,graduate,married,41,0
110000,female,university,single,28,0
400000,male,graduate,married,44,0
280000,male,graduate,married,51,0
60000,male,university,married,35,0
100000,male,highschool,married,47,0
230000,female,university,single,42,0
80000,female,highschool,single,24,0
110000,female,university,married,43,0
390000,male,graduate,married,47,0
150000,female,university,single,39,0
180000,male,university,single,29,1
500000,male,graduate,single,32,0
50000,male,highschool,married,32,1
20000,female,highschool,single,49,0
130000,female,university,single,24,0
110000,female,highschool,married,27,0
200000,male,university,married,29,0
50000,female,university,married,47,0
130000,male,graduate,single,29,0
260000,male,university,single,28,0
180000,male,university,married,30,0
330000,female,graduate,married,29,0
80000,female,university,single,29,0
320000,male,graduate,single,32,1
20000,male,university,single,38,0
50000,female,highschool,single,43,1
210000,female,highschool,married,40,0
420000,male,university,single,31,1
210000,female,university,single,35,0
160000,female,university,married,42,0
20000,female,graduate,single,25,0
360000,male,graduate,single,35,0
30000,male,university,divorce,50,1
50000,male,university,single,27,0
30000,male,university,married,38,1
30000,female,university,single,24,0
280000,female,university,single,24,0
30000,female,highschool,single,24,1
20000,male,university,single,33,0
300000,female,graduate,married,51,0
180000,female,graduate,single,35,0
20000,female,university,married,24,1
80000,female,highschool,married,39,0
20000,female,university,married,47,0
60000,male,graduate,single,29,0
20000,male,university,single,22,0
30000,female,highschool,married,67,0
50000,male,graduate,single,33,1
80000,male,graduate,married,47,0
170000,female,university,single,24,1
160000,male,graduate,married,36,1
130000,male,graduate,single,27,0
30000,female,university,married,34,1
100000,female,graduate,single,36,0
120000,female,university,single,25,1
150000,female,graduate,married,49,1
100000,female,highschool,married,24,1
30000,male,university,single,24,1
160000,female,university,single,45,0
120000,female,highschool,married,48,0
160000,female,graduate,single,40,0
340000,female,graduate,married,35,1
240000,male,highschool,married,55,0
30000,female,highschool,married,42,0
50000,male,university,married,54,0
200000,male,university,single,25,1
80000,female,university,single,44,0
50000,female,university,single,41,1
130000,female,university,married,29,0
290000,male,graduate,married,57,1
30000,female,highschool,married,44,1
340000,male,highschool,married,40,0
180000,female,graduate,single,28,0
60000,female,graduate,single,23,0
390000,female,graduate,single,25,0
460000,male,graduate,married,35,0
500000,male,graduate,married,51,0
30000,female,university,married,44,0
80000,female,university,single,25,0
250000,female,university,married,41,0
280000,female,graduate,single,26,0
30000,female,university,single,26,1
30000,male,graduate,single,28,1
20000,male,university,single,27,1
380000,female,highschool,married,56,1
100000,female,highschool,married,29,1
180000,male,university,single,32,1
80000,female,graduate,single,25,0
220000,male,graduate,single,31,0
170000,female,university,single,26,0
140000,female,graduate,single,29,1
20000,male,graduate,single,29,1
100000,female,highschool,married,38,0
50000,female,highschool,married,47,0
300000,female,university,single,30,0
30000,female,highschool,single,25,0
50000,male,highschool,married,53,0
160000,male,university,single,37,0
80000,male,university,single,27,0
140000,female,university,married,28,0
20000,male,university,single,23,1
50000,male,highschool,married,51,0
200000,female,graduate,single,34,1
80000,female,university,married,23,1
80000,female,university,single,27,0
210000,female,graduate,single,39,0
260000,male,university,married,28,0
200000,male,university,married,46,1
110000,female,university,married,33,1
10000,male,university,single,23,0
200000,male,graduate,single,30,0
300000,male,graduate,single,31,1
360000,female,graduate,married,39,0
290000,female,university,married,32,0
30000,male,highschool,married,26,1
300000,male,graduate,married,47,0
300000,female,graduate,single,28,0
210000,female,highschool,single,45,0
50000,male,highschool,married,36,1
340000,female,graduate,single,26,0
330000,male,graduate,married,34,1
220000,female,graduate,single,28,0
100000,female,university,single,30,0
260000,male,graduate,single,30,1
180000,male,university,single,30,0
200000,male,university,married,44,0
110000,female,highschool,single,41,1
20000,male,university,single,48,1
60000,male,graduate,single,25,0
30000,male,highschool,married,28,1
30000,female,graduate,single,24,1
420000,female,graduate,married,37,1
340000,male,graduate,married,34,1
270000,male,university,married,38,0
360000,female,other,single,36,0
230000,female,graduate,single,25,0
50000,female,university,married,33,0
230000,female,graduate,single,28,0
200000,female,graduate,married,38,0
100000,female,university,single,24,0
150000,female,university,married,47,0
50000,male,highschool,single,28,0
60000,male,university,single,29,0
70000,female,university,single,30,0
20000,male,university,single,23,0
50000,female,university,single,25,0
500000,female,graduate,married,33,0
390000,male,highschool,married,49,0
90000,female,graduate,single,27,0
10000,male,university,single,22,0
30000,male,university,single,24,1
240000,male,highschool,married,35,1
180000,female,graduate,single,29,0
70000,female,university,single,23,0
50000,male,university,single,26,0
20000,male,highschool,married,46,0
260000,female,university,married,36,1
160000,male,university,married,26,1
250000,female,graduate,married,42,0
20000,male,graduate,married,49,0
210000,male,highschool,married,37,0
100000,female,graduate,married,35,1
100000,male,graduate,single,28,0
230000,female,university,married,34,0
20000,male,university,single,25,1
40000,male,graduate,single,24,1
100000,male,highschool,married,51,0
20000,male,highschool,single,26,0
140000,male,university,single,32,0
50000,male,highschool,single,23,0
30000,female,university,single,26,0
80000,male,university,single,28,0
20000,female,highschool,married,31,1
210000,female,graduate,single,26,0
220000,female,graduate,other,33,0
150000,female,graduate,married,30,0
200000,male,graduate,single,28,0
200000,female,graduate,single,28,1
50000,male,university,single,39,0
80000,female,graduate,single,28,0
310000,female,graduate,single,32,1
210000,male,graduate,single,29,0
140000,male,graduate,married,40,1
20000,female,university,married,32,0
10000,female,graduate,single,23,0
250000,female,graduate,single,30,0
280000,male,graduate,single,31,0
210000,male,university,married,48,0
10000,male,university,single,54,0
60000,female,highschool,married,59,0
180000,female,graduate,single,38,0
10000,female,graduate,single,31,0
200000,female,graduate,married,41,0
120000,female,graduate,single,29,0
160000,female,university,married,28,0
180000,male,graduate,married,48,0
60000,female,highschool,married,42,0
80000,male,university,married,27,0
200000,male,graduate,single,27,0
20000,female,highschool,single,22,1
360000,female,university,single,31,0
140000,female,graduate,single,43,0
110000,female,highschool,married,46,1
360000,female,graduate,married,33,0
30000,female,graduate,single,22,0
100000,male,university,single,25,0
60000,male,highschool,single,34,1
130000,female,graduate,single,32,0
240000,female,university,single,34,0
210000,female,university,married,35,1
360000,male,graduate,single,25,0
30000,female,university,single,22,0
480000,male,graduate,married,49,0
90000,female,other,single,49,0
50000,female,graduate,married,42,0
20000,male,highschool,single,41,0
160000,female,university,single,27,0
90000,female,university,single,24,0
300000,female,other,married,34,0
500000,male,graduate,married,43,0
130000,female,highschool,single,36,1
250000,male,highschool,married,62,0
10000,male,highschool,single,25,1
340000,male,graduate,single,30,0
60000,male,highschool,single,24,0
50000,male,university,married,47,0
170000,male,university,single,34,0
490000,male,highschool,married,51,1
20000,female,university,married,26,1
550000,male,university,married,47,0
340000,female,university,single,39,0
10000,male,university,single,32,0
230000,female,university,single,25,0
30000,male,university,married,39,0
200000,female,university,single,42,0
450000,female,graduate,married,37,0
380000,male,highschool,married,44,1
50000,female,university,married,31,1
80000,female,graduate,single,27,0
150000,female,university,married,42,1
50000,female,university,single,44,0
210000,female,graduate,single,39,0
100000,female,university,single,24,0
100000,male,university,single,38,0
500000,male,graduate,married,45,0
30000,female,highschool,married,58,0
50000,male,university,single,46,0
50000,female,university,single,23,0
420000,female,university,married,36,0
30000,female,university,married,32,1
240000,male,graduate,single,32,0
80000,female,highschool,married,55,0
330000,male,graduate,single,45,1
50000,male,university,married,30,1
200000,female,graduate,married,42,1
210000,female,graduate,married,34,0
130000,male,university,single,31,0
390000,male,graduate,single,28,0
100000,male,highschool,married,40,0
140000,female,graduate,married,33,0
80000,female,highschool,married,35,1
50000,female,highschool,married,42,1
50000,male,university,single,25,0
360000,male,graduate,married,39,0
170000,female,university,married,49,1
50000,male,university,single,41,0
310000,female,graduate,single,25,1
210000,male,graduate,single,31,1
140000,male,university,married,37,0
150000,female,graduate,single,37,0
170000,male,graduate,married,40,1
260000,female,graduate,single,25,1
170000,female,graduate,single,26,0
310000,female,graduate,single,35,0
50000,female,highschool,single,23,0
260000,female,graduate,married,35,1
100000,male,graduate,single,27,1
40000,female,university,married,25,0
180000,female,graduate,married,46,0
50000,male,highschool,married,41,0
200000,male,graduate,single,29,1
320000,female,university,married,53,0
220000,female,graduate,single,45,0
180000,male,university,married,46,0
50000,female,university,single,36,1
50000,female,university,single,22,0
150000,female,graduate,single,32,0
120000,female,graduate,married,38,0
30000,male,university,single,34,0
10000,male,other,married,43,1
380000,male,graduate,single,34,0
320000,female,graduate,married,38,1
30000,female,university,single,41,0
470000,male,university,single,29,0
80000,female,highschool,married,40,0
20000,male,university,married,60,0
120000,male,graduate,married,51,0
150000,female,graduate,single,37,0
200000,female,university,single,43,0
20000,male,university,single,40,0
170000,female,highschool,married,36,0
150000,female,graduate,single,34,0
160000,male,university,single,30,0
280000,female,graduate,single,32,0
60000,male,graduate,married,42,1
100000,male,highschool,married,44,0
360000,male,university,single,48,0
500000,female,graduate,married,44,0
290000,female,graduate,single,30,1
160000,female,graduate,single,31,0
50000,male,university,married,47,0
250000,female,university,married,35,0
350000,male,graduate,married,42,0
100000,female,university,married,22,0
30000,male,university,single,33,0
450000,female,graduate,married,36,0
20000,female,highschool,single,40,0
30000,female,highschool,single,26,0
150000,female,highschool,single,47,0
30000,male,university,married,36,0
10000,male,highschool,single,23,0
50000,female,highschool,single,47,0
50000,female,graduate,single,22,0
130000,female,university,single,23,0
50000,female,highschool,single,22,0
180000,female,university,single,25,0
30000,male,university,married,47,1
60000,female,university,single,24,0
200000,male,graduate,single,26,0
30000,female,highschool,single,23,0
320000,female,university,single,36,0
360000,female,graduate,married,37,0
60000,female,graduate,married,39,0
50000,female,university,single,28,0
30000,male,university,single,35,0
50000,female,university,married,31,0
70000,female,graduate,single,24,0
310000,male,graduate,single,44,0
170000,female,university,single,39,0
150000,male,graduate,married,49,0
120000,female,graduate,single,30,0
100000,female,graduate,single,33,0
140000,male,graduate,single,41,1
180000,female,highschool,married,47,0
20000,female,highschool,married,51,0
80000,female,university,single,25,0
200000,female,university,married,39,0
200000,male,university,single,27,0
30000,male,highschool,married,42,0
250000,female,university,single,40,0
50000,male,highschool,single,30,0
250000,male,graduate,single,31,1
140000,female,graduate,single,25,0
170000,female,university,single,31,0
240000,female,university,single,47,0
140000,female,graduate,married,37,0
50000,female,university,married,28,0
240000,female,university,married,47,1
420000,female,university,married,57,0
220000,male,graduate,married,53,0
70000,female,university,married,28,0
90000,male,university,single,28,0
220000,female,graduate,married,40,0
200000,female,graduate,single,27,0
240000,male,highschool,married,55,0
310000,female,highschool,single,28,0
80000,female,university,married,34,1
290000,female,university,married,38,0
260000,male,university,married,43,1
120000,male,graduate,married,43,1
260000,female,graduate,married,32,0
360000,female,university,single,39,0
30000,female,highschool,married,36,1
30000,female,university,single,22,1
20000,male,graduate,single,22,0
240000,female,university,single,25,0
200000,male,university,married,31,1
70000,male,university,single,38,0
200000,female,graduate,single,23,0
150000,female,graduate,single,31,0
160000,female,university,married,35,0
180000,female,graduate,single,30,0
190000,male,university,married,39,0
20000,female,university,married,22,0
150000,male,graduate,single,27,0
310000,male,university,married,35,0
180000,female,university,married,36,0
80000,female,university,single,24,1
350000,female,university,married,41,0
50000,female,university,married,47,0
90000,female,university,single,23,0
220000,male,university,married,35,0
50000,female,graduate,single,25,1
90000,male,highschool,married,46,0
400000,female,university,married,30,0
210000,female,highschool,married,40,0
180000,female,university,married,39,1
500000,male,graduate,married,55,0
260000,female,university,married,39,1
180000,female,university,single,26,0
180000,female,university,married,34,1
30000,female,graduate,single,24,0
360000,female,graduate,single,33,0
280000,female,graduate,married,47,0
100000,female,graduate,single,27,1
50000,female,university,married,49,0
20000,male,highschool,married,31,0
80000,female,highschool,single,27,1
110000,female,university,single,36,0
50000,male,graduate,divorce,25,1
50000,female,university,married,50,1
20000,male,graduate,single,33,0
200000,female,highschool,married,41,0
250000,female,university,single,44,0
150000,female,graduate,married,33,1
50000,male,graduate,single,23,1
200000,female,graduate,married,38,0
220000,male,university,married,38,0
60000,female,university,married,36,0
100000,male,university,single,43,0
20000,male,highschool,divorce,46,0
140000,male,university,single,28,1
50000,male,university,married,46,1
50000,male,graduate,single,28,0
120000,female,university,married,30,0
120000,female,graduate,married,39,0
30000,male,university,single,38,0
180000,female,graduate,single,26,0
500000,male,graduate,married,46,0
420000,male,graduate,married,44,0
20000,female,university,married,45,0
50000,female,university,single,24,1
260000,female,university,single,30,0
50000,male,university,single,27,0
50000,female,graduate,single,26,0
50000,female,university,single,49,0
100000,male,university,married,49,0
50000,female,graduate,single,24,1
180000,female,graduate,single,27,0
240000,female,graduate,married,38,0
30000,male,university,married,38,0
30000,female,highschool,married,60,1
270000,female,graduate,married,45,0
30000,female,highschool,married,57,1
200000,female,university,married,31,1
40000,female,university,married,29,1
360000,female,graduate,married,31,0
150000,female,highschool,married,57,0
80000,female,university,single,24,1
300000,female,graduate,married,32,0
220000,male,university,married,32,0
110000,female,university,married,42,0
50000,male,graduate,single,30,0
50000,female,highschool,single,60,0
230000,female,graduate,married,37,0
50000,male,graduate,married,27,1
240000,female,university,divorce,39,0
130000,female,graduate,single,26,0
160000,female,graduate,single,34,0
210000,female,graduate,single,31,0
210000,female,university,single,32,0
330000,male,graduate,single,47,0
110000,female,university,married,51,0
120000,female,university,single,28,0
100000,female,graduate,single,29,0
210000,female,university,single,34,0
350000,female,graduate,single,31,0
180000,female,university,single,25,0
150000,female,graduate,single,28,0
50000,male,graduate,divorce,37,0
230000,female,highschool,married,47,0
30000,female,university,married,39,1
90000,female,university,married,24,1
390000,female,university,married,24,0
50000,female,university,single,25,1
320000,male,university,married,39,0
20000,male,university,single,34,0
200000,female,university,married,41,0
500000,male,graduate,married,40,1
190000,female,university,single,28,0
70000,female,graduate,single,25,1
220000,female,graduate,single,35,1
50000,male,university,single,28,0
50000,male,university,married,37,0
50000,female,university,married,46,0
70000,male,graduate,married,42,0
80000,female,graduate,single,26,0
50000,male,highschool,single,41,0
150000,female,graduate,single,27,0
300000,female,graduate,married,36,0
50000,female,graduate,single,25,0
170000,female,university,married,42,0
350000,male,graduate,single,37,0
470000,female,university,single,33,0
20000,male,university,single,25,0
140000,female,university,single,26,0
60000,female,university,single,23,0
160000,female,university,single,23,0
150000,female,graduate,single,26,0
20000,female,graduate,single,23,0
210000,male,graduate,single,35,0
50000,male,university,single,23,0
210000,female,graduate,single,31,0
280000,male,graduate,married,44,0
300000,male,university,single,36,0
230000,female,highschool,married,37,0
250000,male,university,married,47,0
500000,female,graduate,married,36,0
50000,female,university,married,48,0
50000,male,highschool,single,46,0
150000,female,university,married,36,0
180000,female,graduate,single,53,0
450000,male,university,single,37,0
70000,female,university,divorce,24,0
110000,male,highschool,married,40,0
200000,male,graduate,married,43,1
210000,female,university,single,37,0
320000,male,graduate,single,36,0
20000,male,graduate,single,37,1
130000,female,university,single,29,0
20000,male,graduate,married,29,0
210000,male,graduate,married,39,0
30000,female,university,single,33,1
60000,female,highschool,married,36,1
110000,male,university,married,49,0
130000,male,graduate,single,32,0
500000,female,graduate,single,38,0
500000,male,university,married,38,1
100000,male,university,single,35,1
220000,male,graduate,single,25,0
50000,male,university,single,40,0
500000,male,graduate,married,49,0
50000,female,graduate,single,29,1
200000,female,graduate,married,45,0
320000,female,university,single,50,0
450000,male,university,single,29,0
20000,male,highschool,single,26,0
310000,female,university,married,44,0
120000,female,university,single,23,1
200000,female,university,married,48,0
50000,male,highschool,married,53,0
130000,male,highschool,married,48,0
50000,female,university,single,23,0
130000,male,university,single,26,1
50000,female,university,single,42,0
30000,male,university,single,32,0
30000,female,university,married,34,1
160000,male,graduate,single,34,1
50000,male,graduate,single,27,0
80000,female,university,single,28,0
60000,female,university,single,25,0
230000,female,graduate,single,27,0
390000,female,graduate,single,30,0
110000,female,university,married,28,0
50000,male,graduate,single,24,0
20000,female,university,married,35,1
100000,male,university,single,29,0
70000,female,highschool,married,33,0
150000,male,university,married,31,0
390000,male,graduate,single,31,0
50000,male,university,married,22,0
90000,male,university,single,26,0
290000,female,university,single,30,1
20000,male,university,single,24,0
90000,female,graduate,single,28,1
260000,male,highschool,single,48,0
90000,female,university,single,26,0
100000,female,university,single,27,1
150000,female,graduate,single,31,0
60000,female,university,married,46,0
80000,male,university,married,42,0
80000,female,university,married,24,0
30000,female,university,married,26,0
20000,male,university,married,38,0
50000,male,university,single,24,0
250000,female,graduate,single,37,0
50000,female,graduate,single,22,1
120000,female,highschool,single,32,0
20000,female,university,married,36,0
280000,female,highschool,single,33,0
50000,female,graduate,married,35,0
360000,male,highschool,single,49,0
100000,male,graduate,single,32,1
140000,female,highschool,married,42,0
170000,female,university,married,33,0
50000,female,university,married,33,0
50000,male,highschool,married,46,0
120000,male,university,married,47,1
170000,female,university,single,38,0
380000,male,university,married,43,0
400000,female,highschool,married,37,0
50000,female,graduate,single,30,0
440000,female,university,married,42,0
30000,female,university,married,24,0
470000,male,graduate,married,39,0
180000,female,highschool,married,40,0
110000,male,highschool,single,32,1
300000,male,graduate,single,25,0
120000,female,graduate,single,31,0
220000,male,graduate,single,33,0
50000,male,graduate,single,27,0
100000,male,university,married,43,0
170000,female,graduate,single,30,0
360000,female,graduate,single,37,0
180000,female,university,single,43,0
120000,male,university,single,27,0
210000,male,highschool,single,32,0
60000,male,university,married,56,1
130000,male,university,married,40,0
50000,female,highschool,married,36,0
50000,female,highschool,married,52,1
100000,female,graduate,married,33,1
150000,female,highschool,married,43,0
240000,male,university,married,38,1
120000,male,university,divorce,38,0
80000,female,university,married,32,1
210000,female,university,married,27,1
80000,female,university,single,37,0
50000,female,university,married,38,1
50000,female,university,divorce,52,0
330000,female,graduate,single,34,0
230000,male,highschool,single,28,0
30000,male,highschool,married,44,1
50000,male,graduate,married,41,1
220000,male,graduate,single,37,0
270000,female,graduate,single,27,0
160000,male,graduate,married,44,0
10000,female,university,married,24,0
20000,male,university,single,25,0
30000,male,highschool,single,25,1
210000,female,university,single,32,0
250000,female,university,married,50,0
50000,male,university,single,28,0
180000,female,graduate,single,28,0
200000,male,graduate,single,35,0
350000,male,graduate,married,38,1
20000,male,graduate,single,22,0
30000,male,highschool,single,36,1
20000,male,graduate,married,34,0
140000,female,highschool,single,59,1
30000,male,highschool,married,44,1
180000,female,graduate,single,30,0
20000,female,university,single,25,0
100000,female,highschool,married,36,1
100000,female,highschool,married,36,1
20000,male,university,married,45,0
350000,male,graduate,married,31,1
80000,female,university,married,32,0
120000,female,highschool,married,49,0
210000,female,university,single,30,0
120000,male,graduate,married,37,0
20000,male,university,single,22,0
200000,male,highschool,single,25,0
50000,female,university,single,54,0
170000,male,university,married,37,0
450000,male,graduate,married,37,0
300000,male,graduate,single,34,0
300000,male,graduate,single,36,0
280000,male,university,married,37,0
170000,male,graduate,single,39,0
60000,male,graduate,married,38,1
50000,male,university,single,29,0
380000,male,university,married,38,0
70000,female,graduate,married,40,1
430000,male,graduate,married,48,0
180000,male,graduate,married,38,0
330000,female,university,married,41,0
250000,female,graduate,single,26,0
480000,female,graduate,married,38,0
210000,male,university,single,37,0
160000,male,university,single,26,0
390000,male,other,single,29,0
280000,male,graduate,married,44,0
50000,male,university,married,33,0
350000,male,graduate,married,60,1
230000,female,graduate,single,40,0
200000,male,highschool,other,36,0
30000,male,university,single,47,0
50000,male,university,married,37,0
180000,male,graduate,single,26,0
150000,female,highschool,married,45,1
70000,male,graduate,single,27,0
150000,male,university,single,26,0
50000,male,highschool,single,25,0
430000,female,university,married,42,0
70000,male,graduate,single,25,1
20000,male,highschool,single,36,0
310000,female,graduate,married,33,1
160000,female,university,married,23,0
30000,male,highschool,single,38,0
480000,female,highschool,married,39,0
180000,female,graduate,single,28,1
210000,male,university,married,40,0
360000,male,graduate,single,30,1
180000,male,highschool,single,31,0
200000,female,graduate,single,29,0
50000,male,highschool,single,22,1
240000,male,university,married,48,1
180000,female,graduate,single,29,0
80000,female,highschool,married,33,0
50000,female,highschool,married,32,0
280000,female,university,married,36,0
70000,female,graduate,single,29,0
400000,male,graduate,single,36,0
210000,female,highschool,married,45,0
80000,male,highschool,single,33,0
30000,female,university,single,24,0
310000,male,university,single,29,0
360000,female,highschool,single,27,0
200000,male,university,single,28,0
50000,male,university,married,33,0
320000,female,university,married,41,0
60000,male,university,single,27,0
230000,female,graduate,single,30,0
150000,female,graduate,married,44,1
360000,female,graduate,married,39,0
50000,male,graduate,single,34,0
280000,female,graduate,married,37,0
50000,female,highschool,married,50,0
500000,male,graduate,married,32,0
400000,female,highschool,married,41,1
280000,male,university,single,28,0
360000,female,university,single,41,0
260000,female,graduate,single,29,1
330000,male,graduate,married,42,0
350000,female,university,married,33,0
500000,female,university,married,39,0
440000,female,graduate,married,35,0
260000,male,university,single,28,0
500000,male,highschool,married,48,0
100000,male,university,married,35,0
70000,male,highschool,married,47,0
440000,male,graduate,single,43,0
220000,female,graduate,married,44,0
160000,female,graduate,married,32,0
200000,male,university,married,46,0
30000,female,university,single,25,0
110000,female,graduate,single,27,0
60000,female,university,married,43,0
260000,male,graduate,single,28,0
110000,male,university,married,36,0
260000,male,highschool,married,44,0
280000,female,graduate,single,32,0
210000,male,graduate,single,30,0
80000,female,university,married,37,0
200000,female,graduate,single,37,0
100000,female,university,single,33,0
210000,male,university,married,42,0
140000,female,university,single,35,0
180000,male,graduate,single,29,0
240000,female,university,single,34,0
150000,female,graduate,single,24,0
80000,male,university,married,54,1
210000,female,university,married,37,1
180000,female,graduate,single,28,0
100000,female,graduate,single,26,0
20000,male,graduate,single,28,0
140000,male,university,single,34,0
200000,male,highschool,single,40,0
80000,male,university,single,25,0
20000,female,university,single,49,1
80000,female,university,single,24,0
170000,female,graduate,married,41,0
70000,female,university,married,41,1
90000,female,highschool,married,40,0
30000,male,university,single,30,0
50000,male,graduate,single,25,0
50000,female,university,single,21,1
260000,female,graduate,single,39,0
360000,female,graduate,married,33,0
500000,female,highschool,single,52,1
160000,male,highschool,married,46,0
460000,female,graduate,single,39,0
20000,female,university,single,26,1
360000,male,university,single,25,0
300000,female,graduate,married,38,0
70000,female,university,married,28,1
50000,female,graduate,single,26,0
150000,female,highschool,married,51,0
390000,male,university,married,42,0
280000,male,graduate,single,37,0
50000,female,highschool,married,28,0
280000,female,graduate,single,38,1
50000,female,university,married,41,0
50000,male,graduate,single,32,0
150000,female,graduate,single,28,0
120000,female,graduate,single,31,1
360000,female,university,divorce,37,0
20000,male,university,single,33,0
50000,female,highschool,married,46,0
20000,female,graduate,single,23,1
90000,male,university,married,35,1
230000,male,university,married,35,0
20000,male,university,single,22,0
100000,female,university,single,23,0
270000,male,university,single,26,0
160000,male,university,single,28,0
80000,female,university,single,29,0
10000,male,graduate,single,24,1
500000,female,university,married,27,0
90000,female,graduate,married,43,0
150000,female,highschool,married,59,0
50000,male,highschool,married,49,0
260000,male,highschool,married,48,0
50000,female,university,single,22,0
30000,male,graduate,single,28,1
70000,male,university,single,26,0
360000,male,graduate,married,52,1
430000,female,graduate,single,39,0
50000,female,university,single,23,0
150000,female,other,single,26,0
70000,female,university,single,23,1
150000,female,graduate,single,25,0
110000,male,highschool,married,38,0
20000,female,graduate,single,38,1
20000,male,highschool,single,39,0
50000,male,graduate,single,31,0
10000,male,graduate,single,33,0
20000,male,university,single,24,0
180000,male,university,single,34,1
60000,female,university,married,26,1
20000,male,graduate,married,30,1
70000,female,graduate,single,25,0
60000,female,university,married,38,0
200000,male,graduate,single,28,0
200000,male,graduate,single,34,1
300000,female,graduate,married,37,0
390000,male,graduate,single,34,0
80000,female,university,married,23,0
100000,female,graduate,single,25,0
230000,male,highschool,single,30,0
40000,female,highschool,married,49,0
180000,female,university,married,25,0
420000,male,university,single,28,0
20000,male,university,married,59,0
340000,female,university,married,31,0
20000,female,graduate,single,25,1
320000,male,highschool,single,52,0
360000,male,graduate,married,39,0
100000,female,graduate,single,29,0
310000,female,graduate,single,36,0
140000,female,university,single,24,0
200000,male,university,single,33,0
30000,female,university,single,28,1
130000,female,highschool,married,25,0
20000,female,highschool,married,44,0
120000,female,other,married,57,0
190000,female,graduate,single,32,0
50000,female,university,married,26,0
130000,female,other,single,27,0
220000,female,university,married,48,1
200000,female,university,married,29,0
50000,female,highschool,married,59,0
30000,female,university,married,26,0
200000,female,university,married,33,0
400000,female,highschool,married,50,1
120000,female,graduate,married,41,0
60000,female,university,married,38,0
150000,female,graduate,single,25,0
240000,female,university,married,44,0
130000,male,university,single,29,0
200000,male,highschool,married,40,1
240000,female,university,married,56,1
30000,female,graduate,single,22,1
50000,female,university,married,26,0
30000,male,university,single,26,0
310000,male,graduate,married,33,0
120000,female,university,single,28,1
290000,female,university,married,34,0
50000,male,university,single,45,0
130000,female,graduate,single,27,0
50000,male,other,married,30,0
210000,female,university,married,33,0
50000,male,highschool,married,47,1
10000,female,university,single,40,0
10000,male,highschool,single,22,0
80000,female,university,single,24,1
360000,male,university,married,65,1
530000,male,graduate,single,32,0
20000,male,university,single,46,0
170000,male,university,married,42,0
220000,female,university,married,33,0
180000,male,highschool,married,40,0
440000,female,graduate,married,37,0
20000,male,university,married,62,1
400000,female,university,single,39,1
130000,male,university,single,27,0
420000,male,graduate,single,29,0
80000,female,university,married,34,0
20000,female,university,married,45,0
320000,female,university,single,29,1
160000,male,graduate,married,40,0
50000,female,university,single,23,0
50000,male,university,single,35,0
70000,female,university,married,43,0
20000,male,highschool,single,59,1
160000,female,university,single,24,0
130000,female,graduate,single,33,1
20000,female,graduate,single,23,0
170000,female,university,married,48,0
300000,female,graduate,single,39,0
160000,female,graduate,single,31,0
110000,female,highschool,married,52,0
230000,female,graduate,single,27,0
60000,female,university,single,21,0
280000,male,graduate,married,35,0
180000,female,graduate,single,47,0
30000,female,graduate,married,30,1
50000,female,university,single,28,0
270000,female,university,married,41,0
80000,female,university,single,24,1
120000,male,graduate,single,31,1
120000,male,highschool,married,53,0
30000,male,graduate,single,23,0
380000,male,graduate,single,36,0
80000,female,university,married,37,1
20000,female,university,single,26,0
160000,male,highschool,married,34,0
230000,female,university,single,26,1
370000,male,university,single,39,1
30000,female,highschool,married,41,0
20000,female,university,single,24,0
20000,male,university,single,23,1
470000,male,university,married,52,0
220000,female,university,single,29,1
80000,male,highschool,single,32,0
180000,female,university,married,33,0
100000,female,university,single,39,0
10000,female,university,single,21,0
280000,female,university,married,51,0
110000,female,graduate,married,31,1
210000,female,graduate,single,27,0
200000,female,graduate,married,36,0
260000,male,graduate,single,27,0
600000,male,graduate,single,36,0
330000,male,university,married,47,0
500000,female,graduate,single,31,0
200000,male,graduate,divorce,29,0
200000,male,university,married,36,1
210000,female,university,single,27,0
500000,female,graduate,married,46,0
10000,female,university,married,44,0
160000,female,graduate,single,24,0
50000,female,highschool,married,42,0
130000,male,university,single,33,0
140000,female,graduate,single,28,1
80000,female,university,single,45,0
500000,female,graduate,single,31,1
500000,female,university,married,39,0
320000,female,university,married,35,0
50000,male,university,single,29,0
120000,female,university,single,40,0
500000,male,graduate,married,59,1
290000,female,university,married,42,0
280000,male,graduate,married,50,0
30000,female,highschool,married,41,1
80000,male,graduate,single,31,1
50000,male,university,single,24,0
10000,male,highschool,single,24,0
550000,male,graduate,married,49,1
60000,male,university,single,41,0
140000,female,university,married,28,0
50000,female,university,single,28,0
300000,female,university,married,27,1
30000,female,highschool,married,29,1
50000,female,university,single,25,1
250000,female,university,married,33,1
60000,male,graduate,single,39,0
80000,male,highschool,single,44,0
480000,male,graduate,single,33,0
30000,male,university,married,44,1
10000,female,university,single,25,0
410000,female,graduate,single,41,0
100000,male,graduate,married,33,0
200000,male,highschool,married,41,0
380000,female,university,married,48,0
100000,male,university,single,27,0
50000,female,highschool,married,27,1
130000,female,university,married,28,1
120000,male,university,single,34,0
150000,female,university,married,42,0
310000,female,graduate,married,39,0
110000,female,university,single,51,0
420000,male,university,married,37,1
140000,male,university,married,28,1
500000,female,graduate,married,37,1
260000,female,university,single,26,0
90000,female,university,married,48,1
90000,female,university,single,41,0
20000,male,highschool,single,35,0
30000,male,university,single,36,1
140000,female,university,married,36,0
340000,female,university,single,32,0
120000,female,graduate,single,31,0
420000,male,graduate,married,34,0
100000,male,highschool,married,48,0
350000,female,university,single,37,0
50000,male,university,married,26,0
30000,female,graduate,single,28,0
360000,female,graduate,single,29,0
20000,female,highschool,single,23,0
400000,female,university,single,38,0
170000,male,highschool,married,45,0
110000,female,university,married,36,1
200000,female,university,married,37,1
200000,female,graduate,married,32,0
360000,male,graduate,single,29,0
500000,male,graduate,married,37,0
20000,male,university,single,22,0
270000,male,highschool,married,32,0
20000,male,university,single,44,1
350000,female,graduate,married,43,0
150000,female,university,married,26,0
260000,female,graduate,single,30,0
90000,male,graduate,single,33,0
310000,female,university,married,32,0
210000,female,graduate,single,43,0
40000,female,university,married,45,1
80000,female,university,married,25,0
50000,male,highschool,single,22,1
370000,female,graduate,married,46,0
130000,male,university,single,28,0
710000,female,university,married,40,1
180000,female,highschool,single,24,0
80000,female,university,married,30,0
560000,female,graduate,single,32,0
170000,female,graduate,single,26,0
30000,female,highschool,married,63,0
430000,female,graduate,single,30,0
500000,female,university,married,37,0
10000,male,university,single,26,1
130000,female,graduate,single,25,0
160000,female,university,single,50,0
150000,male,graduate,single,33,1
340000,female,university,married,43,0
200000,female,university,married,37,0
130000,male,university,single,37,0
320000,female,highschool,married,30,0
50000,male,highschool,married,54,0
360000,male,graduate,married,46,0
420000,female,university,single,29,0
110000,male,graduate,single,30,0
80000,male,university,single,35,0
60000,female,highschool,married,43,1
60000,male,university,single,24,0
210000,male,university,single,26,0
360000,female,graduate,married,46,0
20000,male,university,single,48,0
150000,female,graduate,single,42,0
310000,male,highschool,single,30,0
240000,female,university,married,40,1
160000,female,highschool,married,55,0
240000,female,graduate,single,40,0
20000,male,graduate,single,22,0
190000,male,graduate,married,55,1
280000,female,university,married,40,0
80000,male,university,divorce,58,0
290000,female,highschool,married,49,0
200000,female,graduate,married,34,0
320000,male,graduate,married,50,0
350000,female,university,single,27,0
110000,male,graduate,single,33,0
300000,female,university,married,37,1
500000,female,graduate,married,44,0
120000,female,graduate,single,35,0
80000,female,highschool,divorce,31,0
200000,female,university,single,33,1
150000,female,graduate,single,26,1
150000,female,graduate,single,40,0
210000,male,university,married,42,0
150000,male,university,single,36,1
50000,female,graduate,single,26,0
80000,male,university,married,33,0
50000,male,university,married,34,0
20000,female,university,married,50,0
50000,male,university,married,37,0
50000,male,graduate,single,29,0
280000,male,university,married,46,1
230000,male,university,married,51,0
230000,male,university,single,30,1
80000,female,highschool,married,37,0
60000,female,university,divorce,35,0
200000,male,university,married,37,0
30000,female,highschool,single,22,0
340000,female,graduate,single,34,0
250000,female,university,married,40,0
200000,male,graduate,married,52,0
150000,male,graduate,single,39,0
100000,female,highschool,married,53,0
220000,female,university,married,41,0
140000,male,graduate,single,32,1
40000,male,graduate,married,28,1
200000,female,university,single,30,0
520000,female,graduate,single,35,0
30000,female,university,married,22,0
20000,male,university,single,28,0
50000,male,university,single,40,1
300000,female,highschool,single,29,0
500000,female,graduate,single,36,0
490000,female,university,single,27,0
200000,male,graduate,single,27,0
40000,female,graduate,single,23,1
150000,female,graduate,single,28,0
50000,male,graduate,married,29,1
100000,male,university,single,27,0
50000,female,highschool,married,42,1
130000,female,university,single,25,0
70000,female,graduate,single,27,0
30000,female,graduate,married,30,0
50000,male,graduate,single,28,0
80000,male,graduate,married,45,1
220000,female,graduate,single,30,0
200000,male,university,married,45,0
120000,female,university,single,24,0
100000,female,university,single,25,0
100000,female,highschool,married,59,0
50000,female,graduate,single,23,0
240000,male,university,married,37,0
60000,male,graduate,single,28,0
260000,female,university,married,34,1
30000,female,highschool,married,56,1
440000,female,highschool,married,40,0
360000,female,university,single,30,0
50000,female,graduate,single,26,1
270000,male,graduate,married,50,0
150000,female,graduate,single,27,0
200000,male,highschool,single,26,0
50000,female,university,married,36,0
210000,female,graduate,single,33,0
50000,female,university,single,27,1
50000,male,university,single,24,0
440000,male,graduate,single,29,0
60000,female,graduate,single,28,1
70000,female,university,married,41,0
290000,female,university,single,25,0
140000,male,university,single,29,0
310000,female,university,single,33,0
450000,female,graduate,single,36,0
360000,male,graduate,married,34,0
550000,female,university,married,34,0
180000,male,graduate,married,44,0
140000,male,university,married,37,0
50000,male,graduate,single,33,0
200000,female,university,married,30,0
60000,male,university,married,39,0
140000,male,graduate,single,28,0
70000,male,university,married,42,0
20000,female,university,married,50,0
100000,female,university,married,24,0
360000,male,graduate,single,33,0
100000,female,highschool,married,24,0
160000,female,highschool,single,41,0
160000,female,university,single,27,0
130000,male,university,single,26,1
100000,female,highschool,married,40,0
90000,male,graduate,married,35,1
80000,male,university,single,23,0
220000,female,university,married,28,1
260000,female,graduate,married,39,1
30000,male,highschool,married,45,1
100000,female,university,married,40,1
80000,male,university,single,39,0
20000,female,university,single,31,0
140000,male,graduate,married,41,0
30000,female,graduate,single,25,1
90000,male,university,married,39,0
150000,female,university,single,23,0
250000,male,highschool,married,28,0
20000,female,university,married,37,1
50000,male,university,married,28,0
100000,male,university,married,31,1
500000,male,graduate,married,46,0
50000,female,university,married,36,0
40000,female,graduate,single,27,0
80000,female,university,married,35,0
100000,male,graduate,married,35,0
180000,male,graduate,single,29,0
90000,female,highschool,married,53,0
10000,female,university,single,23,0
200000,female,graduate,single,33,0
80000,male,highschool,married,57,1
90000,male,university,single,33,1
80000,female,university,married,42,1
90000,female,university,single,24,1
80000,female,university,married,46,0
140000,male,graduate,single,27,1
480000,male,university,married,39,0
230000,male,graduate,married,39,0
70000,male,graduate,single,27,1
200000,female,graduate,single,39,0
180000,female,graduate,single,35,0
190000,male,highschool,married,37,0
20000,female,university,married,24,0
10000,male,graduate,single,24,1
80000,female,graduate,married,45,0
60000,male,highschool,single,28,0
500000,female,graduate,single,37,0
50000,male,highschool,single,42,1
360000,female,graduate,single,28,0
10000,female,highschool,married,56,0
300000,male,graduate,married,54,1
70000,male,university,married,48,0
250000,female,university,married,32,0
10000,male,highschool,married,51,1
140000,female,highschool,married,28,0
100000,female,university,married,40,0
110000,female,graduate,married,31,0
210000,male,university,married,38,0
210000,female,graduate,married,40,0
70000,female,university,single,26,1
20000,male,university,married,47,0
220000,male,graduate,single,31,0
20000,female,highschool,divorce,51,1
80000,male,graduate,married,28,0
500000,female,university,married,42,1
210000,male,highschool,single,66,0
80000,male,university,single,27,1
50000,female,university,married,37,0
240000,male,graduate,married,35,0
150000,female,university,single,23,0
210000,female,university,married,49,0
360000,female,university,single,28,1
230000,female,other,married,29,0
500000,male,graduate,single,35,0
150000,female,university,married,34,0
30000,female,university,single,31,1
470000,male,graduate,married,57,0
200000,male,graduate,married,59,0
470000,male,graduate,single,35,0
310000,male,graduate,single,32,0
210000,female,graduate,single,28,0
500000,female,university,married,41,0
80000,female,university,single,27,0
20000,male,highschool,single,38,1
150000,male,highschool,single,32,0
390000,male,highschool,married,39,0
10000,male,graduate,single,29,0
390000,female,highschool,married,46,0
210000,male,highschool,married,41,1
350000,female,graduate,married,33,1
150000,female,graduate,single,35,0
210000,female,university,married,36,0
100000,male,graduate,married,55,0
210000,male,graduate,single,36,1
290000,female,university,married,48,0
330000,male,university,married,50,1
50000,male,university,single,37,0
80000,male,highschool,single,27,0
340000,male,university,married,35,0
120000,male,highschool,married,38,0
30000,female,university,single,22,0
260000,female,graduate,single,35,0
50000,male,university,married,64,0
420000,female,highschool,single,25,1
130000,female,university,married,28,0
270000,female,university,married,30,0
50000,male,highschool,single,30,0
20000,male,university,married,34,1
140000,female,university,married,34,0
100000,female,university,married,35,0
50000,male,highschool,single,41,0
500000,male,graduate,single,37,0
80000,male,university,married,35,0
220000,female,university,married,34,1
30000,male,university,married,34,0
240000,male,university,single,26,0
220000,male,highschool,married,41,0
320000,male,university,married,32,0
230000,female,university,married,36,0
20000,male,highschool,single,44,0
280000,female,university,married,34,0
110000,male,university,married,44,0
180000,female,university,married,26,0
100000,male,highschool,married,51,0
80000,male,university,married,37,0
260000,female,highschool,single,30,0
110000,female,university,single,25,0
150000,female,university,married,31,0
180000,female,university,single,35,0
230000,female,university,married,28,0
500000,female,graduate,single,27,0
300000,male,university,single,30,0
180000,female,university,single,31,0
30000,female,university,single,24,1
110000,female,highschool,single,29,0
100000,female,university,married,28,0
390000,male,graduate,single,31,0
180000,female,other,married,35,0
300000,female,highschool,married,37,0
260000,female,graduate,single,36,0
360000,female,university,single,29,0
80000,female,university,single,26,0
100000,female,graduate,single,26,1
20000,male,highschool,married,47,1
210000,female,graduate,single,33,0
10000,female,university,married,25,0
150000,male,graduate,single,26,0
360000,male,highschool,married,37,0
80000,female,university,single,42,0
130000,female,graduate,single,29,0
30000,male,graduate,single,36,0
430000,female,university,married,30,1
20000,female,university,single,23,0
50000,male,university,single,32,0
140000,female,university,married,26,0
200000,male,graduate,single,32,0
80000,male,university,married,28,0
50000,female,university,single,23,1
280000,female,university,single,27,0
710000,male,university,married,51,0
180000,male,graduate,single,29,0
500000,male,graduate,single,39,0
360000,male,university,single,33,1
50000,male,graduate,single,29,0
80000,male,university,single,27,1
50000,female,university,married,44,0
50000,female,university,single,23,0
150000,male,graduate,single,33,0
360000,male,university,single,28,1
50000,female,university,married,32,0
50000,female,graduate,divorce,48,0
200000,female,graduate,single,29,0
80000,male,graduate,single,29,0
140000,female,university,married,46,0
20000,female,graduate,divorce,22,1
80000,female,highschool,single,34,0
110000,male,university,married,30,0
140000,female,graduate,single,27,0
300000,female,graduate,single,31,0
50000,female,university,single,29,1
180000,female,other,married,39,0
290000,female,university,married,39,0
60000,female,university,married,36,0
100000,female,university,married,38,0
30000,male,university,married,41,0
220000,female,highschool,single,27,0
230000,female,university,single,30,0
30000,female,graduate,single,29,0
20000,female,university,married,47,0
50000,male,university,single,30,0
80000,female,university,married,46,1
90000,male,graduate,single,29,0
80000,male,graduate,single,31,0
50000,female,highschool,single,23,1
50000,female,university,single,29,0
20000,male,highschool,single,53,0
250000,female,graduate,married,38,0
120000,female,university,single,24,0
110000,female,university,single,28,1
160000,male,graduate,single,33,0
80000,female,highschool,married,52,0
410000,male,university,married,36,0
100000,female,university,married,43,0
750000,female,university,married,43,0
30000,male,university,single,47,0
80000,male,university,single,33,0
430000,female,graduate,single,31,0
480000,male,graduate,married,44,0
360000,female,highschool,married,29,1
150000,female,graduate,married,37,0
130000,male,graduate,single,28,0
40000,male,university,married,47,0
280000,female,graduate,married,34,1
40000,male,university,married,45,0
120000,female,graduate,single,26,0
290000,male,graduate,married,39,0
250000,male,highschool,married,39,0
200000,male,graduate,married,43,0
80000,male,university,single,32,0
130000,female,university,single,27,0
290000,female,university,married,37,1
180000,female,graduate,single,29,0
360000,female,graduate,married,31,0
140000,female,university,married,37,0
350000,female,graduate,married,41,0
260000,male,graduate,single,36,0
40000,male,graduate,single,26,0
180000,female,graduate,single,27,1
80000,male,highschool,married,27,1
500000,female,graduate,married,45,0
80000,male,other,single,27,0
30000,male,highschool,married,57,0
220000,female,university,married,37,0
70000,female,university,single,22,0
510000,male,graduate,married,41,0
20000,female,university,single,22,0
100000,female,university,married,40,1
340000,female,university,married,30,0
180000,female,graduate,single,29,0
290000,female,other,single,38,0
80000,male,university,single,53,0
280000,male,graduate,married,42,0
180000,female,graduate,single,40,0
140000,female,graduate,married,66,0
500000,female,graduate,single,32,0
230000,male,university,single,34,0
250000,female,university,married,26,1
10000,male,university,single,24,0
230000,male,graduate,married,39,0
70000,male,graduate,single,29,0
140000,female,graduate,married,39,0
430000,female,graduate,married,48,0
120000,female,graduate,single,28,1
20000,female,university,single,25,0
30000,male,graduate,single,32,0
80000,male,highschool,single,43,1
400000,female,graduate,single,39,0
200000,female,graduate,married,37,0
30000,male,other,single,23,0
50000,female,university,single,46,0
250000,male,graduate,married,46,1
120000,male,graduate,single,28,1
80000,male,highschool,married,45,0
430000,female,graduate,married,33,0
120000,female,graduate,single,24,0
20000,female,university,single,22,0
20000,female,university,single,32,0
80000,male,graduate,single,25,0
20000,female,university,single,44,0
140000,female,university,single,27,0
10000,female,university,single,22,0
220000,female,highschool,single,34,0
60000,male,graduate,married,48,0
80000,male,highschool,married,59,0
30000,male,university,single,25,1
140000,female,university,married,27,0
20000,male,university,single,26,0
100000,female,highschool,single,46,0
220000,male,graduate,single,35,0
80000,female,graduate,single,40,0
80000,female,highschool,single,46,0
130000,male,university,single,28,1
300000,female,graduate,married,33,0
60000,female,university,married,42,0
360000,female,graduate,married,32,0
10000,male,university,single,24,1
50000,male,university,single,32,1
50000,male,university,married,48,0
200000,male,university,married,35,0
30000,female,university,single,24,1
220000,male,graduate,married,42,0
200000,female,graduate,single,41,0
80000,female,highschool,single,27,1
200000,male,university,married,39,0
240000,female,graduate,married,34,1
500000,female,university,single,28,0
230000,male,highschool,married,38,0
20000,male,highschool,single,22,0
50000,male,graduate,married,35,0
100000,female,university,married,35,0
230000,female,university,single,37,0
60000,male,university,single,28,0
120000,female,highschool,married,48,1
130000,female,highschool,single,23,0
50000,female,highschool,married,25,1
400000,female,graduate,single,30,0
240000,female,university,single,27,1
70000,male,highschool,single,53,0
20000,female,graduate,single,22,0
50000,male,highschool,single,28,1
240000,female,graduate,married,54,0
380000,male,graduate,single,31,0
50000,male,university,single,24,0
50000,female,university,single,33,0
430000,female,graduate,single,33,0
60000,female,graduate,single,26,0
30000,female,university,single,25,0
170000,male,highschool,married,48,0
70000,female,graduate,single,29,0
130000,female,university,single,28,0
50000,male,graduate,married,50,1
20000,female,highschool,single,38,1
50000,male,highschool,married,48,1
20000,male,highschool,single,28,0
110000,female,university,single,32,0
90000,female,university,single,24,0
180000,female,graduate,single,24,0
50000,female,university,single,28,0
200000,male,university,married,36,0
20000,female,graduate,married,32,1
50000,male,graduate,single,44,0
170000,female,university,married,39,1
380000,male,graduate,married,48,0
30000,male,university,single,39,1
30000,female,university,single,23,0
160000,male,highschool,married,36,0
60000,female,highschool,married,39,1
450000,female,graduate,single,31,0
80000,female,university,married,43,1
90000,female,graduate,single,26,0
30000,male,university,married,33,1
50000,male,university,single,25,1
30000,male,highschool,married,49,0
50000,male,highschool,married,52,1
320000,female,graduate,married,34,0
300000,female,university,married,43,0
390000,female,graduate,single,43,0
50000,female,university,single,23,0
20000,male,university,married,26,1
90000,male,university,single,52,0
300000,male,highschool,single,51,0
300000,female,other,single,32,0
200000,male,graduate,married,34,0
50000,male,university,single,24,0
20000,male,university,single,24,1
390000,male,graduate,single,35,0
70000,male,university,single,41,0
300000,male,highschool,single,43,0
140000,female,highschool,married,50,0
200000,female,graduate,married,37,0
80000,female,highschool,single,28,0
80000,female,highschool,married,45,0
170000,female,graduate,married,36,0
50000,female,graduate,single,29,0
100000,male,university,single,27,0
30000,female,university,single,22,0
30000,female,other,married,49,0
320000,female,university,married,36,0
70000,female,university,single,25,1
50000,female,university,married,24,0
130000,male,highschool,married,48,0
50000,female,university,single,27,1
50000,male,university,married,33,0
50000,male,university,single,30,0
160000,male,highschool,married,30,0
450000,male,university,married,46,0
380000,female,graduate,married,33,0
30000,female,graduate,single,29,1
50000,male,university,single,24,0
220000,male,university,single,30,1
50000,female,university,married,32,1
90000,female,graduate,single,27,0
80000,male,university,married,26,0
390000,male,graduate,married,44,0
140000,male,university,single,43,0
360000,female,university,married,32,0
50000,male,highschool,single,26,1
260000,male,graduate,married,37,1
180000,female,highschool,married,43,1
360000,male,graduate,single,26,0
230000,female,graduate,single,35,1
130000,male,graduate,single,25,0
20000,female,highschool,married,42,0
200000,female,highschool,married,41,0
220000,female,university,married,35,0
20000,male,graduate,single,25,0
20000,male,university,single,24,0
240000,female,highschool,single,40,1
480000,female,graduate,married,50,0
50000,female,university,married,29,0
100000,male,university,married,40,0
120000,female,graduate,single,34,1
230000,female,graduate,married,27,0
20000,male,university,married,32,0
50000,male,university,single,27,0
130000,female,graduate,married,32,0
150000,female,graduate,married,38,0
60000,female,graduate,single,30,0
260000,male,university,single,44,0
500000,male,university,married,40,0
270000,female,university,married,34,0
410000,female,graduate,single,34,1
60000,female,university,single,29,0
200000,female,graduate,married,31,0
50000,male,highschool,divorce,45,0
500000,female,graduate,single,35,1
150000,female,graduate,married,35,0
170000,male,highschool,married,44,0
50000,female,university,single,25,0
130000,male,university,married,42,0
120000,male,highschool,married,30,0
70000,male,graduate,single,28,0
320000,female,university,married,44,0
110000,female,university,married,37,0
420000,female,graduate,single,30,0
240000,female,university,married,49,0
380000,male,graduate,single,33,0
20000,female,university,single,22,0
50000,female,graduate,single,42,1
20000,male,highschool,single,23,0
20000,female,university,single,31,0
240000,female,graduate,single,28,0
340000,female,university,married,57,1
90000,female,university,single,23,1
50000,female,university,married,56,0
210000,female,university,married,33,0
60000,female,university,single,25,0
50000,male,university,married,53,0
50000,female,graduate,single,26,0
90000,female,university,single,26,0
250000,male,graduate,married,31,0
290000,male,highschool,married,47,1
240000,male,university,single,35,0
360000,male,graduate,single,29,0
340000,male,graduate,single,36,0
290000,female,graduate,single,48,0
50000,female,university,single,25,0
310000,female,university,married,41,0
10000,male,university,single,22,0
260000,female,graduate,single,31,0
180000,female,highschool,single,26,1
20000,male,highschool,single,26,0
360000,female,graduate,single,28,0
80000,female,graduate,married,30,0
450000,female,university,married,44,0
30000,female,university,single,22,1
500000,male,graduate,married,39,0
210000,female,graduate,married,34,0
300000,male,highschool,single,64,0
100000,male,other,married,52,1
240000,male,graduate,married,47,1
50000,female,university,single,56,0
20000,male,university,single,22,1
110000,female,university,single,23,1
200000,male,graduate,divorce,43,0
220000,male,highschool,single,33,0
50000,female,university,single,43,1
60000,male,university,single,26,0
20000,female,graduate,single,23,1
170000,male,university,single,39,1
30000,female,graduate,single,29,0
160000,female,graduate,married,29,1
200000,male,graduate,married,35,1
120000,male,highschool,single,25,0
230000,female,graduate,married,38,0
20000,female,highschool,married,42,0
10000,male,highschool,single,46,1
100000,female,highschool,single,24,0
130000,female,university,single,24,0
50000,male,university,single,47,0
140000,female,highschool,single,31,0
50000,male,university,single,49,0
360000,male,graduate,single,29,0
20000,female,university,single,22,1
110000,female,university,single,33,0
100000,male,university,single,33,1
260000,female,graduate,married,39,0
50000,female,graduate,single,23,0
360000,female,university,married,39,1
30000,female,university,married,27,1
50000,male,university,single,23,0
270000,female,university,single,31,0
250000,female,graduate,married,44,0
250000,male,graduate,single,48,0
120000,female,university,married,24,0
250000,female,highschool,single,36,0
260000,female,university,single,29,0
240000,male,university,married,39,0
60000,female,university,single,27,0
250000,female,graduate,married,40,1
100000,female,university,single,26,0
150000,female,graduate,single,35,0
170000,female,graduate,married,45,0
710000,female,graduate,single,32,0
20000,male,university,married,50,0
360000,female,university,single,36,0
150000,female,highschool,married,60,1
150000,female,highschool,married,49,0
50000,male,highschool,single,58,0
140000,female,highschool,married,38,0
250000,male,graduate,married,42,0
20000,male,university,single,36,0
360000,female,university,married,42,0
160000,female,university,married,34,1
180000,female,university,married,30,0
50000,male,university,single,23,0
50000,male,university,single,45,0
220000,female,graduate,married,60,1
150000,male,university,married,39,1
160000,male,university,married,40,0
160000,female,highschool,single,30,0
200000,female,university,married,29,0
190000,male,graduate,single,32,0
50000,female,university,married,32,1
50000,male,university,single,24,0
140000,female,university,single,35,0
60000,female,university,single,26,0
10000,female,highschool,married,24,0
400000,male,graduate,single,28,0
500000,female,graduate,single,44,0
320000,female,university,single,24,0
240000,male,graduate,married,50,0
110000,female,highschool,married,44,0
240000,male,graduate,single,29,1
50000,female,highschool,single,31,1
100000,female,highschool,single,46,0
50000,male,graduate,single,25,0
50000,male,highschool,single,24,1
50000,male,university,married,43,1
150000,female,university,single,30,0
200000,female,university,married,37,0
80000,female,university,single,28,0
360000,male,graduate,married,35,0
120000,male,university,single,49,0
230000,male,graduate,single,28,0
60000,female,university,married,34,1
90000,male,university,married,37,0
50000,male,university,single,29,1
240000,male,university,married,31,0
230000,female,university,married,42,0
80000,female,graduate,single,23,0
400000,female,graduate,single,28,0
120000,male,graduate,married,45,0
250000,male,graduate,married,39,0
30000,female,graduate,single,24,0
150000,female,graduate,married,54,0
310000,male,highschool,single,37,0
150000,male,university,single,34,0
80000,female,graduate,single,29,0
200000,female,graduate,married,37,1
50000,male,university,single,24,0
190000,male,university,married,23,1
50000,male,university,single,33,0
100000,male,university,single,31,1
150000,male,graduate,married,33,0
80000,male,university,single,43,0
200000,male,university,married,30,0
120000,female,highschool,single,46,0
60000,female,university,married,49,1
450000,female,other,married,51,0
120000,male,graduate,single,32,1
130000,male,university,married,43,0
240000,female,graduate,single,36,1
90000,female,university,single,26,0
210000,male,university,single,25,1
90000,female,university,single,23,0
420000,female,graduate,married,40,0
290000,male,graduate,married,63,1
390000,male,graduate,single,29,0
230000,male,graduate,single,32,0
90000,female,university,married,29,0
280000,female,university,married,45,0
280000,female,graduate,single,28,0
30000,female,highschool,married,25,0
20000,male,university,married,38,0
180000,female,graduate,married,43,0
70000,female,highschool,single,26,1
230000,female,university,married,34,0
50000,male,university,single,36,0
250000,male,university,married,47,0
140000,male,graduate,married,47,0
140000,female,university,married,41,0
130000,female,graduate,single,25,0
120000,female,university,married,40,0
60000,female,university,single,43,1
80000,female,highschool,single,32,0
240000,female,graduate,married,41,0
50000,male,highschool,married,32,1
270000,female,graduate,single,33,0
170000,female,graduate,married,52,0
50000,male,university,married,51,1
230000,female,other,married,29,0
390000,female,graduate,single,26,0
200000,female,university,married,39,1
500000,female,university,married,27,0
30000,female,graduate,single,25,1
450000,female,graduate,single,33,0
50000,male,university,single,25,0
50000,female,graduate,single,26,0
220000,male,graduate,single,48,0
30000,female,university,single,33,0
50000,female,highschool,married,42,0
50000,male,university,married,31,0
30000,female,university,single,24,1
200000,female,graduate,single,42,1
50000,female,university,married,46,1
80000,female,university,single,26,0
20000,male,highschool,married,26,1
70000,female,university,married,44,0
130000,male,highschool,married,44,0
200000,male,highschool,married,34,0
320000,female,graduate,married,34,0
170000,female,graduate,single,27,0
280000,female,graduate,single,30,0
10000,female,university,single,34,0
200000,male,graduate,married,35,0
70000,male,university,single,27,0
230000,female,graduate,single,45,0
150000,female,graduate,single,40,0
320000,female,graduate,married,29,0
50000,male,graduate,single,25,0
200000,female,university,married,44,1
200000,male,university,married,39,1
160000,female,university,single,29,0
380000,male,graduate,single,42,0
50000,male,university,married,51,1
500000,female,university,married,51,0
150000,male,highschool,married,34,0
90000,male,university,single,33,1
60000,male,university,divorce,46,1
140000,male,graduate,single,27,0
220000,female,graduate,single,40,0
450000,male,highschool,single,41,0
200000,male,university,married,48,0
140000,female,graduate,single,34,1
290000,female,graduate,married,46,1
260000,male,graduate,single,34,0
60000,female,graduate,single,27,0
280000,male,graduate,single,31,0
310000,female,highschool,married,40,0
80000,female,highschool,married,50,0
150000,female,graduate,single,33,0
80000,male,university,single,28,0
480000,female,university,married,45,1
350000,female,university,married,34,0
230000,male,graduate,single,30,0
180000,male,highschool,single,46,0
50000,male,university,married,32,1
310000,female,university,married,43,1
10000,male,graduate,married,41,0
280000,male,graduate,single,25,0
50000,male,university,single,52,1
50000,female,university,single,51,1
10000,female,graduate,single,22,0
290000,male,graduate,married,43,0
240000,male,graduate,single,33,0
100000,female,university,single,26,1
160000,female,university,single,25,0
230000,male,university,married,46,0
230000,female,university,married,46,0
300000,female,highschool,married,41,0
500000,male,highschool,single,32,0
200000,male,graduate,single,29,0
210000,female,graduate,single,44,0
50000,female,university,single,23,0
130000,male,university,single,25,0
90000,female,university,married,37,0
80000,female,highschool,married,36,0
30000,male,highschool,single,23,0
480000,female,university,single,30,0
80000,female,highschool,married,41,0
90000,female,university,single,24,0
70000,male,university,married,31,0
50000,male,highschool,single,31,0
110000,female,highschool,married,39,0
120000,male,university,single,30,0
180000,male,university,single,24,0
50000,male,university,single,33,1
150000,female,graduate,married,29,0
340000,female,graduate,single,30,0
300000,female,university,single,33,0
150000,female,graduate,married,36,1
30000,male,graduate,single,38,0
50000,male,university,single,52,0
100000,male,graduate,married,42,1
270000,female,university,married,35,0
320000,male,graduate,married,43,1
160000,male,university,single,26,0
300000,female,graduate,single,26,0
30000,female,university,married,49,1
290000,male,highschool,married,41,0
180000,female,university,married,49,0
150000,male,graduate,married,57,0
60000,female,university,married,30,0
260000,female,graduate,single,33,0
150000,male,university,married,32,1
230000,male,highschool,married,55,0
250000,female,graduate,single,29,0
70000,female,university,married,29,0
360000,male,highschool,married,44,1
200000,male,graduate,married,34,0
30000,female,graduate,single,30,0
20000,male,university,married,30,0
80000,male,highschool,single,66,0
260000,female,graduate,single,32,0
210000,female,university,married,35,0
50000,male,highschool,married,35,0
140000,male,graduate,single,26,0
90000,male,highschool,married,42,0
20000,male,university,married,31,0
360000,male,graduate,married,44,0
580000,female,university,married,57,0
180000,male,university,single,39,0
60000,male,university,married,51,0
60000,female,university,married,25,0
50000,male,university,single,30,0
100000,female,university,married,39,0
380000,male,graduate,married,46,0
310000,female,graduate,married,37,0
50000,male,university,single,37,1
20000,male,university,single,33,0
30000,female,university,single,50,0
50000,female,university,single,32,1
30000,female,highschool,divorce,52,1
490000,male,graduate,married,42,0
500000,female,graduate,single,34,0
80000,male,highschool,single,27,0
200000,male,university,married,33,0
360000,male,graduate,single,29,0
30000,male,university,married,39,1
170000,female,graduate,married,36,0
10000,male,university,single,21,0
230000,female,university,married,52,0
200000,male,graduate,married,49,1
160000,female,graduate,single,35,0
270000,male,university,married,34,1
80000,male,university,single,28,0
360000,female,graduate,single,29,1
140000,female,university,single,27,0
80000,female,highschool,single,43,0
200000,female,graduate,single,25,0
80000,female,graduate,single,25,0
390000,male,graduate,married,35,0
80000,female,university,single,31,1
80000,female,highschool,married,44,1
20000,male,university,married,31,1
30000,female,highschool,single,22,0
60000,male,other,single,23,0
100000,female,university,single,25,0
100000,male,university,married,52,0
40000,female,highschool,married,48,0
120000,female,graduate,single,30,0
20000,female,highschool,married,56,0
310000,female,university,single,26,0
50000,male,university,single,23,1
500000,male,university,married,49,0
290000,male,highschool,married,40,0
30000,male,university,single,34,0
100000,female,graduate,single,23,0
360000,female,graduate,single,31,0
20000,male,highschool,married,51,1
150000,female,university,married,37,1
360000,female,graduate,married,31,0
490000,female,university,married,30,0
40000,female,university,married,44,0
100000,female,highschool,married,36,0
20000,female,university,single,24,0
500000,female,university,married,32,0
50000,male,university,single,28,0
260000,male,graduate,single,34,0
140000,female,university,married,49,0
260000,male,graduate,single,49,0
200000,female,graduate,single,32,0
50000,female,university,single,28,0
200000,female,graduate,single,32,0
20000,female,university,single,26,0
10000,male,highschool,single,24,0
30000,male,university,single,34,0
170000,female,highschool,married,40,0
50000,female,highschool,married,45,0
420000,female,graduate,single,34,1
70000,female,university,married,30,0
300000,female,university,married,31,0
500000,male,university,single,31,0
20000,female,university,single,49,0
280000,female,graduate,single,30,0
150000,male,graduate,married,41,0
180000,male,university,married,35,0
50000,male,graduate,single,25,0
150000,female,university,single,24,0
30000,male,university,single,26,0
250000,male,graduate,married,37,0
300000,female,highschool,married,39,0
80000,male,university,married,30,0
50000,female,highschool,married,58,0
120000,male,highschool,married,36,0
330000,female,university,married,39,1
140000,female,university,divorce,30,0
150000,female,university,married,50,0
330000,male,graduate,married,57,0
380000,female,graduate,married,34,0
50000,male,university,married,32,0
120000,female,graduate,single,26,0
150000,female,university,married,37,0
130000,female,university,married,38,0
160000,female,university,single,27,0
30000,female,highschool,married,44,0
370000,male,university,married,33,0
180000,female,graduate,married,51,0
50000,male,university,married,54,0
170000,female,graduate,single,34,1
60000,female,university,married,25,1
20000,male,university,single,34,0
20000,male,university,single,23,1
50000,female,graduate,single,25,0
150000,female,highschool,single,52,0
170000,female,university,married,34,0
30000,female,university,married,43,0
50000,female,graduate,single,25,1
100000,male,university,single,25,0
500000,male,graduate,married,53,0
180000,male,graduate,single,35,0
280000,male,graduate,single,33,0
50000,female,university,single,27,0
360000,female,university,married,49,0
170000,male,graduate,married,44,0
90000,male,university,married,36,1
50000,female,university,married,25,0
20000,male,graduate,married,24,1
220000,female,university,married,34,0
200000,female,other,single,25,0
70000,female,graduate,single,29,0
400000,female,graduate,married,28,1
90000,female,graduate,married,36,0
50000,female,highschool,single,54,1
60000,male,highschool,married,31,1
50000,female,highschool,married,47,0
100000,male,graduate,married,52,1
180000,female,university,married,34,1
210000,female,graduate,married,42,0
430000,female,graduate,married,35,0
20000,female,university,married,41,0
40000,female,university,married,51,1
180000,female,graduate,single,27,0
140000,female,graduate,single,28,0
30000,female,highschool,single,45,0
210000,male,graduate,married,36,0
90000,male,university,married,35,1
160000,female,graduate,married,29,0
130000,female,university,single,27,0
10000,female,university,single,21,1
170000,male,university,married,39,0
20000,male,university,single,29,0
50000,female,graduate,single,29,0
360000,male,graduate,married,59,0
50000,female,graduate,single,23,0
80000,female,graduate,single,25,0
160000,male,graduate,single,32,0
380000,male,graduate,married,37,0
220000,female,graduate,single,32,0
50000,male,highschool,single,54,0
140000,female,university,single,50,0
270000,male,graduate,single,48,0
50000,male,university,single,26,0
100000,female,university,single,25,1
360000,male,university,single,28,0
20000,male,university,single,39,0
50000,male,university,single,27,0
360000,female,university,single,46,0
20000,female,university,married,50,0
100000,male,highschool,single,42,0
80000,male,graduate,single,27,0
140000,male,highschool,married,39,0
390000,female,graduate,married,28,0
350000,male,graduate,married,39,0
170000,male,university,married,48,0
270000,female,highschool,married,37,0
460000,female,highschool,married,42,0
200000,female,highschool,single,37,0
450000,female,graduate,single,28,0
240000,male,graduate,married,47,0
260000,female,graduate,single,29,0
110000,female,university,married,34,0
50000,male,university,married,51,0
250000,female,highschool,divorce,49,0
380000,male,graduate,married,41,1
110000,female,university,married,28,0
200000,female,graduate,married,44,0
500000,female,graduate,single,41,0
260000,female,university,married,35,0
270000,female,university,married,38,0
150000,male,university,single,29,0
30000,female,highschool,divorce,42,0
290000,female,graduate,single,46,0
200000,male,university,single,30,0
210000,female,graduate,single,35,0
100000,female,university,married,49,0
50000,female,university,married,45,0
210000,female,highschool,single,56,0
240000,male,university,married,44,0
140000,female,university,single,25,0
50000,male,university,married,49,0
360000,female,graduate,married,27,1
180000,male,university,married,47,0
100000,male,university,single,36,0
90000,female,university,married,29,0
90000,female,graduate,married,37,0
90000,male,university,married,52,0
30000,male,highschool,single,25,1
300000,male,university,single,29,0
20000,male,highschool,married,36,0
30000,female,graduate,single,25,1
50000,female,graduate,single,27,0
50000,male,highschool,married,45,0
30000,female,graduate,single,22,1
60000,female,graduate,single,28,0
200000,female,graduate,single,25,1
450000,female,university,married,39,0
140000,female,university,married,32,0
120000,female,university,married,47,0
270000,female,university,single,45,0
130000,male,graduate,single,46,1
50000,male,university,married,27,0
220000,female,university,married,52,0
50000,male,university,married,26,0
20000,male,university,single,36,0
110000,male,highschool,married,54,0
70000,female,graduate,single,36,0
380000,female,highschool,married,38,0
160000,male,other,single,26,0
70000,male,highschool,other,35,0
90000,female,university,single,29,0
130000,male,highschool,divorce,52,1
240000,female,graduate,single,26,0
120000,male,highschool,married,32,0
240000,female,graduate,married,44,0
300000,male,graduate,single,45,0
100000,female,university,married,40,0
200000,female,graduate,single,25,0
50000,male,university,married,39,0
100000,female,graduate,married,40,0
500000,male,graduate,single,39,0
20000,male,other,single,50,0
280000,female,graduate,single,39,0
160000,female,graduate,single,23,0
30000,male,university,single,21,0
50000,male,graduate,divorce,45,0
20000,male,graduate,single,24,0
140000,male,graduate,single,32,0
130000,male,highschool,single,27,0
100000,female,university,single,23,0
100000,male,university,single,25,0
50000,male,university,single,26,1
360000,male,graduate,single,31,0
10000,male,highschool,divorce,42,1
50000,male,highschool,married,65,0
10000,male,university,single,24,0
210000,male,graduate,married,38,1
320000,male,university,married,31,0
70000,female,university,single,23,0
160000,female,university,single,24,1
180000,male,university,married,36,1
70000,female,university,married,27,1
280000,female,university,single,30,0
40000,male,graduate,single,29,0
50000,female,highschool,single,51,0
80000,female,other,married,25,0
30000,male,highschool,single,42,1
20000,female,university,married,24,0
130000,female,university,single,42,0
10000,male,university,single,25,0
70000,female,graduate,single,25,0
280000,male,graduate,single,34,0
300000,male,graduate,married,34,0
50000,female,university,married,40,1
230000,male,university,married,29,0
80000,female,university,married,39,0
50000,male,graduate,single,38,1
470000,female,university,single,40,0
210000,male,university,single,39,0
200000,female,graduate,single,32,0
50000,male,university,married,46,0
300000,female,university,married,37,0
500000,female,graduate,married,33,0
150000,female,university,married,36,0
50000,male,university,single,25,0
270000,male,graduate,married,37,1
60000,female,university,single,27,1
200000,female,highschool,single,31,0
50000,female,university,single,23,0
140000,female,graduate,single,31,1
120000,female,university,single,25,0
20000,male,university,married,29,0
210000,female,graduate,single,30,0
70000,female,highschool,single,27,0
230000,male,university,single,37,1
270000,female,university,married,33,0
20000,male,graduate,single,56,0
120000,female,graduate,single,30,0
140000,female,graduate,single,24,0
180000,female,university,single,33,0
190000,male,graduate,married,36,0
100000,female,university,single,29,0
50000,female,graduate,single,26,0
150000,male,highschool,married,44,0
250000,female,university,married,38,0
220000,female,graduate,married,24,1
200000,male,highschool,single,28,0
250000,female,university,married,44,0
280000,female,graduate,single,32,0
30000,male,highschool,married,64,1
80000,female,university,single,29,0
380000,female,university,single,31,0
350000,female,university,married,32,0
160000,male,graduate,single,48,1
70000,male,highschool,married,45,1
150000,male,graduate,married,33,0
160000,female,graduate,married,39,0
40000,male,university,single,27,1
350000,female,university,single,30,0
50000,male,highschool,single,27,1
220000,female,graduate,married,38,0
200000,female,graduate,married,26,0
390000,male,graduate,married,41,0
330000,male,graduate,single,32,0
100000,male,graduate,married,60,1
70000,female,university,married,58,0
240000,female,graduate,married,41,0
30000,male,university,single,23,0
30000,female,university,married,43,1
160000,male,university,single,29,0
120000,female,university,married,40,0
10000,female,university,married,55,1
470000,male,graduate,single,33,0
200000,female,university,single,26,1
50000,male,other,single,22,0
90000,female,graduate,single,29,0
220000,female,graduate,married,35,0
40000,female,university,single,23,1
200000,male,highschool,married,50,1
120000,male,university,married,43,0
210000,male,graduate,married,43,1
30000,female,university,single,22,0
110000,male,university,married,54,1
280000,male,university,married,35,0
150000,female,graduate,married,31,0
20000,male,highschool,single,49,0
80000,male,university,single,25,0
50000,male,university,married,43,1
170000,male,graduate,single,36,0
200000,male,graduate,married,45,1
300000,male,graduate,single,38,0
100000,male,university,married,46,1
80000,male,graduate,single,28,0
30000,male,graduate,married,32,1
80000,female,graduate,married,35,0
60000,male,graduate,single,30,1
110000,female,university,single,24,0
10000,female,university,married,46,1
290000,female,highschool,single,32,0
30000,male,graduate,single,26,0
60000,male,university,single,45,0
150000,male,highschool,married,49,0
750000,female,highschool,married,40,0
30000,male,university,married,29,0
160000,female,university,single,51,0
50000,female,university,married,31,1
50000,female,graduate,single,42,0
160000,male,university,single,30,0
150000,female,graduate,single,23,0
30000,female,university,married,42,0
350000,male,graduate,married,35,0
20000,female,graduate,single,24,0
50000,male,university,single,39,0
180000,male,highschool,married,27,1
30000,male,highschool,single,23,1
100000,male,university,married,52,0
20000,male,university,single,24,0
80000,male,graduate,single,29,0
150000,male,university,married,43,0
230000,female,graduate,single,30,0
50000,male,graduate,married,25,0
210000,female,graduate,single,39,0
50000,male,university,divorce,41,0
240000,female,university,married,37,0
500000,female,highschool,single,40,0
210000,male,university,single,28,0
160000,female,university,married,40,0
250000,female,graduate,single,48,1
500000,female,graduate,single,46,0
100000,male,university,married,35,1
20000,female,university,single,26,0
30000,female,university,married,30,0
50000,female,graduate,single,27,0
160000,male,university,single,27,0
50000,male,highschool,single,28,0
90000,female,highschool,married,25,1
20000,male,university,single,28,0
50000,male,graduate,married,44,0
230000,female,highschool,single,39,0
150000,male,university,single,31,0
50000,male,graduate,single,45,0
280000,female,graduate,single,36,0
500000,female,graduate,married,37,0
90000,female,university,married,47,0
360000,male,graduate,single,29,0
140000,male,university,single,50,0
140000,male,graduate,single,44,0
230000,female,graduate,single,44,1
50000,female,university,single,25,0
130000,female,university,married,50,0
330000,female,graduate,single,44,1
210000,male,graduate,single,30,0
10000,female,graduate,married,27,0
50000,female,university,married,54,0
100000,female,graduate,married,46,0
70000,female,highschool,married,26,0
50000,female,university,married,45,0
170000,female,graduate,married,28,0
100000,female,university,married,50,1
80000,male,graduate,married,36,0
150000,male,highschool,single,27,0
50000,female,highschool,single,23,0
80000,male,university,married,34,0
120000,female,graduate,single,24,0
470000,male,highschool,married,47,0
80000,female,highschool,married,52,0
60000,male,graduate,single,30,0
80000,male,university,single,42,0
50000,male,university,married,57,1
500000,male,graduate,married,43,1
110000,male,university,single,26,0
80000,female,university,married,44,0
50000,male,university,single,27,1
400000,female,graduate,married,44,1
90000,female,graduate,single,29,0
150000,female,other,married,53,0
360000,female,graduate,married,35,0
170000,male,highschool,married,29,0
110000,male,highschool,single,37,1
220000,female,graduate,single,29,0
200000,female,university,married,36,0
500000,female,graduate,single,47,0
340000,male,graduate,married,48,0
180000,female,university,single,32,0
490000,male,graduate,single,44,0
60000,female,university,single,26,0
250000,male,graduate,single,30,0
20000,female,university,single,30,1
170000,male,highschool,married,39,0
160000,female,highschool,single,37,1
80000,female,graduate,single,25,0
380000,female,graduate,married,36,0
70000,female,highschool,married,33,1
80000,male,graduate,single,29,0
380000,male,university,married,58,0
230000,female,graduate,single,24,0
130000,male,university,single,28,1
160000,female,graduate,married,35,0
50000,female,highschool,married,42,0
180000,male,graduate,married,45,0
220000,female,university,single,31,0
200000,female,highschool,married,41,1
520000,male,highschool,married,41,1
30000,male,university,single,46,1
150000,female,university,divorce,41,0
210000,female,university,married,32,0
50000,female,university,single,36,1
20000,female,university,married,37,0
290000,male,graduate,married,44,0
50000,female,university,single,32,0
130000,female,highschool,married,42,0
60000,male,university,single,24,0
20000,male,graduate,single,25,0
160000,female,university,single,35,0
250000,female,highschool,married,39,0
80000,male,highschool,married,38,0
60000,female,university,married,33,0
80000,male,university,single,30,1
60000,male,university,single,25,0
410000,male,graduate,married,38,0
240000,female,graduate,single,34,0
30000,male,highschool,single,46,1
200000,female,university,single,31,0
180000,female,university,married,46,0
100000,male,university,single,32,0
50000,female,other,single,42,1
60000,female,highschool,single,45,1
50000,female,graduate,single,26,1
240000,female,graduate,married,34,0
220000,female,graduate,single,29,0
40000,male,highschool,single,42,0
80000,female,graduate,single,23,0
320000,male,university,single,52,0
420000,male,university,married,43,0
500000,male,university,married,48,0
290000,female,university,single,24,0
190000,male,graduate,married,45,0
100000,male,graduate,single,33,1
230000,female,university,single,26,0
50000,male,university,married,36,0
210000,male,university,married,43,0
90000,female,university,single,24,1
480000,male,highschool,married,56,0
120000,male,graduate,single,41,0
160000,male,university,single,28,0
110000,male,university,married,27,0
260000,female,university,married,60,0
80000,male,graduate,single,24,0
50000,male,university,married,58,0
50000,female,university,married,45,1
100000,female,university,single,29,0
20000,male,highschool,married,56,1
260000,female,graduate,married,44,0
680000,female,graduate,married,42,0
50000,male,university,single,25,0
170000,female,graduate,single,27,0
210000,female,university,married,37,1
500000,male,graduate,married,51,0
180000,female,graduate,married,45,0
340000,female,university,married,37,0
160000,male,highschool,single,30,0
30000,female,university,married,22,1
230000,female,university,married,44,0
30000,male,highschool,single,22,0
480000,male,university,single,33,0
360000,male,graduate,married,44,0
500000,male,graduate,married,50,1
220000,male,graduate,married,37,0
100000,female,graduate,single,29,1
200000,female,university,single,31,0
200000,male,graduate,single,40,0
90000,female,university,single,23,0
50000,male,university,single,24,0
80000,female,university,married,42,1
260000,female,graduate,married,48,0
80000,female,highschool,married,25,0
20000,male,graduate,single,23,1
50000,male,university,single,53,0
90000,female,graduate,single,29,0
290000,male,university,married,30,0
20000,female,highschool,married,30,0
230000,female,graduate,single,36,0
360000,female,university,single,34,0
50000,male,university,single,40,1
80000,male,university,single,36,0
100000,female,university,single,56,1
390000,female,graduate,single,28,0
120000,male,university,married,52,0
20000,female,university,single,35,0
150000,female,university,single,24,1
20000,male,university,married,38,1
20000,male,graduate,married,44,0
250000,male,graduate,single,44,0
230000,female,university,single,25,0
20000,male,highschool,married,40,0
80000,female,university,married,41,0
310000,female,university,single,32,0
480000,male,graduate,single,49,0
20000,female,graduate,single,24,0
50000,male,highschool,married,22,0
190000,male,university,married,35,1
50000,male,university,single,41,0
50000,female,university,single,29,1
50000,male,university,married,38,0
300000,female,university,married,45,0
60000,male,university,married,33,0
260000,male,graduate,single,28,0
190000,male,graduate,single,27,0
500000,male,highschool,divorce,53,0
300000,female,graduate,single,31,0
50000,male,university,single,43,1
50000,female,highschool,married,27,1
130000,female,university,married,42,0
80000,male,graduate,married,38,0
50000,male,university,divorce,37,0
50000,female,university,single,31,0
120000,female,graduate,single,27,0
220000,female,graduate,single,33,0
50000,female,graduate,single,35,0
90000,female,graduate,single,29,0
360000,female,university,single,43,0
280000,female,university,married,49,0
270000,female,graduate,married,57,0
200000,male,graduate,married,31,0
80000,male,highschool,single,25,0
60000,female,graduate,single,34,0
60000,female,university,single,31,0
90000,female,graduate,single,28,0
10000,female,highschool,divorce,48,0
140000,male,university,single,36,0
280000,male,graduate,married,42,1
140000,female,university,married,24,0
110000,male,highschool,married,52,0
120000,female,highschool,single,26,0
130000,female,university,married,39,0
290000,male,university,married,48,0
80000,male,university,married,33,0
50000,female,university,single,22,1
450000,female,university,married,33,0
50000,male,highschool,married,37,1
170000,female,graduate,single,27,0
210000,male,university,single,30,0
30000,female,university,single,23,0
230000,male,graduate,single,33,0
170000,male,university,single,34,1
20000,female,university,single,22,0
50000,male,highschool,married,54,0
100000,female,university,married,42,0
140000,female,graduate,single,27,0
100000,female,graduate,single,30,0
150000,female,graduate,married,37,1
60000,female,highschool,single,23,1
200000,male,highschool,married,33,1
200000,female,graduate,single,27,0
50000,female,graduate,single,35,1
60000,male,university,single,32,0
50000,female,highschool,married,32,1
140000,female,university,married,55,0
640000,female,graduate,single,41,0
210000,male,university,married,41,1
60000,female,university,married,27,0
80000,female,university,married,32,1
290000,female,graduate,married,37,1
150000,female,graduate,single,28,0
200000,female,university,single,40,0
130000,female,university,single,29,1
490000,male,university,single,34,0
200000,male,university,married,40,1
210000,female,graduate,married,54,0
260000,female,graduate,single,29,1
80000,male,university,married,42,0
50000,male,highschool,married,53,0
210000,female,university,single,30,0
210000,female,university,divorce,52,0
40000,female,highschool,married,41,0
110000,female,university,married,33,0
50000,male,graduate,single,49,0
80000,female,graduate,single,27,0
80000,female,graduate,single,37,1
250000,female,graduate,single,43,0
100000,female,graduate,single,27,0
50000,male,university,single,29,1
150000,female,graduate,single,32,1
70000,male,university,single,30,1
150000,male,graduate,single,29,0
360000,female,graduate,single,31,0
90000,male,university,single,29,0
160000,female,university,married,28,0
70000,female,university,single,36,0
360000,female,university,married,33,0
420000,female,graduate,single,33,0
50000,female,university,married,47,0
160000,female,university,single,28,1
100000,female,university,married,38,0
240000,female,highschool,married,41,0
390000,female,graduate,single,42,0
80000,female,university,married,37,0
360000,female,graduate,single,29,1
210000,female,university,married,34,0
320000,female,graduate,single,28,1
20000,female,highschool,married,50,0
180000,female,university,married,27,1
490000,male,university,married,50,0
30000,female,university,single,22,0
290000,female,graduate,married,34,0
340000,female,university,married,46,0
40000,female,university,married,43,0
50000,male,university,single,23,0
30000,male,university,single,30,1
60000,female,graduate,single,34,0
180000,male,other,single,29,0
160000,male,highschool,married,57,0
170000,male,graduate,married,33,0
50000,male,university,married,42,0
50000,male,university,married,45,0
360000,female,graduate,married,32,0
160000,female,university,married,35,1
260000,female,graduate,single,39,0
350000,female,graduate,single,31,0
30000,female,university,single,26,0
180000,female,university,single,27,0
230000,female,graduate,single,30,0
50000,female,graduate,single,29,0
370000,male,university,married,38,1
30000,male,university,married,42,0
280000,male,graduate,single,31,0
210000,female,university,single,53,1
150000,female,graduate,married,49,0
170000,female,graduate,single,30,0
80000,male,university,single,28,0
30000,female,university,married,29,1
50000,male,university,single,38,0
140000,female,university,single,24,0
30000,female,graduate,married,22,0
50000,male,university,married,45,0
20000,male,graduate,single,24,0
180000,male,graduate,married,37,0
30000,male,university,single,46,0
210000,male,university,single,26,0
30000,male,university,single,35,0
50000,female,university,single,31,0
270000,female,graduate,single,31,0
70000,female,university,single,25,0
110000,male,university,single,32,0
20000,female,graduate,single,24,1
150000,male,university,married,37,1
420000,male,graduate,married,59,0
20000,male,graduate,single,24,0
50000,male,university,single,51,0
170000,male,graduate,single,51,0
20000,male,highschool,married,35,0
360000,female,highschool,single,36,1
280000,female,graduate,single,34,0
340000,male,graduate,single,35,0
180000,male,graduate,married,46,1
280000,male,graduate,single,33,1
60000,male,graduate,single,27,1
150000,male,graduate,married,56,1
300000,female,graduate,single,24,0
210000,female,graduate,married,34,0
50000,male,graduate,single,29,0
140000,female,graduate,single,30,0
180000,female,graduate,single,42,0
380000,male,highschool,married,44,0
10000,female,university,single,22,0
50000,male,highschool,married,45,0
50000,female,university,single,22,1
50000,female,graduate,single,25,0
140000,female,university,married,37,0
110000,male,university,single,36,0
260000,male,university,married,63,0
50000,female,university,single,26,0
180000,female,graduate,single,30,0
150000,female,university,single,26,0
80000,female,graduate,married,39,0
210000,female,graduate,single,31,0
320000,male,graduate,married,44,0
100000,female,university,married,36,0
100000,female,graduate,married,35,0
50000,male,graduate,single,24,0
240000,male,highschool,married,43,1
300000,female,graduate,single,33,0
200000,female,graduate,single,30,1
270000,female,graduate,married,31,0
150000,female,graduate,single,26,1
260000,female,university,single,29,0
50000,female,university,single,24,0
130000,female,university,married,32,1
80000,female,graduate,single,28,0
20000,male,graduate,single,32,0
410000,female,university,married,50,0
80000,male,university,married,36,1
160000,female,highschool,married,58,0
500000,female,graduate,single,40,0
20000,female,university,married,36,0
180000,female,other,married,34,0
200000,female,university,married,45,1
310000,male,highschool,married,44,0
160000,male,graduate,single,40,0
170000,female,highschool,married,61,0
500000,male,graduate,married,45,1
140000,female,graduate,single,28,0
80000,female,highschool,married,48,0
420000,female,university,single,28,0
90000,female,highschool,other,24,0
280000,female,graduate,single,31,0
20000,male,highschool,married,44,0
170000,female,university,married,31,0
30000,female,university,single,26,0
20000,male,highschool,single,26,0
280000,female,graduate,married,49,1
30000,female,highschool,single,40,0
170000,female,graduate,married,38,0
290000,female,graduate,married,38,0
290000,female,graduate,single,24,0
360000,female,university,single,33,0
190000,female,university,married,34,0
90000,male,university,single,26,0
20000,male,highschool,single,48,0
290000,female,university,married,42,0
460000,female,graduate,single,38,0
230000,female,graduate,single,26,0
170000,male,university,married,37,0
180000,female,graduate,married,40,0
20000,male,university,single,27,0
50000,male,university,married,25,0
200000,male,graduate,single,30,0
80000,female,highschool,married,53,0
380000,male,graduate,married,53,0
500000,male,graduate,married,40,1
170000,male,university,married,49,1
20000,female,graduate,single,23,0
320000,female,university,married,32,0
50000,female,graduate,single,23,1
400000,male,university,married,45,0
320000,female,graduate,single,33,0
200000,male,graduate,single,28,0
20000,male,graduate,single,28,1
230000,female,highschool,single,42,1
130000,female,graduate,single,29,1
310000,male,graduate,single,28,1
50000,female,highschool,single,58,0
90000,male,highschool,single,45,0
260000,female,highschool,married,42,0
270000,male,graduate,single,36,0
210000,female,graduate,single,30,0
220000,female,university,single,52,0
80000,male,university,single,30,1
50000,female,highschool,single,61,0
20000,female,university,married,39,0
20000,female,graduate,single,23,0
100000,female,graduate,single,25,0
320000,male,university,single,32,0
200000,female,university,single,31,0
80000,female,graduate,single,25,0
120000,female,university,married,34,1
20000,male,university,single,43,0
200000,female,graduate,married,35,0
140000,female,university,married,24,0
50000,male,university,married,52,1
60000,male,university,single,25,0
50000,male,university,single,30,0
200000,female,university,single,33,0
20000,male,university,married,53,1
200000,female,graduate,married,32,0
350000,female,highschool,married,49,0
50000,female,highschool,married,40,1
120000,male,university,married,44,1
150000,male,university,married,35,0
180000,female,university,married,48,0
120000,female,university,single,27,1
130000,female,graduate,married,55,0
80000,female,university,married,41,0
390000,female,university,married,49,0
50000,female,graduate,single,27,1
50000,male,university,single,31,0
320000,female,university,married,29,1
50000,female,university,divorce,48,1
200000,female,university,married,43,0
30000,male,highschool,single,59,1
290000,female,university,married,36,0
50000,female,highschool,married,57,0
50000,female,university,married,52,0
140000,male,highschool,married,45,1
50000,male,university,married,43,1
80000,female,university,single,23,0
50000,female,graduate,single,31,0
280000,female,university,single,28,0
80000,female,university,married,53,0
60000,female,university,married,29,0
360000,female,graduate,single,26,0
520000,male,university,single,32,0
210000,female,university,married,43,1
360000,male,graduate,single,26,0
100000,male,graduate,single,27,0
50000,female,highschool,married,45,1
280000,female,university,married,31,0
120000,male,graduate,single,26,0
50000,male,graduate,single,29,1
360000,female,graduate,married,48,0
140000,female,university,married,35,1
130000,male,graduate,single,25,0
240000,female,graduate,married,33,0
70000,female,highschool,single,40,0
80000,male,university,divorce,45,0
20000,female,other,divorce,35,0
180000,female,university,single,29,1
80000,male,university,single,25,0
300000,female,university,single,39,0
70000,male,university,single,31,0
180000,female,graduate,married,30,1
150000,male,university,married,33,0
30000,female,highschool,single,36,1
180000,female,graduate,single,24,0
20000,male,university,single,31,0
30000,male,university,single,29,0
500000,male,graduate,single,38,1
290000,female,graduate,single,29,0
500000,female,university,married,47,0
150000,male,university,single,37,0
200000,male,graduate,married,37,1
50000,female,university,single,23,0
180000,female,graduate,married,47,1
150000,female,graduate,married,40,0
210000,female,university,single,34,1
30000,female,other,single,23,0
360000,male,highschool,married,51,0
60000,female,university,married,38,0
230000,female,university,single,25,0
260000,male,highschool,married,39,0
210000,female,university,single,34,0
200000,female,graduate,single,42,0
20000,male,university,married,37,0
30000,male,highschool,single,53,0
180000,female,graduate,single,32,1
50000,male,university,married,28,1
200000,male,highschool,married,43,0
140000,female,graduate,single,27,0
250000,female,graduate,single,42,0
200000,male,graduate,married,43,0
80000,female,graduate,single,30,0
60000,female,highschool,married,48,0
360000,female,graduate,single,29,0
50000,male,graduate,single,23,1
240000,female,highschool,single,36,0
330000,female,university,single,30,1
50000,female,university,single,25,1
110000,male,highschool,single,33,1
30000,male,highschool,single,29,1
20000,male,university,married,36,1
20000,male,graduate,single,43,1
160000,male,graduate,single,31,0
80000,male,university,single,24,0
180000,female,graduate,married,47,0
80000,male,university,single,27,0
150000,male,graduate,single,30,0
130000,male,graduate,single,29,1
240000,male,highschool,single,32,0
400000,female,graduate,single,28,0
500000,male,university,single,32,0
20000,male,graduate,single,22,1
240000,male,graduate,single,35,0
110000,female,university,married,26,1
80000,female,university,single,26,0
50000,male,highschool,married,58,0
330000,male,graduate,married,37,0
200000,male,highschool,married,40,0
230000,female,other,married,32,0
140000,female,university,single,26,1
360000,male,university,married,34,0
70000,male,highschool,married,46,1
360000,female,university,married,40,0
260000,female,graduate,single,27,0
80000,female,highschool,divorce,29,0
180000,female,university,single,48,0
190000,female,graduate,single,30,0
190000,male,graduate,married,50,1
260000,male,graduate,married,39,0
200000,male,university,single,27,1
340000,female,graduate,single,47,1
200000,female,university,married,47,0
150000,female,graduate,married,36,0
100000,male,university,married,40,0
100000,female,university,married,45,1
200000,female,other,single,34,0
230000,male,graduate,single,39,0
200000,male,graduate,married,40,0
140000,male,graduate,single,28,0
30000,male,university,single,24,0
100000,female,university,single,30,0
50000,male,university,married,41,1
330000,female,graduate,married,41,0
500000,female,graduate,married,36,1
500000,female,university,single,31,0
50000,female,university,single,28,0
50000,female,graduate,single,25,0
50000,female,university,married,42,0
20000,male,university,married,51,0
70000,female,highschool,single,24,0
60000,female,graduate,single,34,1
230000,male,graduate,single,36,0
60000,male,highschool,married,58,0
330000,male,university,married,43,0
500000,female,graduate,married,35,0
30000,female,highschool,married,45,0
160000,female,graduate,married,53,0
110000,male,university,single,40,0
50000,female,graduate,single,35,0
50000,female,university,married,43,0
20000,male,graduate,single,25,1
50000,male,university,single,23,0
210000,male,graduate,single,28,0
500000,female,university,married,30,0
320000,male,highschool,married,50,0
350000,female,graduate,single,32,0
50000,male,highschool,single,27,0
50000,female,university,married,34,0
20000,female,university,married,33,1
80000,female,university,married,47,1
170000,male,graduate,single,35,0
50000,female,university,married,24,1
400000,male,highschool,single,49,0
90000,female,university,single,48,1
50000,male,university,single,22,0
60000,female,graduate,single,24,0
50000,female,university,single,50,0
250000,female,graduate,married,45,0
320000,female,highschool,single,53,1
260000,female,graduate,single,27,0
20000,male,university,single,24,0
50000,male,graduate,single,25,0
50000,male,university,married,35,0
50000,male,graduate,single,35,0
150000,female,graduate,single,27,0
20000,female,university,single,21,1
190000,female,graduate,married,39,1
250000,male,graduate,married,46,0
380000,male,graduate,married,32,0
330000,female,university,single,28,0
50000,female,university,single,31,0
140000,female,graduate,single,31,0
20000,female,university,single,50,1
70000,female,graduate,single,28,0
160000,female,graduate,single,31,0
240000,female,university,married,34,0
300000,female,graduate,single,27,0
70000,male,university,single,28,0
30000,female,university,married,28,1
390000,female,graduate,single,32,0
20000,female,university,single,40,0
330000,female,graduate,married,44,0
420000,female,graduate,single,29,0
200000,male,graduate,married,63,0
70000,male,university,single,29,1
180000,female,university,married,40,0
260000,female,highschool,divorce,55,0
80000,female,highschool,single,25,0
250000,female,graduate,single,32,0
140000,male,graduate,single,29,0
40000,female,university,single,24,1
50000,female,university,married,36,0
210000,female,university,married,37,0
180000,female,university,married,33,0
50000,male,university,single,45,0
320000,female,university,single,54,0
230000,male,graduate,married,41,0
160000,female,university,married,40,0
110000,male,university,single,25,0
250000,female,highschool,married,39,0
20000,female,other,single,37,0
170000,female,graduate,single,28,0
140000,male,highschool,married,32,0
60000,female,university,married,42,1
20000,male,graduate,single,24,1
80000,male,university,married,53,0
60000,male,highschool,single,34,0
210000,female,other,married,35,0
320000,male,university,single,27,0
50000,female,highschool,married,55,0
10000,male,university,divorce,37,0
50000,male,university,single,51,1
140000,female,university,married,33,0
50000,female,university,married,38,0
80000,male,university,married,36,1
300000,female,graduate,married,36,0
520000,female,graduate,single,33,1
200000,female,university,divorce,57,0
200000,female,university,married,35,0
60000,female,university,married,44,0
180000,female,university,married,42,0
120000,female,university,single,24,0
50000,male,university,married,47,0
20000,male,graduate,single,33,0
10000,male,university,single,27,1
520000,male,graduate,single,34,0
500000,female,graduate,married,33,0
50000,male,university,single,24,0
200000,female,university,married,29,0
360000,female,graduate,single,36,0
400000,female,graduate,married,48,0
90000,male,university,single,30,0
90000,female,university,single,29,0
200000,female,graduate,single,29,0
150000,female,graduate,married,38,1
350000,male,university,single,31,0
500000,male,university,married,31,0
160000,female,university,single,24,0
80000,male,graduate,single,35,0
130000,male,university,single,38,0
100000,female,highschool,single,31,0
80000,male,university,married,46,0
50000,female,university,single,24,0
80000,female,graduate,married,50,0
200000,male,graduate,single,27,0
330000,female,university,single,28,0
50000,female,graduate,single,26,1
80000,female,university,single,23,1
270000,female,university,married,33,0
30000,female,highschool,married,60,0
500000,male,university,single,30,0
60000,female,graduate,single,26,0
20000,female,university,married,34,0
180000,female,university,single,28,0
30000,female,university,married,38,0
200000,male,graduate,married,45,0
320000,female,graduate,single,32,0
210000,female,highschool,married,28,0
200000,female,graduate,single,30,0
170000,male,university,single,41,0
50000,male,highschool,married,42,0
20000,female,university,divorce,52,0
20000,female,university,married,22,0
580000,female,graduate,married,31,0
80000,female,highschool,single,25,0
50000,female,graduate,married,38,1
30000,male,university,single,31,0
50000,female,university,married,31,1
20000,male,highschool,single,25,1
100000,female,university,married,41,0
80000,male,highschool,single,48,0
40000,female,highschool,married,48,0
80000,female,highschool,married,27,0
10000,male,highschool,single,31,0
200000,female,graduate,married,41,0
50000,female,university,other,28,0
140000,female,highschool,single,23,0
340000,female,graduate,married,34,0
220000,male,graduate,single,28,1
80000,female,graduate,single,23,1
20000,male,highschool,single,24,1
500000,male,graduate,married,36,0
100000,female,university,married,48,0
150000,male,university,married,39,0
360000,male,university,single,27,0
60000,female,university,married,37,0
500000,male,graduate,married,34,0
270000,female,graduate,single,27,0
230000,female,university,single,30,0
160000,female,university,single,33,0
20000,male,graduate,single,26,0
230000,male,university,married,34,0
50000,female,highschool,single,23,0
500000,female,university,married,52,0
80000,female,highschool,single,30,0
50000,male,highschool,divorce,55,1
20000,male,university,single,29,0
200000,female,graduate,married,40,0
100000,female,university,married,44,0
390000,female,university,married,44,0
450000,male,university,married,44,0
10000,male,highschool,married,40,1
270000,male,university,single,29,0
190000,male,graduate,single,33,0
30000,female,graduate,single,30,0
360000,female,graduate,single,28,0
50000,female,university,single,28,0
240000,female,graduate,married,41,0
150000,male,university,single,26,0
150000,male,university,single,44,0
20000,male,university,single,23,0
50000,male,graduate,single,24,1
40000,female,university,married,38,0
20000,male,graduate,single,25,1
150000,female,graduate,single,29,0
50000,female,university,married,48,0
50000,female,highschool,married,44,1
50000,male,university,single,23,1
50000,male,highschool,single,24,1
200000,female,graduate,single,35,0
200000,male,graduate,single,37,1
120000,female,highschool,married,38,0
90000,male,university,single,28,1
30000,female,graduate,single,24,0
70000,male,graduate,single,29,0
490000,female,university,married,52,0
50000,male,highschool,married,39,0
320000,male,university,married,55,0
50000,female,graduate,single,27,1
140000,female,graduate,single,25,1
500000,female,university,single,49,0
500000,male,graduate,married,58,0
50000,male,graduate,single,34,0
170000,male,highschool,married,31,0
130000,female,highschool,married,36,1
150000,female,highschool,single,27,0
50000,female,graduate,single,25,0
410000,male,graduate,married,48,0
60000,female,other,single,33,0
150000,male,highschool,married,45,0
260000,female,university,married,43,0
230000,male,graduate,married,40,0
50000,male,university,divorce,49,0
230000,female,graduate,single,23,0
280000,female,graduate,married,44,0
500000,male,university,single,67,0
30000,male,university,married,38,0
330000,female,university,married,31,0
180000,male,graduate,married,50,0
30000,male,university,single,47,1
200000,male,graduate,single,36,0
80000,female,highschool,married,41,0
80000,male,university,single,25,1
100000,female,graduate,single,27,0
300000,male,graduate,married,54,0
240000,female,graduate,married,58,1
50000,female,university,married,49,1
50000,female,highschool,married,50,0
100000,male,university,married,42,0
110000,male,highschool,single,40,0
180000,female,university,married,40,0
140000,female,university,single,26,0
80000,male,university,single,28,0
90000,female,graduate,single,26,0
90000,male,highschool,married,45,1
240000,female,university,single,41,0
150000,male,graduate,married,41,0
240000,female,graduate,single,33,0
80000,male,highschool,single,34,0
110000,female,university,married,42,0
120000,female,university,single,39,0
360000,female,university,married,42,0
150000,male,other,single,30,0
80000,male,graduate,married,53,0
140000,male,university,married,47,1
50000,male,university,married,40,0
20000,female,highschool,married,36,0
240000,female,graduate,married,29,0
50000,male,graduate,single,49,0
380000,male,graduate,married,57,0
30000,male,university,single,49,0
50000,female,university,married,31,0
160000,female,university,married,36,1
50000,male,university,divorce,53,0
80000,female,highschool,single,31,0
70000,female,university,single,28,1
200000,male,graduate,single,29,0
100000,female,highschool,married,28,1
180000,male,university,single,38,1
360000,male,highschool,married,53,0
230000,male,graduate,single,39,0
190000,female,university,married,48,0
260000,male,graduate,single,32,0
30000,female,university,single,25,0
150000,female,highschool,single,25,0
80000,female,university,single,34,0
80000,male,university,married,37,1
180000,female,highschool,married,43,0
350000,female,graduate,single,33,0
200000,female,highschool,married,30,0
140000,male,university,single,27,0
20000,male,graduate,single,25,1
20000,female,highschool,divorce,55,1
220000,male,graduate,single,37,0
290000,female,graduate,single,36,1
80000,female,highschool,married,40,0
16000,female,university,married,48,0
100000,female,university,married,33,0
390000,female,university,married,37,0
550000,female,graduate,single,35,0
80000,female,university,single,31,0
150000,female,university,married,39,0
20000,female,university,married,27,0
20000,female,university,single,21,0
100000,female,highschool,single,29,0
30000,male,highschool,single,28,1
80000,female,highschool,married,47,0
30000,male,graduate,single,33,1
140000,male,highschool,single,23,0
200000,male,university,single,32,0
290000,male,graduate,single,41,0
50000,male,university,single,23,0
260000,female,graduate,single,28,0
60000,male,university,married,24,0
280000,male,graduate,married,34,0
100000,female,graduate,single,36,0
290000,female,highschool,married,48,0
50000,male,highschool,married,49,0
150000,male,graduate,single,66,0
390000,female,graduate,married,39,0
180000,female,university,married,44,0
290000,female,university,married,55,1
180000,male,university,single,34,0
80000,female,graduate,single,31,0
450000,female,graduate,married,42,0
20000,male,university,single,37,0
80000,male,graduate,single,25,0
100000,female,university,single,36,0
70000,male,highschool,married,39,0
330000,male,highschool,married,49,0
200000,male,graduate,single,30,0
30000,male,graduate,single,36,0
200000,female,highschool,married,69,1
80000,female,graduate,single,27,0
340000,female,graduate,single,40,0
20000,female,university,single,56,1
130000,female,graduate,single,29,0
400000,male,graduate,single,31,0
200000,female,university,married,29,0
80000,female,university,married,47,0
50000,male,highschool,married,39,0
30000,female,graduate,single,25,0
70000,female,university,single,22,0
500000,male,graduate,single,33,0
80000,male,graduate,single,27,0
120000,male,university,married,40,0
390000,male,graduate,married,33,0
30000,male,highschool,married,52,0
70000,female,graduate,single,30,0
140000,male,highschool,single,39,0
30000,female,university,married,27,0
190000,female,university,single,25,0
270000,male,graduate,single,33,0
290000,male,graduate,single,35,1
50000,male,university,single,29,1
200000,female,graduate,married,41,0
30000,female,university,single,24,0
150000,male,university,married,29,0
30000,female,highschool,single,48,1
500000,male,graduate,married,34,0
20000,female,graduate,single,23,0
50000,male,highschool,married,29,0
280000,male,university,single,30,0
80000,male,highschool,single,24,0
200000,male,graduate,single,27,0
30000,female,highschool,married,60,0
30000,female,university,married,24,0
380000,female,university,married,35,0
260000,female,university,single,26,0
50000,male,university,single,22,0
90000,male,highschool,married,53,0
20000,male,university,married,40,0
10000,male,university,single,27,0
400000,female,university,married,44,0
300000,female,graduate,single,32,0
150000,female,other,married,25,0
50000,female,university,single,33,0
100000,female,university,single,25,1
150000,female,university,married,38,1
110000,male,university,single,34,0
100000,female,university,single,28,0
50000,male,university,married,33,1
80000,male,graduate,single,29,0
210000,female,graduate,single,25,0
140000,female,highschool,married,60,1
240000,female,graduate,married,43,0
110000,female,university,single,36,0
100000,female,highschool,single,48,0
50000,male,university,married,24,0
90000,female,university,married,35,0
150000,male,graduate,single,33,0
100000,female,university,married,30,1
140000,female,university,married,62,0
230000,female,graduate,single,33,0
20000,female,university,single,25,1
230000,female,highschool,single,38,0
150000,male,university,single,26,1
20000,male,university,single,24,0
120000,female,highschool,married,35,0
30000,female,highschool,married,58,1
220000,male,graduate,married,42,0
250000,male,graduate,married,41,0
80000,male,university,married,34,0
60000,male,graduate,single,22,0
130000,female,university,married,37,0
400000,male,highschool,married,43,0
150000,female,university,single,28,0
230000,female,highschool,married,58,1
70000,female,highschool,single,24,0
50000,female,university,married,39,0
90000,female,graduate,married,38,0
30000,female,highschool,single,49,0
30000,male,university,married,49,0
250000,female,graduate,single,26,0
30000,female,university,single,23,0
150000,female,university,married,27,0
400000,female,graduate,single,48,0
30000,female,university,married,52,1
270000,female,graduate,single,50,0
360000,male,highschool,married,37,0
80000,female,university,married,23,1
70000,female,university,single,33,0
50000,female,graduate,single,29,0
220000,female,university,single,38,0
70000,male,university,single,29,1
340000,female,graduate,married,39,0
20000,female,highschool,married,43,0
300000,female,university,single,32,0
180000,female,graduate,single,29,0
60000,male,university,single,33,0
160000,female,university,single,27,1
50000,male,university,single,37,0
100000,female,graduate,married,38,0
60000,female,highschool,married,48,0
30000,male,university,single,23,0
500000,female,university,single,33,0
20000,female,university,married,35,0
50000,female,university,single,23,0
180000,female,university,married,35,0
90000,female,university,single,23,0
150000,female,university,married,33,0
30000,male,university,married,44,0
130000,male,highschool,single,45,0
80000,female,highschool,married,39,0
210000,female,university,married,33,0
530000,female,graduate,single,39,0
360000,male,university,married,51,1
140000,female,university,single,36,0
20000,female,university,married,24,0
200000,female,graduate,married,40,0
40000,female,university,single,25,1
200000,male,highschool,single,27,0
90000,male,other,single,34,0
410000,male,university,married,45,0
170000,female,highschool,single,42,0
230000,female,graduate,married,37,0
210000,female,university,single,42,0
200000,male,university,single,29,0
50000,female,graduate,single,25,0
130000,male,university,single,42,0
210000,male,university,single,34,0
130000,female,university,single,42,0
80000,female,university,single,41,0
360000,female,university,married,49,0
500000,male,graduate,married,42,0
60000,female,university,married,53,1
160000,female,university,single,26,0
50000,female,university,single,22,1
50000,male,highschool,married,33,0
360000,male,graduate,single,36,0
30000,female,university,single,38,0
20000,female,university,single,27,0
360000,female,graduate,married,32,1
50000,female,graduate,single,28,0
460000,female,graduate,married,43,0
20000,male,university,single,24,0
330000,male,university,married,39,0
200000,female,highschool,married,29,0
50000,female,university,married,38,1
50000,female,university,married,24,0
50000,male,university,single,24,0
270000,female,university,married,42,0
200000,female,university,married,33,0
300000,female,university,single,28,0
50000,female,graduate,single,26,0
250000,female,highschool,married,55,1
400000,male,graduate,single,33,0
360000,female,graduate,single,27,0
120000,female,university,married,29,1
50000,female,university,married,49,1
340000,female,university,married,40,0
180000,male,university,single,29,0
50000,female,graduate,single,23,0
150000,male,university,single,37,0
100000,female,university,married,41,1
200000,female,university,single,28,0
160000,male,university,single,43,0
50000,male,highschool,married,55,0
150000,female,university,married,40,0
50000,female,highschool,married,52,0
220000,female,university,single,36,0
30000,female,university,married,23,1
30000,female,university,married,26,1
50000,female,highschool,single,57,0
160000,female,university,single,35,0
180000,male,graduate,single,31,0
190000,male,graduate,married,31,0
480000,female,graduate,married,39,0
270000,female,graduate,single,32,0
200000,male,university,single,37,0
80000,male,graduate,single,38,1
410000,male,university,married,36,0
50000,female,graduate,single,25,1
50000,female,highschool,single,42,0
210000,male,graduate,married,39,1
20000,male,graduate,single,28,0
150000,female,graduate,single,28,0
130000,female,graduate,single,25,1
200000,female,graduate,single,26,0
110000,female,university,single,23,0
180000,female,graduate,married,30,1
300000,female,graduate,married,40,0
360000,male,graduate,single,32,0
380000,female,university,married,30,0
360000,female,graduate,single,29,1
80000,male,graduate,single,28,1
350000,female,graduate,divorce,48,0
20000,female,other,married,28,0
320000,female,graduate,single,35,0
90000,male,highschool,married,62,0
40000,female,graduate,single,27,1
50000,female,university,married,40,0
210000,female,graduate,single,24,0
30000,female,university,single,22,0
310000,female,graduate,single,27,1
280000,female,university,single,35,0
280000,female,graduate,married,41,0
260000,female,graduate,single,33,0
90000,male,university,married,41,0
280000,male,graduate,married,49,0
360000,female,highschool,single,34,0
30000,female,highschool,single,27,1
380000,male,university,married,48,0
80000,female,university,single,22,0
50000,female,graduate,single,25,1
280000,female,graduate,married,37,0
120000,female,university,divorce,37,1
180000,male,graduate,married,49,0
380000,male,highschool,single,33,0
110000,female,graduate,single,27,0
50000,female,university,divorce,37,0
200000,female,graduate,single,48,0
200000,male,graduate,married,44,0
150000,female,graduate,married,35,0
60000,male,university,married,40,1
200000,female,university,single,30,0
90000,female,university,married,35,1
150000,female,graduate,single,32,0
20000,male,highschool,single,23,1
150000,female,highschool,married,34,0
180000,male,graduate,single,34,0
470000,male,university,single,34,0
30000,female,highschool,single,59,1
20000,female,graduate,single,22,0
400000,female,graduate,married,36,0
210000,female,graduate,single,27,0
120000,male,highschool,married,38,1
160000,female,other,married,42,0
200000,female,graduate,single,26,0
160000,female,graduate,single,30,0
160000,female,university,single,37,1
250000,male,highschool,married,51,0
140000,male,highschool,married,56,0
330000,female,university,single,30,1
220000,female,graduate,single,24,1
30000,female,highschool,married,29,0
260000,male,graduate,single,35,1
380000,female,university,married,30,0
10000,female,university,single,33,1
190000,female,graduate,single,44,0
30000,female,university,married,38,0
300000,female,graduate,married,39,0
20000,male,university,married,27,0
20000,male,university,married,35,0
80000,female,highschool,single,22,0
240000,male,university,married,33,0
90000,female,highschool,single,26,0
100000,female,university,married,43,0
320000,male,graduate,divorce,32,0
360000,male,university,married,45,0
180000,male,university,married,38,1
300000,male,university,married,40,0
20000,female,graduate,single,22,0
270000,female,university,single,26,0
20000,female,highschool,single,49,0
360000,female,university,married,35,0
120000,male,university,married,38,0
130000,female,highschool,single,27,0
60000,female,highschool,single,45,0
60000,male,university,married,36,0
120000,female,highschool,single,31,0
130000,male,highschool,single,33,0
360000,female,graduate,married,31,0
10000,male,highschool,single,24,0
120000,female,graduate,single,24,0
60000,male,university,single,26,1
240000,female,graduate,married,40,1
160000,female,university,married,40,0
200000,female,university,married,44,0
300000,male,graduate,single,29,0
100000,female,university,single,26,0
280000,female,graduate,married,30,0
190000,female,university,single,26,0
50000,male,university,married,48,0
210000,female,highschool,married,33,0
120000,female,graduate,single,26,0
140000,female,graduate,single,33,0
50000,female,graduate,single,23,0
150000,female,graduate,single,31,0
50000,male,graduate,single,23,0
120000,male,graduate,married,50,1
240000,female,graduate,single,29,0
20000,male,graduate,single,26,0
80000,female,university,single,24,0
140000,female,university,married,28,0
50000,female,university,single,25,0
150000,female,university,divorce,26,0
90000,female,highschool,married,53,1
640000,male,graduate,single,36,0
360000,male,graduate,single,31,0
130000,female,university,married,33,0
210000,female,graduate,married,34,0
190000,male,graduate,single,36,1
150000,female,graduate,married,44,0
10000,male,highschool,single,25,0
30000,female,graduate,married,24,1
200000,male,graduate,married,67,1
140000,female,graduate,single,25,1
170000,female,university,single,30,0
20000,female,university,single,24,1
80000,female,university,married,45,0
110000,male,university,married,49,0
150000,female,graduate,single,28,0
50000,female,university,single,43,0
50000,female,highschool,married,70,0
50000,male,highschool,married,50,0
10000,female,university,single,22,1
280000,female,graduate,single,38,1
50000,male,university,single,42,0
10000,female,graduate,single,22,0
140000,female,university,married,28,0
140000,male,graduate,married,34,1
300000,male,graduate,married,45,0
30000,female,university,married,26,0
200000,male,highschool,married,47,0
270000,female,university,single,26,1
90000,female,university,divorce,36,0
10000,male,university,single,26,1
50000,female,highschool,single,22,0
80000,female,graduate,single,25,0
110000,female,university,single,26,0
370000,male,graduate,single,30,0
50000,male,university,single,23,0
10000,male,university,single,37,0
180000,female,graduate,single,27,0
60000,female,university,married,59,0
90000,female,graduate,married,43,1
120000,female,graduate,married,30,0
110000,male,graduate,single,30,0
280000,female,highschool,married,61,0
200000,male,graduate,single,28,0
130000,male,university,single,29,0
200000,female,university,single,28,1
50000,female,university,single,26,1
30000,male,highschool,married,53,0
230000,female,graduate,married,30,0
180000,female,graduate,single,31,0
220000,male,graduate,married,40,0
50000,male,graduate,single,46,0
20000,male,graduate,single,27,0
250000,female,university,single,40,0
50000,male,highschool,single,41,0
180000,female,university,single,26,0
320000,male,university,single,44,0
10000,female,highschool,married,41,1
320000,female,graduate,single,31,0
250000,male,university,single,30,0
30000,male,university,single,24,0
260000,male,university,single,31,0
130000,female,university,married,37,0
180000,female,graduate,married,30,1
270000,female,graduate,single,27,0
80000,female,highschool,single,30,0
30000,female,graduate,single,27,0
100000,male,highschool,married,35,1
340000,female,university,single,33,1
210000,female,university,married,26,0
280000,female,graduate,single,27,0
710000,male,university,single,33,0
50000,female,university,single,23,0
190000,male,graduate,single,35,0
400000,female,graduate,single,32,0
110000,female,highschool,married,53,0
20000,female,university,married,23,1
20000,female,graduate,single,25,1
20000,female,university,married,29,0
20000,male,university,single,23,0
230000,female,graduate,single,43,0
180000,male,university,married,37,0
280000,male,university,married,41,0
510000,female,graduate,single,36,0
150000,male,university,married,40,0
20000,male,highschool,single,26,1
110000,female,highschool,married,38,0
230000,female,graduate,single,34,1
180000,female,graduate,single,27,0
230000,female,highschool,single,36,0
370000,female,graduate,single,35,0
500000,female,graduate,single,30,0
260000,female,university,married,43,0
80000,male,university,married,53,1
140000,female,university,single,27,0
50000,male,graduate,single,30,0
50000,female,university,married,45,0
80000,male,graduate,single,32,0
150000,female,university,single,28,1
50000,female,university,married,46,0
80000,male,university,divorce,39,0
140000,female,graduate,married,40,0
140000,female,graduate,single,30,0
50000,female,university,single,24,0
30000,female,university,single,24,0
230000,male,university,single,32,1
150000,female,university,single,26,0
200000,female,university,married,53,0
110000,female,graduate,married,41,0
150000,female,university,married,44,0
200000,female,highschool,married,46,1
180000,female,highschool,single,33,0
90000,female,graduate,single,29,0
200000,female,graduate,single,30,1
230000,female,university,married,45,0
80000,male,graduate,single,29,0
230000,female,graduate,single,33,0
340000,female,university,single,31,1
290000,female,university,married,53,0
60000,female,highschool,married,41,0
320000,female,graduate,single,29,1
200000,female,university,single,25,0
50000,female,highschool,married,54,0
50000,male,highschool,single,24,1
230000,female,university,married,43,0
130000,female,graduate,single,29,0
80000,female,highschool,married,39,0
120000,female,graduate,single,31,0
200000,female,university,married,34,0
300000,male,highschool,single,34,0
200000,female,university,married,36,0
80000,female,university,married,46,0
80000,female,highschool,single,32,0
60000,female,graduate,single,25,0
30000,female,university,married,30,0
300000,female,university,married,42,0
100000,female,graduate,married,38,0
290000,female,graduate,single,31,0
270000,male,other,single,39,0
70000,female,university,single,24,1
90000,female,university,married,24,0
170000,female,graduate,single,26,0
80000,female,university,married,36,1
100000,female,university,married,41,0
240000,male,graduate,married,47,0
290000,female,graduate,married,41,0
120000,female,graduate,single,27,1
200000,male,university,single,26,0
20000,male,university,single,22,0
500000,male,graduate,married,38,0
100000,female,university,single,25,0
350000,male,graduate,married,55,0
50000,female,university,single,24,0
340000,female,university,married,52,0
180000,female,university,married,29,0
300000,female,graduate,married,54,0
220000,female,graduate,married,32,0
80000,male,graduate,single,26,0
50000,female,university,married,32,0
100000,male,university,single,26,0
200000,male,graduate,single,27,0
480000,female,graduate,married,45,0
170000,female,university,married,34,0
20000,female,graduate,single,25,1
80000,male,university,married,28,1
80000,male,graduate,single,26,1
300000,male,university,married,31,0
150000,male,graduate,single,29,0
50000,female,university,single,24,0
50000,female,university,married,26,0
100000,female,highschool,single,28,0
90000,female,university,married,45,0
70000,female,graduate,single,24,1
90000,female,other,single,23,0
400000,male,graduate,married,42,0
10000,male,university,single,36,1
80000,male,graduate,single,27,0
70000,male,graduate,single,33,0
100000,male,highschool,married,44,0
210000,female,university,married,33,1
360000,female,highschool,single,39,1
280000,male,graduate,married,28,0
180000,male,graduate,single,32,0
220000,male,graduate,married,45,0
200000,male,graduate,single,47,0
130000,female,university,single,25,0
200000,male,university,married,47,0
170000,female,graduate,married,44,0
140000,male,graduate,single,30,0
50000,female,highschool,married,54,0
200000,female,highschool,single,26,0
200000,male,highschool,single,33,0
360000,female,highschool,married,36,0
50000,male,university,married,33,0
500000,female,graduate,single,37,0
90000,female,university,single,30,1
500000,male,graduate,single,36,0
80000,female,highschool,married,33,0
230000,male,highschool,married,53,0
120000,female,graduate,single,30,1
190000,female,highschool,married,56,0
500000,male,university,married,50,0
80000,female,university,married,42,0
450000,female,graduate,single,35,0
280000,female,graduate,married,30,0
360000,female,highschool,married,47,1
30000,female,university,single,21,0
50000,female,university,married,25,1
60000,female,university,married,49,1
30000,female,university,married,28,0
20000,male,university,married,49,1
20000,male,highschool,divorce,57,0
200000,male,graduate,married,43,1
100000,female,graduate,single,25,0
300000,female,highschool,married,39,0
210000,female,graduate,single,39,0
70000,female,highschool,married,71,0
210000,female,university,single,29,0
440000,male,graduate,married,31,1
410000,male,graduate,single,33,0
110000,male,graduate,married,36,0
200000,female,graduate,single,36,0
180000,female,highschool,married,42,1
150000,female,graduate,married,46,0
330000,female,graduate,single,33,0
500000,female,university,married,41,0
350000,female,university,married,35,0
200000,female,university,married,36,1
280000,male,graduate,married,45,1
80000,female,highschool,married,39,0
280000,female,graduate,single,29,0
130000,female,university,single,23,0
160000,female,university,married,49,0
20000,female,university,single,23,1
300000,female,university,single,32,0
100000,female,graduate,single,32,0
130000,male,university,married,38,0
500000,male,graduate,married,55,1
200000,female,university,married,27,1
360000,female,graduate,single,30,0
20000,female,university,married,26,1
400000,male,university,single,29,0
200000,female,highschool,married,52,0
30000,female,other,married,60,0
30000,male,university,married,58,1
50000,male,university,married,55,0
230000,female,graduate,married,51,1
210000,female,graduate,married,36,1
50000,female,graduate,single,49,1
170000,female,other,married,33,0
230000,male,graduate,married,44,0
230000,female,graduate,single,48,0
350000,female,graduate,married,36,0
170000,female,graduate,single,36,0
150000,female,university,married,36,0
90000,female,university,married,27,0
320000,female,graduate,single,33,0
120000,female,university,single,45,0
20000,female,highschool,married,56,0
280000,female,graduate,married,41,0
90000,female,university,single,28,0
450000,male,graduate,married,30,0
270000,male,university,single,27,0
80000,female,university,married,41,0
230000,female,university,married,41,0
50000,female,university,married,30,1
250000,male,graduate,married,48,1
220000,female,graduate,single,42,0
30000,female,graduate,married,38,0
120000,male,university,single,68,1
100000,female,university,single,26,0
150000,female,graduate,single,25,1
670000,male,graduate,single,28,0
200000,male,graduate,married,36,0
70000,female,highschool,married,47,0
50000,female,university,married,41,0
80000,female,university,single,64,1
10000,male,graduate,single,23,1
140000,female,graduate,married,37,1
30000,female,university,single,21,0
200000,male,university,single,36,1
90000,female,university,single,24,1
130000,female,university,married,52,0
160000,female,university,single,26,0
150000,female,highschool,married,58,0
150000,female,graduate,single,34,0
20000,male,graduate,single,24,0
80000,female,graduate,single,26,1
460000,male,university,married,31,0
60000,female,highschool,married,40,1
50000,male,university,married,38,1
200000,female,highschool,married,35,1
60000,female,university,married,30,0
200000,male,graduate,married,31,0
230000,male,graduate,married,33,0
50000,male,university,married,38,0
60000,female,highschool,single,51,0
180000,male,university,married,47,1
50000,female,university,married,47,0
150000,male,highschool,married,62,0
140000,female,university,married,36,1
120000,male,graduate,married,35,1
200000,female,graduate,married,39,0
500000,male,graduate,single,31,0
120000,female,university,married,36,1
500000,male,graduate,single,28,0
50000,female,highschool,single,23,0
30000,female,highschool,single,51,0
240000,male,graduate,married,35,0
170000,female,university,married,37,0
80000,male,graduate,single,26,0
360000,male,graduate,single,29,0
50000,female,university,single,24,1
70000,female,university,married,27,1
250000,female,university,married,29,1
150000,female,graduate,married,39,1
100000,female,university,married,41,0
360000,male,graduate,single,32,0
30000,female,highschool,married,47,0
490000,male,graduate,married,29,1
180000,female,university,married,60,1
420000,female,graduate,married,36,0
20000,male,graduate,single,33,1
480000,male,graduate,married,47,0
350000,male,graduate,single,27,0
360000,male,university,married,57,1
240000,female,graduate,single,27,0
280000,female,graduate,single,30,1
150000,female,university,married,39,0
320000,male,university,single,30,0
20000,female,university,single,22,1
50000,female,highschool,married,36,1
280000,male,graduate,single,33,0
450000,female,university,married,53,0
260000,female,graduate,single,53,0
500000,male,graduate,married,56,0
470000,male,graduate,single,35,0
150000,female,university,single,23,0
100000,female,highschool,married,46,0
100000,male,graduate,single,38,0
220000,male,university,single,39,0
300000,female,graduate,single,37,0
230000,female,graduate,single,31,0
300000,female,highschool,single,39,1
50000,male,highschool,single,48,0
170000,male,highschool,married,47,0
460000,male,graduate,married,41,1
30000,female,graduate,single,34,1
30000,female,graduate,single,24,1
20000,male,university,married,42,1
220000,male,highschool,married,44,0
70000,female,graduate,married,62,0
330000,female,university,single,40,0
370000,male,graduate,married,40,1
230000,male,graduate,single,28,0
50000,male,highschool,married,49,0
360000,male,university,single,31,1
390000,female,university,single,37,0
360000,female,university,divorce,42,0
30000,female,university,married,27,1
500000,male,graduate,married,33,0
120000,female,highschool,single,32,0
360000,male,graduate,single,29,1
20000,female,university,married,27,0
50000,female,university,married,48,0
230000,female,graduate,single,27,0
160000,female,graduate,married,48,0
110000,female,graduate,married,32,1
50000,male,university,single,25,0
30000,male,highschool,single,28,1
50000,male,university,single,35,1
240000,female,highschool,married,37,0
90000,male,highschool,single,29,0
150000,female,graduate,married,29,1
100000,female,university,married,35,1
70000,female,graduate,single,24,1
430000,female,university,single,27,1
150000,male,graduate,single,31,0
50000,male,graduate,single,48,0
200000,male,graduate,single,33,1
150000,female,university,married,28,0
50000,male,university,single,25,0
300000,male,graduate,single,31,0
50000,female,university,married,44,0
30000,male,graduate,single,30,1
380000,male,graduate,married,53,0
70000,female,graduate,married,45,0
360000,male,university,single,28,0
50000,male,university,single,41,0
20000,female,graduate,single,30,0
80000,female,university,single,27,0
30000,male,university,married,49,0
50000,female,highschool,single,55,0
30000,female,highschool,married,37,0
260000,male,graduate,married,38,1
210000,female,university,married,39,0
200000,female,graduate,single,29,0
50000,male,graduate,married,56,1
490000,male,highschool,married,28,0
170000,male,graduate,married,45,0
500000,male,graduate,single,29,0
220000,male,university,married,46,0
150000,female,graduate,single,30,0
50000,female,university,married,34,0
50000,male,university,married,52,0
100000,female,graduate,single,26,0
310000,female,university,single,25,0
510000,female,graduate,married,35,0
200000,male,university,married,41,0
50000,male,highschool,married,43,0
300000,female,graduate,single,38,0
450000,female,graduate,married,40,0
30000,male,university,single,27,0
60000,female,graduate,single,27,0
140000,female,university,single,23,1
50000,female,university,single,32,0
90000,female,highschool,single,28,0
190000,female,university,married,34,0
150000,female,graduate,single,29,0
390000,female,university,single,28,0
30000,male,highschool,married,47,0
240000,male,graduate,married,60,1
260000,female,graduate,single,29,1
30000,male,highschool,single,25,0
500000,female,graduate,single,28,0
60000,female,university,single,29,0
200000,male,highschool,married,30,0
80000,male,university,married,31,0
100000,female,university,single,30,0
380000,male,graduate,married,42,0
210000,male,university,married,30,1
10000,male,university,single,27,1
500000,male,university,married,44,0
240000,female,graduate,married,37,1
270000,male,graduate,single,29,0
50000,male,university,single,25,0
120000,female,graduate,single,36,0
280000,male,graduate,single,28,0
260000,female,graduate,single,28,0
360000,male,graduate,married,38,0
210000,female,graduate,single,30,0
390000,male,graduate,single,29,0
40000,male,university,married,36,0
10000,female,university,single,27,0
120000,female,university,married,43,1
200000,male,highschool,married,43,0
80000,female,university,married,37,0
60000,female,university,single,27,0
130000,female,university,single,39,1
100000,female,university,single,29,0
20000,male,university,married,45,0
460000,male,graduate,single,34,0
80000,male,university,single,32,0
80000,male,graduate,single,26,0
240000,female,graduate,single,28,0
200000,female,highschool,married,38,0
230000,male,university,single,29,0
260000,female,graduate,married,53,0
90000,female,university,married,38,0
320000,male,university,single,29,0
280000,female,university,married,47,0
120000,male,university,single,29,1
400000,female,graduate,single,27,0
50000,female,graduate,married,55,0
10000,female,graduate,single,23,1
70000,male,university,single,26,0
210000,male,graduate,married,30,0
140000,female,university,married,39,0
290000,male,university,married,50,0
30000,male,highschool,married,32,0
110000,female,graduate,single,32,1
20000,female,highschool,single,54,0
220000,female,university,married,36,0
180000,female,university,married,36,0
30000,male,graduate,single,26,1
50000,female,university,single,31,0
150000,male,highschool,married,29,0
150000,female,graduate,single,32,0
140000,male,highschool,single,30,0
80000,female,university,married,48,0
200000,female,graduate,married,33,0
400000,male,graduate,married,44,0
130000,female,university,married,28,0
50000,female,university,single,22,0
190000,male,university,married,51,1
470000,female,graduate,single,40,1
280000,male,graduate,married,55,0
460000,female,graduate,single,26,0
340000,female,university,single,32,0
110000,male,university,single,27,0
440000,female,university,single,27,0
90000,female,university,single,23,0
70000,female,university,single,24,0
30000,female,university,single,24,0
120000,female,university,single,49,0
300000,female,university,single,27,0
60000,female,graduate,single,25,0
180000,male,university,single,36,1
30000,female,graduate,single,43,1
360000,male,graduate,single,35,0
150000,male,graduate,married,49,0
70000,female,graduate,single,28,0
150000,female,university,married,44,0
440000,female,graduate,married,33,0
500000,male,graduate,married,52,0
260000,male,university,single,29,1
360000,male,graduate,single,29,0
140000,male,graduate,single,28,0
10000,male,graduate,single,24,1
200000,female,graduate,single,32,0
210000,male,university,married,35,0
20000,male,university,single,27,1
240000,male,graduate,married,44,0
30000,male,university,single,51,1
450000,female,university,married,38,0
60000,female,highschool,single,40,0
100000,female,university,single,30,0
500000,male,graduate,married,49,0
50000,male,highschool,married,51,0
80000,female,university,married,35,0
20000,female,university,single,22,1
500000,male,graduate,single,43,0
140000,female,graduate,single,31,0
500000,female,university,single,29,0
50000,male,university,single,24,1
170000,male,graduate,married,60,1
220000,female,university,married,44,0
70000,female,university,married,33,1
360000,female,university,single,34,0
430000,female,graduate,single,29,0
20000,male,highschool,single,26,0
200000,female,highschool,single,53,0
200000,female,university,divorce,35,0
80000,female,university,single,25,0
130000,male,graduate,married,35,0
150000,male,graduate,married,49,0
150000,male,highschool,married,53,1
190000,female,university,single,27,1
450000,female,university,single,36,1
80000,female,university,married,31,0
260000,female,university,single,31,0
80000,male,graduate,single,34,1
500000,male,graduate,married,39,0
260000,male,graduate,married,43,0
260000,female,graduate,single,30,1
50000,male,graduate,single,33,0
360000,female,graduate,married,46,0
170000,female,graduate,single,53,0
120000,female,university,married,34,0
50000,female,university,married,26,0
50000,female,graduate,married,40,1
310000,male,graduate,married,48,0
50000,male,graduate,single,27,0
140000,female,university,single,32,0
100000,female,university,married,28,1
20000,male,highschool,single,32,0
120000,female,graduate,single,27,1
30000,female,highschool,married,59,0
20000,male,highschool,married,27,1
160000,female,university,single,27,1
180000,female,university,married,37,0
40000,female,graduate,single,26,0
80000,female,university,married,34,0
120000,male,university,single,31,0
20000,female,university,single,22,1
20000,male,university,single,33,0
100000,male,graduate,married,52,1
500000,male,graduate,single,45,0
80000,female,university,married,29,0
150000,female,graduate,single,41,0
30000,female,highschool,single,26,0
120000,male,graduate,single,34,1
70000,female,university,married,27,1
150000,male,university,married,32,0
210000,female,university,married,42,0
80000,female,university,married,30,0
90000,male,university,single,29,0
20000,female,university,single,22,0
240000,female,graduate,single,36,0
50000,male,university,single,29,1
250000,female,graduate,single,28,0
280000,female,graduate,single,31,0
10000,male,highschool,other,40,0
150000,female,university,single,33,0
330000,female,university,married,47,0
240000,male,graduate,single,30,1
130000,female,university,single,34,0
450000,male,graduate,single,37,0
50000,male,graduate,single,26,1
70000,female,highschool,married,24,0
80000,male,university,single,26,0
50000,male,graduate,single,24,0
30000,male,highschool,married,33,1
50000,male,university,single,23,0
70000,male,university,married,29,0
50000,female,university,single,33,1
100000,female,highschool,single,27,1
200000,female,university,single,24,0
180000,male,graduate,single,38,0
240000,female,graduate,single,38,1
90000,female,highschool,married,35,0
50000,female,university,single,33,0
80000,male,university,single,48,0
210000,female,graduate,married,43,0
350000,male,highschool,married,41,0
160000,male,university,single,45,1
70000,male,graduate,single,33,1
140000,female,graduate,married,33,0
80000,male,university,married,47,0
110000,female,university,married,39,1
50000,male,university,single,25,0
30000,male,graduate,married,38,0
30000,female,university,single,27,0
200000,male,university,single,33,1
290000,female,university,single,28,0
220000,male,graduate,single,34,0
180000,male,graduate,single,28,0
500000,male,highschool,married,38,0
210000,male,university,married,39,0
100000,female,graduate,single,24,1
100000,female,university,single,23,0
130000,female,university,single,25,1
10000,male,university,single,21,1
50000,male,university,single,35,0
240000,male,graduate,married,37,0
20000,female,highschool,married,53,0
20000,female,graduate,married,38,0
150000,female,graduate,single,39,0
230000,male,university,married,36,0
50000,male,university,single,26,0
300000,female,university,married,35,0
110000,female,university,divorce,54,0
230000,female,graduate,single,33,0
50000,female,university,single,30,0
70000,female,university,single,24,0
360000,female,graduate,married,27,0
110000,female,university,single,32,0
120000,female,university,single,48,0
200000,female,graduate,married,45,1
260000,female,other,married,46,0
290000,female,graduate,married,47,0
20000,female,university,single,22,0
50000,female,highschool,single,22,1
50000,female,university,married,23,0
60000,female,graduate,single,23,0
330000,male,graduate,married,46,0
60000,female,university,married,23,0
180000,female,university,married,25,0
80000,female,graduate,single,28,0
450000,female,graduate,single,32,0
150000,female,other,married,36,0
280000,female,university,single,28,0
180000,male,highschool,single,47,0
380000,female,highschool,married,54,0
150000,male,university,married,45,0
280000,female,graduate,single,52,0
160000,female,university,single,34,0
120000,male,university,single,29,0
330000,female,graduate,single,34,0
210000,female,university,married,49,0
200000,male,graduate,single,27,0
340000,female,other,married,27,0
200000,male,graduate,single,34,0
160000,female,highschool,married,34,0
500000,female,university,single,48,0
50000,male,university,married,43,0
170000,female,university,single,23,0
260000,female,graduate,single,29,0
360000,male,university,married,49,1
400000,male,graduate,single,29,0
380000,female,graduate,single,32,0
50000,male,highschool,single,29,1
130000,male,university,married,40,0
110000,female,university,married,24,0
50000,male,graduate,married,23,0
190000,male,university,single,26,0
170000,female,university,married,46,1
210000,female,other,single,25,0
50000,male,highschool,single,25,0
20000,female,highschool,married,45,1
80000,female,university,married,26,1
500000,female,graduate,single,39,0
250000,female,university,single,31,1
50000,male,highschool,married,34,0
300000,male,university,married,38,0
30000,female,university,married,40,1
50000,male,university,single,34,0
180000,female,university,single,35,0
50000,female,other,married,28,0
50000,male,highschool,married,46,0
190000,female,university,married,40,0
200000,female,university,single,32,0
140000,female,university,single,26,0
10000,male,highschool,married,47,1
180000,female,other,married,54,0
170000,female,highschool,single,29,0
50000,male,university,married,36,0
200000,male,university,single,32,0
170000,female,university,married,42,1
50000,male,university,single,52,0
230000,female,university,single,24,0
500000,female,university,single,36,0
50000,male,university,single,25,1
80000,male,graduate,single,38,0
200000,female,university,married,61,0
360000,male,highschool,single,34,1
140000,female,graduate,married,41,0
290000,female,university,married,48,1
50000,male,university,married,41,1
10000,female,university,divorce,38,0
80000,male,university,single,27,0
20000,male,highschool,single,22,1
150000,male,graduate,single,37,0
230000,female,graduate,single,37,1
60000,female,highschool,single,24,1
360000,female,graduate,single,26,0
100000,male,university,married,36,0
30000,male,university,married,33,0
330000,female,university,married,30,0
20000,female,graduate,single,24,0
80000,female,university,married,49,0
90000,female,other,single,23,1
20000,female,university,single,23,0
230000,male,highschool,married,61,1
160000,male,university,single,28,0
200000,female,university,married,36,0
20000,male,university,single,27,0
170000,male,graduate,married,35,0
180000,female,university,married,26,0
50000,female,university,married,29,0
360000,female,graduate,married,40,0
230000,female,university,single,28,0
80000,female,graduate,single,28,1
60000,male,graduate,single,31,1
150000,female,highschool,married,52,0
120000,female,highschool,married,52,0
430000,female,graduate,married,43,0
360000,male,highschool,married,32,0
200000,female,university,married,60,0
50000,male,university,single,26,0
150000,female,university,married,36,0
20000,female,graduate,single,46,0
20000,male,graduate,single,23,0
50000,male,university,single,24,1
260000,female,university,single,27,1
230000,female,highschool,single,30,1
170000,male,highschool,married,43,0
180000,male,graduate,single,28,0
30000,male,graduate,single,38,0
20000,male,university,single,22,1
260000,male,highschool,married,50,1
180000,female,highschool,single,30,0
230000,female,university,married,32,1
120000,female,university,divorce,43,0
280000,male,graduate,married,63,0
270000,female,university,single,29,0
70000,male,graduate,married,39,0
60000,male,university,single,31,0
180000,male,university,single,28,0
160000,female,university,married,32,1
50000,female,graduate,single,25,0
60000,female,university,single,48,0
50000,male,university,single,48,1
80000,female,university,married,56,0
30000,female,university,married,22,0
90000,female,graduate,single,26,0
130000,female,university,married,33,0
200000,male,graduate,married,38,0
20000,female,university,single,23,1
300000,male,highschool,married,31,0
160000,female,graduate,married,41,0
500000,female,graduate,married,41,0
50000,female,university,single,25,1
20000,male,graduate,single,25,0
240000,male,highschool,married,40,1
200000,male,university,single,29,1
200000,female,university,single,27,1
260000,female,graduate,single,36,0
100000,male,university,single,26,0
360000,male,highschool,married,42,0
280000,female,other,divorce,38,0
360000,male,graduate,married,47,0
420000,female,graduate,married,34,0
400000,female,university,married,42,0
50000,female,university,married,41,0
500000,male,graduate,married,45,0
50000,male,university,single,56,0
80000,female,graduate,single,24,0
80000,female,university,single,23,0
20000,female,university,single,50,0
460000,female,graduate,single,27,0
240000,male,graduate,single,33,0
120000,male,university,single,30,0
20000,male,university,single,24,0
290000,male,highschool,married,50,0
50000,female,university,single,38,0
200000,female,university,married,40,0
20000,female,highschool,divorce,27,0
100000,male,graduate,married,43,0
260000,female,graduate,single,36,0
20000,female,university,single,27,0
10000,female,university,single,22,0
420000,male,graduate,married,47,0
130000,female,highschool,single,27,0
150000,female,graduate,single,25,0
120000,male,graduate,single,33,0
30000,female,university,single,25,0
260000,female,university,single,31,0
60000,male,highschool,single,34,1
70000,female,highschool,single,52,0
110000,male,university,single,26,0
180000,male,university,single,37,0
300000,female,university,single,48,0
260000,female,graduate,married,38,0
50000,female,university,married,41,1
90000,female,highschool,married,45,0
20000,female,university,single,24,1
220000,female,graduate,single,30,0
240000,male,graduate,single,27,0
440000,female,university,single,40,0
60000,female,university,married,37,0
380000,male,university,married,31,0
30000,female,highschool,married,44,1
120000,female,university,single,35,0
150000,male,graduate,single,29,0
90000,male,university,single,28,0
180000,female,university,married,34,0
10000,female,university,single,37,0
20000,male,university,single,24,1
80000,female,highschool,married,41,1
610000,male,university,married,30,0
180000,female,highschool,single,27,0
50000,male,highschool,married,53,1
130000,male,graduate,single,30,1
160000,male,graduate,single,26,0
200000,male,graduate,single,29,0
20000,male,graduate,single,29,0
50000,female,university,single,56,0
30000,female,university,married,46,1
140000,male,university,married,29,0
160000,male,university,married,45,0
410000,male,graduate,married,33,0
320000,female,graduate,single,30,0
50000,female,university,married,36,0
110000,male,university,single,29,0
530000,female,highschool,married,50,0
80000,female,university,single,40,1
190000,female,graduate,single,26,1
500000,male,university,married,58,0
270000,female,highschool,single,30,0
20000,female,university,single,26,0
90000,male,university,married,39,1
10000,male,university,single,44,0
320000,female,university,married,36,0
190000,female,graduate,married,33,0
380000,male,graduate,married,39,1
180000,male,university,single,30,0
360000,female,graduate,single,33,0
150000,male,university,married,30,0
50000,female,graduate,married,57,1
50000,male,university,single,39,0
50000,male,highschool,married,51,0
340000,female,university,single,30,0
320000,male,graduate,single,26,0
230000,female,graduate,single,42,0
120000,female,graduate,single,31,0
30000,male,graduate,single,34,0
240000,male,graduate,single,34,0
240000,female,university,married,32,0
210000,male,graduate,single,30,0
20000,male,highschool,single,24,0
20000,female,university,married,42,1
110000,female,graduate,single,25,0
130000,male,university,married,39,0
80000,female,university,married,28,0
20000,male,university,married,36,1
10000,male,graduate,married,38,1
180000,male,university,married,37,0
280000,female,university,single,29,0
220000,male,graduate,single,29,1
260000,male,university,married,42,1
30000,male,university,married,40,0
50000,female,university,married,29,0
150000,female,highschool,single,47,0
160000,male,highschool,single,38,0
20000,male,university,single,26,0
280000,male,graduate,married,42,0
50000,male,university,single,24,0
300000,female,graduate,single,43,0
230000,male,university,married,31,0
60000,male,highschool,single,27,0
190000,male,highschool,married,29,0
60000,male,university,single,43,0
100000,female,university,single,25,1
30000,female,university,married,45,0
200000,female,university,single,30,1
30000,male,graduate,divorce,27,0
130000,male,university,single,25,0
120000,male,university,single,29,0
160000,female,university,single,35,0
20000,female,university,single,23,0
30000,female,university,single,24,0
70000,female,university,single,23,0
80000,male,highschool,single,25,0
80000,female,university,single,23,0
100000,male,university,single,50,0
570000,male,graduate,single,31,0
170000,male,graduate,married,45,0
50000,female,university,single,25,0
310000,female,graduate,single,39,0
140000,male,graduate,single,27,1
200000,female,university,single,29,0
300000,female,university,single,26,1
300000,female,graduate,single,26,0
140000,male,university,single,55,0
560000,male,graduate,married,47,0
200000,male,graduate,married,46,1
230000,female,highschool,married,31,0
200000,male,graduate,married,36,1
160000,male,university,single,34,1
220000,male,graduate,single,29,0
60000,male,highschool,single,25,0
390000,female,university,married,43,1
280000,female,graduate,single,39,0
80000,male,graduate,married,60,0
360000,male,university,married,34,0
20000,female,university,single,21,0
500000,female,university,married,31,0
90000,female,graduate,single,23,0
30000,female,graduate,married,33,0
390000,male,graduate,single,47,0
360000,male,graduate,married,32,1
10000,female,university,single,32,0
150000,female,graduate,married,32,0
40000,female,university,single,27,0
210000,female,other,single,29,0
50000,female,university,married,41,0
10000,male,university,single,23,1
310000,female,university,single,26,0
50000,male,graduate,single,34,0
150000,female,graduate,married,37,0
50000,male,highschool,married,48,1
250000,female,graduate,single,30,0
30000,female,highschool,married,46,1
30000,male,graduate,married,32,1
30000,female,highschool,married,50,1
20000,female,university,married,44,1
30000,female,graduate,single,24,0
300000,male,graduate,married,45,1
90000,male,university,married,28,0
30000,male,university,single,24,0
200000,female,university,married,51,1
180000,female,university,single,29,0
70000,female,university,single,26,0
230000,female,university,single,29,0
240000,female,graduate,married,45,0
190000,female,highschool,married,41,0
80000,female,graduate,married,29,0
300000,female,university,married,34,0
220000,female,graduate,married,36,0
340000,male,university,married,31,1
480000,female,graduate,single,57,0
60000,female,graduate,married,25,0
200000,male,university,married,28,0
20000,male,university,married,53,0
110000,female,highschool,single,46,0
470000,female,university,single,32,1
200000,male,university,married,42,0
130000,male,graduate,single,30,0
80000,male,graduate,married,46,0
120000,female,university,married,30,0
180000,male,graduate,single,27,0
400000,male,university,married,42,0
150000,male,highschool,married,43,0
640000,female,highschool,single,34,0
500000,male,graduate,married,32,0
70000,female,graduate,single,26,1
100000,female,graduate,single,24,0
80000,female,highschool,married,42,0
120000,female,university,married,30,0
210000,female,graduate,single,31,0
50000,female,graduate,single,25,0
50000,female,university,married,45,0
260000,male,university,married,35,0
20000,male,university,single,22,0
30000,male,university,married,40,0
310000,female,university,married,29,0
100000,male,graduate,single,34,0
300000,female,graduate,married,38,0
30000,male,highschool,married,47,0
320000,male,university,single,34,0
120000,female,graduate,single,32,0
80000,male,university,single,24,1
20000,male,highschool,married,50,1
380000,male,graduate,married,53,0
180000,female,graduate,single,30,0
50000,male,university,single,27,0
280000,male,graduate,single,33,0
30000,female,highschool,single,47,0
100000,male,university,single,25,1
30000,male,graduate,single,45,0
160000,female,university,single,30,0
210000,male,graduate,married,42,0
10000,male,graduate,single,30,0
420000,female,university,single,36,0
400000,female,graduate,married,37,0
70000,female,graduate,single,29,0
110000,male,university,single,31,0
300000,male,graduate,married,54,0
120000,female,graduate,single,27,0
180000,male,graduate,single,27,0
400000,male,graduate,married,46,0
100000,male,graduate,married,44,0
220000,female,university,married,32,1
220000,female,university,married,43,0
140000,female,university,married,27,0
90000,female,university,married,51,1
30000,female,graduate,single,23,0
240000,female,graduate,single,28,0
110000,female,graduate,married,37,0
60000,female,graduate,single,24,1
20000,male,university,single,26,1
180000,male,university,married,53,1
130000,female,university,single,26,0
130000,female,highschool,married,36,0
70000,male,graduate,single,26,0
10000,male,university,married,42,1
50000,female,graduate,single,24,0
190000,female,graduate,married,31,0
60000,male,university,single,36,0
20000,male,graduate,single,25,1
80000,female,university,single,42,1
500000,female,graduate,married,51,0
220000,male,highschool,married,52,0
230000,female,university,married,36,0
20000,male,university,single,25,0
50000,male,university,single,39,1
120000,female,graduate,single,29,0
130000,female,university,single,34,1
230000,female,graduate,single,26,0
350000,male,graduate,single,32,0
300000,female,graduate,single,38,0
70000,female,university,single,55,0
280000,male,graduate,single,33,0
60000,female,university,married,25,1
310000,male,university,single,42,1
290000,male,highschool,single,34,1
180000,male,graduate,married,35,1
340000,female,graduate,single,43,0
360000,female,graduate,single,29,0
180000,female,graduate,married,33,1
30000,female,highschool,married,48,0
100000,male,graduate,single,32,0
180000,male,university,married,42,0
210000,female,graduate,single,31,1
180000,female,university,married,36,0
60000,female,highschool,divorce,48,0
500000,male,graduate,single,30,0
200000,female,university,married,37,0
610000,female,university,married,39,0
50000,male,university,single,29,0
80000,female,other,single,25,0
210000,male,graduate,single,38,0
50000,male,graduate,single,56,0
360000,male,graduate,married,58,0
240000,male,university,single,30,0
20000,male,highschool,married,56,0
10000,male,graduate,single,22,1
30000,female,university,single,23,1
360000,male,other,single,30,0
260000,male,graduate,single,29,0
100000,male,university,married,52,0
500000,female,university,married,40,0
70000,female,highschool,single,42,0
200000,female,graduate,married,38,0
230000,female,other,single,45,0
200000,male,university,single,36,0
110000,male,university,married,38,1
260000,female,graduate,single,33,0
50000,female,highschool,divorce,55,0
50000,male,university,single,44,0
80000,male,university,single,23,0
260000,male,graduate,single,29,0
80000,male,graduate,single,31,0
80000,female,graduate,single,29,0
200000,female,other,married,36,0
370000,female,university,single,29,1
60000,female,graduate,married,43,1
260000,male,graduate,single,29,0
30000,male,university,single,35,1
120000,male,university,single,32,1
130000,female,highschool,single,39,0
160000,female,highschool,married,38,0
230000,female,university,single,31,0
300000,female,graduate,single,26,0
180000,female,university,single,29,0
80000,female,university,single,24,1
180000,female,other,married,30,0
50000,male,university,single,25,1
10000,male,university,married,62,0
50000,male,university,single,46,0
90000,female,graduate,married,31,0
30000,female,highschool,single,29,1
180000,male,graduate,married,38,0
150000,female,university,married,38,0
590000,male,graduate,married,63,0
60000,male,university,married,39,0
100000,male,university,single,27,1
20000,female,university,single,25,0
10000,male,graduate,single,22,1
300000,male,graduate,single,26,1
260000,female,university,single,40,0
160000,female,highschool,married,28,0
260000,female,graduate,single,32,1
280000,female,graduate,single,29,0
260000,female,graduate,single,35,0
240000,male,graduate,married,43,0
50000,female,university,divorce,49,0
260000,female,university,single,44,1
60000,female,university,single,24,1
130000,female,university,married,26,0
140000,female,graduate,single,31,0
20000,male,highschool,single,39,1
360000,female,graduate,single,35,0
220000,male,graduate,single,28,0
500000,male,graduate,single,37,1
50000,male,highschool,divorce,59,0
210000,female,graduate,single,28,0
200000,male,graduate,married,41,0
370000,male,graduate,single,28,0
200000,male,university,single,27,0
260000,male,graduate,married,51,0
50000,female,graduate,single,23,0
260000,female,graduate,single,33,0
230000,female,highschool,single,48,0
20000,male,university,single,27,1
500000,male,university,single,33,0
160000,female,university,married,50,1
50000,male,university,single,25,1
220000,female,university,married,37,1
150000,male,highschool,married,64,0
180000,female,graduate,single,35,0
80000,female,university,married,40,1
50000,female,highschool,single,27,0
30000,female,university,single,26,1
180000,female,university,single,31,0
70000,male,highschool,married,64,0
300000,female,graduate,single,33,1
640000,female,graduate,married,50,0
60000,female,graduate,single,28,0
120000,female,university,single,24,1
280000,female,graduate,single,27,0
260000,female,graduate,single,32,0
50000,male,university,divorce,34,0
70000,male,university,single,47,0
50000,male,graduate,single,38,1
470000,male,graduate,married,40,1
320000,female,graduate,married,41,0
50000,female,highschool,single,23,0
230000,female,highschool,married,32,0
140000,female,university,single,29,0
50000,male,university,single,25,1
450000,female,graduate,single,45,0
500000,male,university,married,49,0
20000,male,university,single,37,0
230000,male,graduate,married,38,0
50000,male,university,single,24,0
300000,male,university,married,31,0
100000,female,highschool,married,36,0
30000,male,university,single,27,0
400000,male,university,married,44,0
170000,male,graduate,single,30,0
340000,female,highschool,single,57,0
210000,female,university,married,35,0
80000,female,university,married,38,1
20000,female,graduate,single,24,0
300000,female,graduate,married,51,0
20000,male,highschool,single,43,1
50000,male,graduate,married,40,0
60000,female,graduate,single,27,0
60000,female,university,single,50,0
50000,male,highschool,married,51,1
120000,female,university,single,26,0
20000,male,highschool,single,59,0
240000,female,university,married,40,0
420000,female,graduate,single,36,0
180000,female,graduate,single,28,0
410000,female,highschool,single,28,0
30000,male,graduate,single,41,1
110000,male,university,single,25,0
90000,male,graduate,single,33,0
220000,male,graduate,married,41,0
50000,female,highschool,married,57,1
30000,female,highschool,single,22,0
520000,male,graduate,married,55,0
80000,female,highschool,married,39,0
20000,male,highschool,single,58,0
210000,female,graduate,single,29,0
100000,female,university,single,28,0
320000,female,graduate,married,33,0
500000,female,university,married,44,0
20000,female,highschool,married,41,0
10000,male,university,married,59,0
310000,male,highschool,married,43,0
200000,female,graduate,single,37,0
180000,male,highschool,single,29,0
50000,male,university,married,32,0
150000,female,university,single,41,0
500000,female,graduate,married,45,0
230000,male,university,single,31,1
20000,male,university,single,38,0
190000,female,university,single,28,0
20000,female,university,single,24,0
170000,male,highschool,married,51,0
210000,female,university,single,43,0
100000,male,university,married,44,1
260000,female,university,married,42,0
200000,female,university,single,25,0
90000,male,university,divorce,40,1
470000,female,graduate,married,35,0
270000,female,graduate,single,27,0
100000,male,graduate,married,49,1
200000,female,graduate,single,40,0
70000,female,university,married,43,0
200000,female,graduate,married,40,0
50000,female,university,married,31,0
90000,female,university,married,24,0
50000,female,university,married,30,0
240000,female,graduate,married,37,0
140000,male,graduate,single,35,0
120000,male,graduate,married,52,0
460000,male,university,married,61,0
170000,female,university,married,25,0
500000,female,graduate,married,39,0
50000,male,university,married,51,0
210000,female,graduate,single,26,0
50000,male,graduate,single,24,0
200000,female,university,married,42,0
20000,female,graduate,single,26,0
80000,female,university,married,53,0
430000,male,university,married,32,1
350000,female,graduate,single,44,1
50000,female,university,married,34,0
210000,female,highschool,married,55,1
20000,male,university,single,51,0
160000,female,university,single,29,1
50000,female,highschool,married,46,1
50000,female,graduate,single,24,0
30000,male,highschool,single,31,1
100000,male,graduate,single,29,1
360000,male,university,single,28,0
310000,female,university,married,34,0
50000,female,university,divorce,30,0
120000,female,university,married,37,0
30000,female,university,single,29,1
200000,female,university,single,30,0
20000,male,highschool,single,37,0
50000,female,university,single,23,1
70000,female,graduate,single,25,0
290000,female,graduate,single,32,0
90000,female,graduate,single,30,0
150000,male,university,married,37,1
90000,male,university,single,38,0
80000,male,graduate,married,40,1
100000,male,graduate,single,32,0
200000,female,university,married,41,0
140000,female,university,single,31,1
110000,female,university,single,45,0
50000,female,highschool,divorce,43,0
60000,female,university,married,42,0
130000,male,graduate,married,40,0
320000,female,university,married,43,0
120000,female,highschool,married,42,0
450000,female,university,single,35,0
200000,female,university,married,36,1
20000,male,graduate,single,31,1
410000,female,university,married,29,0
210000,female,graduate,married,40,0
210000,female,graduate,married,36,1
130000,male,highschool,married,38,0
170000,female,graduate,single,27,1
190000,female,university,married,55,0
230000,female,graduate,single,28,1
120000,female,university,single,29,0
50000,female,university,single,23,1
220000,female,university,single,41,1
320000,female,graduate,single,32,0
160000,female,university,married,27,1
20000,female,university,single,23,0
460000,female,graduate,single,34,0
490000,male,graduate,married,38,0
130000,female,university,married,47,0
170000,male,university,single,41,0
150000,female,university,single,24,0
180000,female,graduate,single,33,0
50000,male,highschool,single,35,0
240000,female,other,married,44,0
390000,female,graduate,single,37,0
50000,male,highschool,single,47,0
310000,male,graduate,married,43,0
100000,female,graduate,single,28,0
260000,female,graduate,single,36,0
30000,female,university,single,28,0
310000,male,university,single,27,0
270000,male,graduate,single,40,0
250000,female,graduate,married,30,1
130000,female,university,married,31,0
220000,male,graduate,married,35,0
60000,female,university,single,48,0
120000,male,graduate,single,29,0
30000,female,university,married,35,0
130000,female,graduate,single,30,1
100000,female,university,married,35,0
200000,female,graduate,single,26,0
260000,female,university,married,47,0
390000,male,graduate,married,45,1
340000,female,graduate,single,42,0
140000,female,university,single,24,1
220000,female,university,single,39,0
20000,male,university,married,31,0
500000,male,university,single,40,0
210000,female,university,married,33,1
340000,female,university,single,39,0
130000,male,university,married,44,1
200000,female,university,single,34,0
150000,male,graduate,married,35,1
50000,female,highschool,single,22,0
60000,female,graduate,single,25,1
60000,male,graduate,single,27,0
150000,female,highschool,married,29,0
180000,male,graduate,married,38,1
50000,male,university,single,22,0
10000,female,highschool,married,48,0
100000,female,university,single,24,0
30000,female,university,single,21,0
50000,male,highschool,married,51,0
30000,male,university,married,39,1
100000,female,university,single,30,1
100000,male,university,single,35,0
290000,male,university,married,37,0
140000,female,university,married,42,0
240000,female,graduate,married,39,0
380000,male,graduate,single,27,0
230000,female,highschool,married,54,0
40000,female,graduate,single,24,1
210000,female,graduate,married,34,0
150000,female,university,married,37,0
70000,female,highschool,married,27,1
80000,female,university,single,24,0
50000,male,university,single,30,0
300000,female,university,single,27,0
180000,female,university,single,30,0
150000,female,graduate,single,35,0
60000,male,graduate,single,24,0
100000,female,university,single,37,1
90000,female,university,married,26,0
20000,male,university,married,43,0
320000,female,graduate,single,32,1
90000,female,highschool,married,68,0
500000,male,university,single,36,0
210000,male,graduate,married,37,0
30000,male,university,single,29,1
20000,male,university,married,51,1
50000,female,graduate,single,23,0
360000,female,highschool,married,39,0
80000,female,highschool,married,28,0
150000,male,graduate,married,47,0
20000,male,university,married,36,0
150000,female,highschool,married,55,0
340000,male,highschool,married,29,0
500000,male,university,married,61,1
100000,female,highschool,married,33,0
160000,male,university,married,62,0
300000,female,graduate,married,42,0
240000,male,graduate,single,34,0
60000,female,university,married,30,1
20000,female,university,single,21,0
80000,female,university,married,25,0
20000,male,university,married,47,0
240000,female,graduate,married,35,0
20000,male,university,single,25,0
290000,male,university,married,33,0
120000,female,graduate,single,33,0
100000,female,university,single,33,0
20000,male,university,married,42,0
60000,female,university,married,49,1
150000,female,university,single,26,1
500000,male,graduate,married,57,0
120000,female,university,single,24,1
80000,female,university,married,35,0
100000,female,highschool,married,39,0
20000,male,graduate,married,53,0
200000,female,university,married,33,0
80000,male,graduate,married,39,0
80000,male,graduate,single,33,0
150000,male,graduate,single,26,0
50000,male,university,married,50,0
370000,female,graduate,single,28,0
130000,female,university,single,25,1
450000,female,graduate,married,41,0
200000,female,university,married,44,0
130000,male,graduate,single,30,0
230000,female,other,single,23,0
90000,female,graduate,single,29,0
30000,male,highschool,married,53,0
180000,male,university,married,43,1
140000,male,graduate,single,32,0
380000,male,graduate,married,52,0
30000,female,university,married,56,1
80000,female,highschool,married,46,1
60000,female,highschool,married,47,1
290000,female,graduate,single,32,0
160000,female,university,married,26,1
20000,male,graduate,single,28,0
80000,female,highschool,married,65,0
360000,female,graduate,married,34,0
30000,female,graduate,single,44,0
140000,female,university,married,37,0
150000,male,graduate,single,33,0
130000,male,graduate,married,45,0
410000,male,graduate,married,34,1
70000,female,graduate,single,28,1
30000,female,graduate,single,24,0
50000,female,university,married,37,0
180000,male,university,married,45,0
30000,female,university,single,36,0
20000,male,graduate,single,38,0
30000,male,university,single,24,0
20000,female,university,single,53,0
280000,male,graduate,single,27,0
50000,female,university,married,28,1
360000,male,graduate,married,34,1
190000,female,highschool,married,41,1
180000,female,graduate,married,36,0
60000,female,graduate,single,24,0
320000,female,university,married,47,0
10000,male,highschool,single,33,1
200000,female,university,married,52,1
50000,male,university,single,24,0
180000,female,graduate,single,25,0
20000,male,university,single,24,1
300000,female,university,married,28,0
90000,female,graduate,single,28,1
160000,female,university,single,23,1
20000,male,university,single,39,0
150000,female,university,single,28,0
50000,male,highschool,single,26,0
60000,male,highschool,divorce,43,0
210000,female,graduate,married,54,0
150000,male,university,single,27,0
60000,female,university,single,24,1
210000,female,university,married,35,0
210000,male,university,single,28,0
360000,female,highschool,married,31,0
10000,male,graduate,single,25,0
140000,female,graduate,single,32,0
100000,female,graduate,single,33,0
50000,male,university,single,23,1
360000,female,highschool,single,42,1
360000,male,university,married,42,0
30000,female,university,single,27,0
20000,male,university,single,36,0
260000,female,graduate,married,42,0
100000,female,graduate,single,38,1
340000,female,university,single,39,0
50000,female,graduate,single,31,1
180000,female,university,married,32,0
360000,female,graduate,single,33,0
60000,female,university,married,35,0
20000,female,highschool,married,28,0
150000,female,graduate,married,44,1
150000,male,graduate,married,50,0
300000,male,graduate,single,32,0
420000,female,highschool,single,35,0
500000,male,graduate,single,34,0
150000,female,university,single,30,0
50000,male,highschool,married,54,1
110000,female,university,single,24,0
150000,female,university,married,38,0
80000,male,graduate,single,26,0
150000,female,highschool,married,34,0
50000,female,university,single,39,0
20000,male,university,single,33,0
80000,female,university,single,33,0
150000,male,graduate,married,41,1
240000,female,highschool,married,41,0
100000,female,university,married,27,0
130000,female,university,married,45,0
20000,male,university,married,37,0
340000,female,graduate,single,35,0
430000,male,graduate,married,40,0
110000,female,graduate,married,57,0
90000,female,highschool,married,49,0
10000,female,graduate,single,26,0
100000,male,graduate,single,32,0
390000,female,graduate,married,34,0
130000,female,university,single,43,0
180000,female,university,married,37,0
50000,male,university,divorce,51,0
80000,female,university,married,30,0
30000,female,highschool,single,33,1
150000,female,graduate,single,30,0
230000,male,university,single,46,0
90000,female,university,single,23,1
80000,female,university,divorce,30,0
700000,male,graduate,single,35,0
30000,female,university,single,22,1
90000,female,graduate,married,28,1
200000,male,university,single,44,0
230000,male,university,married,50,1
100000,male,graduate,single,54,0
360000,female,graduate,single,28,0
500000,male,graduate,married,43,1
240000,female,university,single,42,0
360000,male,graduate,single,28,0
360000,male,university,married,30,1
320000,male,graduate,married,43,0
50000,female,university,married,40,0
140000,female,university,single,31,0
360000,female,university,married,30,0
180000,female,graduate,single,27,1
330000,female,graduate,married,40,0
140000,female,graduate,single,24,1
360000,female,graduate,married,27,0
150000,female,graduate,single,27,1
220000,female,highschool,single,29,0
260000,male,highschool,single,31,0
30000,female,highschool,married,54,0
580000,male,graduate,single,31,0
50000,male,university,single,25,0
230000,female,graduate,married,36,1
20000,male,university,married,39,1
110000,male,highschool,married,35,1
240000,female,graduate,single,28,0
50000,female,university,married,34,0
20000,female,graduate,divorce,51,0
190000,female,highschool,married,42,0
100000,female,highschool,single,50,0
500000,male,university,married,34,0
170000,female,graduate,married,40,0
150000,female,university,single,23,0
30000,male,university,married,48,0
80000,male,university,single,41,1
340000,female,highschool,married,49,0
210000,female,university,single,30,0
30000,female,graduate,single,23,0
230000,male,graduate,single,27,0
20000,male,university,single,23,0
70000,female,highschool,married,26,0
310000,female,graduate,married,66,1
80000,male,university,single,36,1
150000,female,university,single,27,0
20000,male,highschool,married,49,0
220000,female,university,married,54,0
150000,female,graduate,single,30,0
530000,male,graduate,single,30,0
150000,female,university,married,28,0
150000,female,graduate,single,29,1
420000,female,university,married,30,0
80000,female,university,married,31,0
100000,female,university,married,37,0
30000,female,university,single,27,1
50000,male,university,married,37,0
330000,female,graduate,single,39,1
140000,female,university,single,36,0
50000,female,university,married,34,0
360000,male,university,married,37,1
180000,male,university,single,38,1
130000,female,university,married,27,0
130000,female,university,single,31,0
20000,male,graduate,single,24,0
260000,female,graduate,single,30,0
50000,female,university,single,51,0
320000,female,university,married,29,0
70000,female,university,married,37,1
180000,female,graduate,married,47,0
60000,male,university,married,54,0
80000,male,university,married,23,0
10000,female,highschool,married,49,0
150000,female,university,married,33,1
50000,female,highschool,single,55,0
150000,male,highschool,single,41,0
350000,male,graduate,single,38,0
380000,female,graduate,single,44,0
130000,female,highschool,single,25,0
180000,female,graduate,married,35,0
100000,female,university,married,41,0
30000,female,highschool,married,31,1
430000,male,graduate,single,28,0
200000,female,university,married,37,1
360000,male,university,married,43,1
80000,female,graduate,single,32,0
40000,female,graduate,single,26,1
80000,female,university,single,29,0
20000,male,highschool,single,23,0
250000,female,university,single,24,1
70000,male,university,married,43,0
20000,female,graduate,married,34,1
160000,female,other,married,39,0
70000,male,university,married,36,1
50000,female,university,single,34,0
30000,female,highschool,married,41,1
80000,male,university,married,48,0
20000,male,university,married,52,0
50000,female,other,married,32,0
50000,male,graduate,single,26,0
230000,female,graduate,married,36,0
10000,female,university,single,23,1
20000,male,university,married,42,0
110000,male,university,single,34,0
200000,female,graduate,single,29,0
20000,male,university,married,59,0
80000,male,graduate,single,29,0
280000,female,university,single,31,0
140000,female,university,married,45,0
60000,female,graduate,single,25,0
50000,male,university,married,51,0
200000,female,graduate,married,34,0
180000,female,graduate,married,38,0
260000,female,university,single,45,0
150000,male,graduate,single,32,1
130000,female,graduate,single,32,0
120000,male,highschool,single,50,1
210000,female,university,married,30,0
110000,female,graduate,divorce,33,0
30000,male,university,single,28,0
170000,female,graduate,single,25,1
360000,female,graduate,single,32,0
130000,male,graduate,single,37,1
30000,female,graduate,single,24,1
160000,female,university,married,31,0
30000,female,university,married,43,0
10000,female,university,single,22,1
50000,female,university,single,38,0
80000,male,university,married,40,0
260000,female,graduate,married,49,0
170000,male,highschool,single,26,1
30000,female,highschool,single,25,0
50000,female,highschool,single,51,0
120000,male,highschool,married,40,0
240000,female,university,married,31,1
180000,male,graduate,single,41,0
60000,female,highschool,single,26,0
150000,female,highschool,single,32,1
360000,female,university,single,26,0
350000,female,graduate,single,32,1
30000,female,graduate,married,43,0
120000,female,graduate,single,29,0
330000,male,graduate,married,43,1
500000,male,university,single,44,0
100000,female,university,married,34,0
80000,female,university,married,37,0
260000,female,university,single,30,0
500000,male,university,married,41,0
90000,male,graduate,single,52,0
360000,female,university,married,38,0
360000,male,highschool,single,34,0
100000,female,university,single,25,0
200000,male,university,single,36,1
490000,female,university,single,52,0
460000,male,graduate,married,40,0
20000,male,graduate,single,39,1
230000,female,university,married,35,0
170000,female,university,single,28,0
60000,female,highschool,married,63,0
90000,female,university,married,33,0
160000,male,graduate,married,38,0
20000,male,university,single,30,1
500000,female,graduate,married,36,0
30000,female,university,married,42,1
170000,male,university,single,31,0
100000,female,highschool,married,44,0
50000,male,university,single,39,0
110000,male,university,single,28,1
20000,female,graduate,single,23,0
70000,female,highschool,single,26,0
310000,female,university,married,42,0
30000,male,university,single,28,1
30000,female,university,married,27,1
100000,female,graduate,married,36,0
150000,female,graduate,single,30,0
80000,male,university,single,27,0
200000,female,highschool,married,40,0
20000,male,university,married,36,1
30000,male,university,married,33,0
50000,female,highschool,married,42,0
130000,female,other,married,32,0
330000,male,graduate,single,32,0
80000,female,highschool,single,53,0
50000,female,graduate,married,34,0
150000,female,graduate,single,33,0
210000,female,university,married,30,0
30000,female,university,married,30,0
500000,female,graduate,single,30,0
60000,female,graduate,single,32,0
20000,female,university,married,29,0
30000,female,university,single,23,1
120000,male,university,married,60,1
80000,female,university,married,37,1
360000,female,graduate,married,35,1
150000,male,university,married,36,0
10000,female,highschool,single,51,0
230000,female,highschool,married,30,0
380000,female,highschool,single,31,0
350000,female,graduate,single,48,0
130000,female,university,single,23,0
490000,female,graduate,single,29,0
150000,female,university,single,28,0
340000,female,university,single,38,1
80000,female,graduate,single,52,0
230000,female,graduate,single,36,0
160000,male,university,single,37,0
300000,female,university,married,33,0
400000,female,university,married,24,0
80000,female,university,married,45,0
320000,male,university,married,45,0
310000,male,graduate,single,36,0
270000,female,university,married,32,0
280000,female,highschool,married,53,0
330000,male,graduate,single,31,0
50000,male,university,single,49,0
240000,female,graduate,single,26,1
180000,female,highschool,single,27,0
270000,male,graduate,single,28,1
70000,male,graduate,single,36,1
290000,male,graduate,single,27,0
350000,female,graduate,single,41,0
210000,male,university,married,54,0
110000,male,university,single,47,1
300000,male,university,married,32,1
140000,female,university,single,38,0
80000,male,graduate,single,27,0
360000,female,university,married,42,0
210000,female,university,single,33,0
50000,male,university,single,22,1
80000,female,graduate,single,28,1
130000,female,highschool,single,27,0
50000,female,graduate,single,22,0
80000,female,highschool,single,34,0
350000,male,graduate,single,35,0
330000,female,university,married,37,0
80000,female,university,single,23,0
280000,female,graduate,married,51,0
30000,male,university,single,49,0
200000,male,highschool,married,44,0
120000,female,graduate,single,26,0
50000,female,university,married,38,0
50000,male,university,single,31,0
300000,male,graduate,married,58,1
20000,male,university,single,30,0
50000,male,university,single,46,1
500000,female,university,single,44,0
130000,female,university,married,40,0
70000,female,graduate,single,28,1
70000,female,highschool,single,29,0
120000,female,university,single,27,0
340000,male,university,married,48,0
130000,male,graduate,single,41,1
240000,male,graduate,single,33,0
50000,female,university,married,37,0
210000,female,university,married,48,0
30000,male,university,single,30,1
80000,female,university,single,22,0
50000,male,highschool,married,42,0
220000,female,highschool,married,25,0
40000,male,university,married,37,0
280000,male,graduate,single,26,0
90000,female,university,married,31,0
180000,female,university,single,39,0
50000,male,university,single,30,1
320000,male,university,single,27,0
70000,male,university,married,38,0
260000,female,graduate,single,36,1
360000,male,graduate,married,38,0
100000,female,university,single,38,0
100000,female,graduate,married,32,1
140000,female,university,married,39,0
90000,female,university,single,28,0
220000,male,graduate,single,25,0
260000,female,graduate,single,34,0
260000,female,graduate,married,42,0
20000,male,graduate,single,24,0
50000,female,graduate,single,27,0
70000,female,university,single,23,0
170000,female,university,married,36,1
30000,female,university,single,22,0
200000,male,university,single,68,0
50000,female,university,single,39,0
50000,male,university,single,30,0
470000,female,university,married,35,0
20000,female,graduate,single,22,1
50000,male,university,single,26,0
360000,female,university,married,56,0
20000,female,university,divorce,46,0
140000,female,graduate,single,26,0
10000,female,highschool,married,47,1
90000,female,graduate,single,30,0
200000,female,university,married,46,0
390000,female,university,married,39,0
90000,female,university,single,25,1
130000,female,graduate,single,27,0
120000,female,university,single,33,1
160000,female,university,married,35,0
70000,female,university,single,24,0
80000,male,highschool,married,60,0
250000,female,university,single,36,0
240000,male,university,single,37,0
50000,female,university,single,49,0
30000,female,highschool,single,23,0
50000,male,highschool,married,51,1
80000,female,university,single,24,1
130000,male,university,married,47,0
50000,male,highschool,single,23,0
200000,male,university,married,39,0
140000,male,highschool,married,33,0
30000,female,graduate,single,23,0
20000,female,graduate,single,25,0
70000,male,university,single,29,0
20000,female,highschool,divorce,48,0
410000,male,graduate,married,42,0
250000,male,graduate,married,41,1
140000,female,university,single,27,1
90000,female,graduate,single,26,0
340000,male,graduate,married,38,0
230000,female,university,married,28,0
80000,male,highschool,single,33,0
50000,female,university,single,42,1
60000,female,university,married,35,0
50000,female,university,single,24,0
210000,female,university,single,28,0
140000,female,graduate,single,27,0
20000,male,highschool,single,32,0
20000,male,highschool,divorce,48,1
230000,male,graduate,single,32,0
210000,male,university,single,27,0
20000,male,university,single,34,0
50000,female,university,single,24,0
30000,male,highschool,single,49,0
50000,female,university,single,36,1
150000,female,graduate,married,30,0
160000,male,university,married,57,0
90000,female,highschool,married,42,0
150000,male,university,married,39,0
200000,male,highschool,single,36,1
170000,male,graduate,married,40,0
100000,female,university,married,38,0
20000,male,highschool,married,39,0
30000,male,graduate,single,24,0
200000,male,graduate,single,32,0
180000,male,university,married,46,0
160000,female,university,married,44,0
80000,female,university,single,31,0
70000,female,graduate,married,36,0
80000,male,highschool,single,44,1
50000,male,university,single,45,1
140000,female,university,married,58,1
90000,female,university,married,50,0
120000,female,graduate,single,27,0
80000,female,university,single,33,0
20000,male,university,single,43,1
20000,male,graduate,single,28,0
440000,female,university,single,34,0
310000,female,university,married,28,0
80000,female,university,single,25,0
200000,male,graduate,single,28,0
300000,female,university,married,34,1
140000,female,university,married,35,0
230000,female,university,married,43,0
130000,female,highschool,married,38,1
40000,female,other,married,48,0
20000,female,highschool,married,23,0
90000,female,university,single,26,0
50000,female,highschool,single,41,1
220000,male,university,married,49,0
60000,female,university,divorce,64,1
240000,male,highschool,married,48,0
400000,female,university,single,40,0
120000,male,graduate,single,30,0
280000,female,graduate,married,37,0
390000,female,university,single,28,0
340000,female,graduate,married,46,0
10000,male,university,single,47,1
110000,male,university,married,35,1
100000,male,university,single,31,0
130000,female,university,married,25,0
230000,male,university,married,45,0
290000,female,university,married,39,1
50000,male,graduate,single,29,0
120000,female,graduate,single,27,0
240000,female,graduate,married,36,1
360000,female,graduate,single,32,0
110000,female,highschool,single,31,0
60000,female,highschool,single,23,0
130000,male,graduate,single,33,1
250000,female,graduate,married,31,0
410000,male,highschool,single,38,0
130000,female,highschool,single,53,0
200000,male,graduate,single,38,0
60000,female,graduate,single,25,0
20000,male,graduate,single,25,0
20000,male,university,married,37,0
380000,female,university,married,50,0
80000,male,highschool,married,47,1
160000,male,university,single,31,0
50000,male,graduate,single,23,0
50000,male,university,married,34,0
310000,male,university,married,34,0
130000,male,university,single,30,0
180000,male,graduate,single,33,0
130000,female,university,married,43,0
50000,male,graduate,married,35,0
150000,female,university,married,30,1
230000,female,graduate,single,25,0
20000,female,graduate,single,23,0
360000,female,graduate,married,33,1
180000,female,graduate,married,31,0
280000,male,university,married,37,0
90000,female,graduate,single,23,1
210000,male,university,married,41,0
240000,male,graduate,single,30,1
200000,female,graduate,married,49,0
180000,female,graduate,married,35,0
190000,male,highschool,married,44,0
50000,female,highschool,married,53,0
80000,female,other,married,23,0
50000,male,university,single,23,1
130000,male,graduate,single,29,0
30000,female,university,married,52,1
30000,female,graduate,single,28,0
50000,male,university,single,24,1
360000,female,graduate,married,41,0
80000,female,university,single,24,1
460000,male,graduate,single,33,0
200000,male,graduate,married,48,0
50000,male,university,single,22,1
370000,female,university,single,28,0
20000,female,university,married,42,1
50000,female,graduate,single,24,0
80000,male,university,married,54,0
170000,female,graduate,married,31,0
400000,male,graduate,married,54,0
500000,female,university,married,41,0
250000,male,highschool,married,44,1
80000,female,university,single,22,0
90000,female,university,divorce,40,0
120000,male,highschool,single,44,1
310000,male,university,married,44,0
20000,male,university,single,22,0
60000,female,university,single,29,0
460000,female,graduate,single,29,0
220000,male,university,married,40,0
220000,male,graduate,single,32,1
20000,male,university,single,33,0
80000,male,highschool,married,38,1
220000,male,graduate,single,31,0
20000,male,university,single,23,0
100000,female,university,single,26,0
230000,female,graduate,single,31,0
300000,female,university,married,40,0
20000,male,university,single,24,0
160000,male,graduate,single,29,0
70000,female,university,married,27,1
240000,female,university,single,37,0
100000,male,university,single,25,0
220000,male,university,single,30,0
50000,male,university,single,42,0
80000,female,highschool,married,44,0
130000,male,graduate,single,28,1
30000,female,university,single,23,0
360000,female,university,married,46,1
280000,male,university,married,34,1
230000,male,graduate,married,45,0
30000,female,graduate,single,24,0
70000,female,university,married,28,1
100000,male,university,single,32,0
50000,male,university,single,27,1
150000,female,university,single,26,0
20000,male,university,single,46,1
100000,male,highschool,divorce,48,1
90000,female,university,single,25,1
50000,male,highschool,single,49,0
200000,male,graduate,married,49,1
250000,female,university,single,26,0
140000,female,graduate,married,32,0
320000,female,university,married,44,0
20000,female,university,married,22,1
80000,female,university,single,26,0
300000,female,university,single,36,0
500000,female,graduate,married,38,0
30000,male,university,single,22,0
130000,female,other,single,47,0
40000,male,university,married,25,0
20000,female,university,single,22,0
470000,female,graduate,single,39,0
200000,female,graduate,single,42,1
50000,female,university,single,31,1
130000,female,university,married,36,0
100000,female,university,married,33,0
160000,male,graduate,single,29,0
50000,male,highschool,single,26,0
180000,male,graduate,married,42,0
50000,male,highschool,single,29,0
70000,female,highschool,married,40,0
270000,male,university,married,53,1
210000,female,university,married,48,0
70000,female,university,married,43,0
160000,female,graduate,single,31,0
30000,female,university,married,27,0
250000,male,graduate,single,29,0
10000,female,highschool,married,51,0
50000,male,university,single,27,0
120000,male,highschool,married,38,0
50000,male,university,single,28,0
250000,male,graduate,single,36,0
20000,male,university,single,48,1
70000,female,university,single,25,0
50000,male,university,single,46,0
110000,male,university,single,41,0
100000,female,graduate,single,32,0
20000,male,university,married,31,0
120000,female,university,married,25,0
50000,male,university,single,26,0
140000,male,university,married,29,1
140000,male,university,married,34,1
250000,female,graduate,married,39,0
180000,female,university,single,30,0
130000,male,university,single,26,0
200000,male,graduate,single,27,0
100000,female,graduate,single,26,0
20000,male,university,single,23,0
290000,female,highschool,single,27,0
110000,male,graduate,married,46,0
30000,female,university,single,27,0
150000,female,highschool,single,23,0
150000,female,university,single,34,0
120000,female,graduate,single,25,1
280000,male,university,married,28,0
90000,female,university,married,36,0
130000,male,university,married,39,0
30000,male,university,single,24,1
100000,male,graduate,married,25,0
30000,female,graduate,single,27,1
90000,female,university,married,28,0
160000,female,university,married,25,0
260000,male,graduate,married,51,0
50000,male,graduate,single,28,1
260000,male,highschool,single,27,0
220000,female,graduate,single,35,0
20000,female,university,single,22,0
300000,female,graduate,single,25,1
250000,female,graduate,single,31,0
200000,male,university,single,30,0
20000,female,university,single,21,0
50000,male,university,single,25,1
100000,female,highschool,single,28,0
170000,male,university,married,37,0
120000,male,graduate,married,37,0
120000,female,university,single,38,0
50000,male,university,single,26,0
260000,female,graduate,single,28,0
60000,female,university,single,44,0
120000,female,university,single,28,1
220000,female,highschool,married,47,0
200000,male,graduate,single,26,0
90000,female,university,married,45,0
310000,female,graduate,married,25,0
110000,female,university,married,34,0
140000,female,university,single,42,0
160000,female,graduate,married,51,0
80000,female,university,single,24,1
500000,female,graduate,married,36,0
130000,male,university,single,29,0
240000,female,university,married,44,0
50000,female,university,single,24,1
180000,female,graduate,married,42,0
240000,male,university,single,33,1
180000,male,university,married,30,0
130000,male,university,single,33,0
50000,female,graduate,single,24,1
500000,male,graduate,single,34,0
200000,male,university,married,29,0
220000,female,graduate,single,29,0
70000,male,university,married,33,0
440000,male,graduate,married,31,0
290000,male,other,married,52,0
50000,female,university,single,23,0
120000,female,university,single,23,0
80000,female,highschool,married,44,0
170000,female,university,married,27,0
160000,male,graduate,single,41,1
280000,male,graduate,single,29,1
40000,female,university,married,47,1
80000,female,highschool,married,53,0
210000,female,university,married,40,0
60000,female,university,married,29,1
20000,female,university,married,40,1
230000,female,university,single,36,0
90000,female,graduate,married,50,0
170000,female,graduate,married,35,0
70000,female,university,single,22,0
50000,male,university,single,29,0
140000,female,graduate,married,48,0
50000,female,highschool,single,55,0
270000,female,graduate,single,45,0
170000,female,university,married,49,1
180000,female,graduate,single,27,0
80000,female,graduate,single,29,0
450000,female,graduate,single,37,0
400000,male,graduate,single,29,0
400000,female,university,single,35,0
60000,male,highschool,single,25,0
110000,male,graduate,single,25,0
60000,female,university,single,24,0
140000,male,graduate,single,37,1
20000,male,university,married,24,1
50000,male,graduate,single,30,1
30000,female,highschool,single,53,0
210000,female,university,single,26,0
50000,male,university,single,36,1
200000,male,graduate,single,30,0
120000,female,highschool,married,50,0
200000,female,graduate,single,29,1
180000,female,university,married,35,0
440000,female,university,married,47,1
150000,female,university,single,22,0
130000,male,graduate,married,70,1
50000,female,university,married,26,0
180000,female,university,single,28,1
80000,female,university,single,24,0
170000,female,graduate,single,29,0
150000,female,graduate,single,25,0
240000,male,university,single,35,0
140000,male,university,single,24,1
50000,male,highschool,other,50,0
20000,female,university,married,36,0
240000,female,graduate,married,38,0
30000,female,university,married,45,0
50000,female,university,single,29,1
20000,female,university,married,37,1
20000,female,university,married,50,1
310000,female,university,married,48,0
200000,male,university,single,39,0
330000,male,highschool,single,48,0
100000,female,highschool,married,53,0
50000,female,highschool,single,35,0
120000,male,university,single,30,0
160000,male,graduate,married,42,0
170000,male,graduate,married,62,0
50000,female,highschool,other,27,0
30000,female,university,single,23,0
150000,male,graduate,single,29,0
320000,female,university,single,33,0
50000,female,university,married,58,0
20000,female,graduate,single,26,0
20000,male,university,single,25,1
50000,male,university,married,34,0
160000,male,highschool,married,46,0
20000,female,university,single,34,0
130000,male,university,married,27,1
150000,female,university,single,24,0
20000,female,university,single,23,0
20000,male,highschool,married,45,1
70000,female,highschool,married,56,0
50000,male,graduate,single,26,0
200000,male,university,married,40,0
320000,female,university,single,30,0
50000,male,highschool,single,34,0
70000,male,university,single,25,0
200000,female,highschool,single,33,0
250000,female,university,married,29,0
70000,female,graduate,single,25,1
90000,female,university,married,36,1
400000,male,graduate,single,32,0
130000,female,graduate,single,33,0
110000,female,graduate,married,40,0
150000,male,graduate,single,38,0
330000,female,graduate,single,28,0
30000,female,highschool,single,21,0
360000,female,graduate,single,32,0
50000,male,graduate,married,54,0
60000,female,university,single,24,1
200000,female,university,single,27,0
180000,female,graduate,single,43,0
50000,male,highschool,single,52,0
80000,female,highschool,married,38,0
50000,female,university,single,23,1
270000,female,highschool,married,30,0
100000,female,university,single,23,1
170000,female,university,single,38,0
30000,male,graduate,married,30,0
230000,female,university,single,38,0
200000,female,graduate,married,34,0
130000,male,graduate,single,36,1
30000,male,university,married,62,0
140000,female,university,married,26,0
490000,male,graduate,married,43,0
160000,male,university,single,30,0
180000,male,university,married,42,1
260000,female,university,married,32,0
80000,female,university,single,27,1
360000,female,graduate,single,29,1
20000,female,graduate,single,25,0
20000,male,graduate,single,28,0
80000,female,highschool,married,28,0
500000,male,graduate,single,32,0
160000,male,graduate,married,55,0
20000,female,graduate,single,22,0
330000,female,graduate,married,36,0
80000,female,graduate,single,26,1
220000,male,university,married,40,0
230000,female,university,single,28,0
90000,female,university,single,25,0
300000,male,highschool,married,61,1
30000,female,university,married,45,1
80000,female,university,married,40,1
60000,male,graduate,single,27,0
360000,male,other,married,31,0
360000,male,graduate,single,27,0
30000,female,university,single,23,0
190000,male,highschool,married,50,0
130000,female,university,married,45,0
110000,female,graduate,single,34,0
350000,female,university,married,46,0
50000,female,highschool,married,52,0
130000,female,university,divorce,38,0
50000,male,graduate,single,29,1
50000,male,university,single,25,0
380000,female,university,single,31,0
260000,female,graduate,single,30,0
140000,female,university,single,28,0
270000,female,graduate,single,36,0
30000,female,university,married,33,0
240000,male,graduate,single,35,0
70000,male,highschool,single,32,1
120000,male,graduate,married,50,1
160000,female,university,single,42,1
170000,male,highschool,single,36,1
380000,female,graduate,single,31,0
160000,female,university,married,26,0
30000,male,university,single,39,0
260000,female,graduate,married,40,0
70000,male,university,single,41,1
240000,male,university,married,39,0
170000,female,university,married,43,0
30000,male,university,married,36,0
90000,male,highschool,single,32,0
250000,male,university,single,25,0
270000,female,university,single,25,0
130000,female,university,single,24,1
360000,male,graduate,married,43,0
490000,male,graduate,married,35,0
110000,female,university,married,31,0
100000,male,university,single,27,0
200000,male,highschool,married,28,0
50000,female,university,single,24,0
220000,male,university,single,30,0
360000,male,highschool,single,41,0
20000,female,university,married,51,0
70000,female,university,married,44,0
180000,female,university,single,29,0
50000,male,university,single,32,0
140000,female,graduate,single,28,0
220000,male,university,married,47,0
150000,female,university,single,50,0
30000,male,university,single,33,0
300000,female,university,married,32,0
420000,male,graduate,married,36,0
80000,female,university,single,30,0
100000,female,highschool,single,46,0
120000,female,university,single,25,1
230000,female,graduate,single,38,0
200000,female,university,married,28,0
200000,male,graduate,single,29,0
230000,male,highschool,married,30,0
200000,male,university,single,27,0
50000,male,highschool,married,65,1
220000,male,graduate,married,36,0
90000,male,highschool,single,27,1
500000,male,university,single,35,0
130000,female,graduate,single,29,0
210000,male,university,married,37,0
200000,female,graduate,single,30,0
20000,male,graduate,single,24,1
410000,female,graduate,married,38,1
290000,female,graduate,married,35,0
270000,female,university,single,26,0
90000,female,graduate,single,27,1
30000,female,graduate,single,27,0
360000,female,graduate,single,28,0
240000,male,graduate,married,30,0
180000,female,university,single,23,0
50000,female,university,married,24,0
50000,female,university,single,47,1
100000,male,university,single,30,0
50000,male,university,single,39,0
360000,male,graduate,married,48,0
550000,female,other,single,52,0
260000,female,university,married,39,1
500000,female,graduate,married,34,1
130000,male,graduate,single,27,0
30000,male,university,single,39,0
160000,female,graduate,single,40,0
420000,female,university,married,40,1
50000,female,highschool,married,22,0
30000,female,graduate,single,36,1
50000,female,university,single,32,0
160000,female,graduate,married,39,1
120000,female,university,single,26,0
50000,female,graduate,single,28,0
130000,male,university,single,42,0
150000,male,graduate,single,42,1
450000,male,graduate,married,48,1
150000,male,graduate,married,29,0
90000,female,university,single,53,0
130000,male,graduate,single,28,0
130000,male,university,single,30,0
390000,female,university,married,41,0
200000,male,university,single,29,1
300000,female,university,married,50,0
140000,female,university,married,42,0
200000,female,graduate,single,35,0
30000,male,university,single,30,0
30000,male,highschool,single,24,0
160000,female,graduate,single,37,0
210000,female,university,single,37,0
310000,female,university,single,51,0
400000,female,university,married,33,0
50000,female,highschool,married,35,1
80000,male,university,married,33,0
340000,female,graduate,single,33,0
140000,male,graduate,single,27,0
380000,male,graduate,married,39,1
50000,female,university,married,34,1
10000,male,university,single,35,0
30000,female,university,single,28,0
360000,female,graduate,married,50,1
150000,female,university,married,47,0
50000,male,graduate,single,23,0
120000,male,university,divorce,42,0
250000,female,graduate,single,35,0
20000,male,graduate,single,24,1
30000,female,graduate,married,30,1
260000,male,graduate,single,27,0
250000,female,graduate,single,30,0
260000,female,university,married,41,0
150000,female,university,married,35,0
160000,female,university,single,33,0
80000,male,university,single,30,0
500000,female,graduate,single,38,0
110000,female,university,single,29,0
100000,male,graduate,single,28,0
360000,female,graduate,married,35,0
330000,male,university,married,65,0
70000,female,highschool,married,32,0
140000,male,graduate,single,29,1
200000,male,graduate,single,31,0
50000,male,university,married,49,1
290000,male,graduate,married,56,0
30000,male,university,married,57,0
180000,female,graduate,single,31,0
30000,male,university,married,38,0
180000,female,graduate,married,47,0
240000,male,graduate,married,39,0
130000,female,other,married,27,0
230000,male,graduate,married,32,1
500000,male,graduate,single,43,1
360000,male,university,single,33,0
50000,male,university,single,23,1
200000,male,graduate,single,31,1
230000,male,highschool,married,45,0
70000,female,university,married,32,1
50000,male,university,single,29,1
500000,male,graduate,married,46,0
140000,male,university,married,28,1
140000,female,university,single,23,0
130000,male,university,single,32,1
160000,female,highschool,married,48,0
50000,female,highschool,single,58,0
20000,male,highschool,married,41,1
360000,female,university,married,42,0
160000,female,university,married,51,1
250000,female,graduate,married,37,0
130000,female,university,single,25,1
190000,male,graduate,single,36,1
180000,female,university,single,25,0
80000,male,university,single,43,0
240000,male,graduate,single,40,0
50000,male,university,single,35,0
160000,female,university,single,50,0
90000,female,university,married,49,0
310000,female,university,married,37,0
60000,male,graduate,single,27,0
240000,male,graduate,single,29,0
50000,female,university,single,24,0
150000,female,graduate,married,34,0
130000,female,university,married,44,0
20000,female,graduate,single,22,0
150000,male,graduate,married,40,0
240000,male,graduate,married,42,0
50000,male,highschool,married,45,0
50000,male,highschool,married,51,0
270000,male,graduate,married,51,1
20000,female,university,single,28,0
300000,female,university,married,33,0
390000,male,graduate,married,34,0
110000,female,graduate,married,37,0
90000,male,university,married,58,0
300000,female,university,married,30,0
450000,male,highschool,married,42,1
20000,male,university,single,30,1
500000,female,graduate,single,33,0
30000,female,university,single,46,0
50000,male,university,single,51,1
140000,female,university,single,26,0
10000,male,university,married,43,1
120000,female,university,single,37,0
30000,male,university,single,30,0
30000,female,university,married,22,0
20000,male,graduate,single,33,0
10000,male,highschool,single,36,0
110000,female,university,married,35,1
280000,female,graduate,married,29,0
500000,male,graduate,married,42,0
50000,female,highschool,married,46,1
230000,male,university,married,30,0
50000,male,university,married,53,0
120000,female,university,single,24,0
30000,male,university,single,26,0
330000,female,university,married,28,0
360000,male,university,married,30,0
40000,male,graduate,single,26,0
110000,female,graduate,single,29,1
40000,female,highschool,married,39,0
70000,female,university,married,30,0
100000,male,highschool,single,26,1
210000,female,university,married,50,0
360000,male,university,married,38,0
260000,male,university,single,27,0
200000,female,graduate,single,34,0
160000,male,graduate,married,43,1
420000,female,university,married,29,0
140000,female,graduate,single,28,1
180000,male,graduate,single,38,1
150000,female,highschool,married,39,0
30000,female,university,married,35,0
500000,male,graduate,single,34,0
240000,male,university,married,45,0
30000,male,graduate,single,22,0
80000,male,university,single,28,0
80000,male,university,single,34,0
310000,male,graduate,married,39,0
180000,female,graduate,single,33,0
60000,female,university,single,23,1
170000,female,university,single,33,0
180000,female,university,married,31,0
180000,male,university,married,28,1
350000,male,university,married,42,0
360000,male,university,married,36,0
140000,male,university,married,46,1
310000,female,highschool,single,30,0
30000,male,highschool,single,25,0
200000,male,graduate,single,32,1
120000,female,graduate,single,37,1
260000,male,graduate,married,45,0
60000,female,graduate,single,32,0
50000,male,university,single,24,0
80000,male,graduate,single,28,0
60000,male,graduate,married,46,0
200000,female,highschool,married,27,0
140000,female,graduate,single,28,0
30000,male,university,single,25,1
110000,female,university,married,34,0
90000,female,highschool,married,39,0
40000,female,graduate,single,27,0
110000,female,graduate,married,29,0
640000,female,graduate,single,30,0
20000,male,highschool,single,51,0
50000,female,university,married,36,0
30000,male,university,married,25,0
140000,female,university,single,32,0
70000,male,university,single,36,0
80000,female,university,married,42,1
100000,female,graduate,single,31,0
180000,male,highschool,single,40,0
50000,female,university,single,28,0
170000,male,graduate,married,35,1
50000,female,highschool,single,23,1
140000,male,graduate,single,28,1
100000,male,graduate,single,29,1
10000,male,university,married,36,0
50000,female,university,single,22,0
30000,female,university,married,24,1
80000,female,university,single,27,0
290000,female,university,single,29,0
110000,female,graduate,single,27,0
30000,female,highschool,single,24,0
70000,female,university,married,23,0
300000,female,graduate,single,26,0
30000,male,university,married,47,1
200000,female,graduate,single,36,0
130000,male,university,single,27,1
80000,male,graduate,single,25,0
50000,female,university,single,37,0
310000,female,graduate,single,30,0
160000,female,university,married,31,0
240000,male,university,married,30,0
100000,female,university,married,36,0
200000,female,other,single,27,0
50000,female,graduate,single,38,0
320000,female,highschool,single,45,0
60000,male,graduate,married,37,0
60000,male,university,married,43,0
50000,male,university,married,42,1
360000,male,university,married,41,1
60000,female,university,single,32,0
210000,female,university,single,28,0
20000,male,university,married,39,1
100000,female,university,married,40,0
200000,female,graduate,single,32,0
180000,female,university,married,28,0
70000,female,graduate,single,50,1
170000,female,university,single,48,0
80000,male,graduate,single,36,0
400000,female,graduate,married,41,0
140000,female,university,married,40,0
60000,male,highschool,married,57,0
360000,male,graduate,married,44,0
240000,female,university,married,43,0
80000,female,university,single,27,0
270000,female,university,single,39,0
30000,female,highschool,married,39,0
480000,male,graduate,married,58,1
160000,male,university,married,50,0
180000,female,university,single,34,1
300000,male,graduate,single,29,1
200000,female,graduate,single,31,0
50000,female,university,single,30,0
320000,female,highschool,married,39,0
30000,female,graduate,married,35,1
500000,female,graduate,married,38,0
360000,male,graduate,married,40,0
50000,female,university,married,53,1
80000,female,graduate,single,29,0
10000,male,university,single,23,0
280000,female,graduate,single,23,0
300000,female,university,married,31,0
280000,female,graduate,married,34,0
170000,male,university,married,42,0
260000,female,graduate,married,36,0
360000,male,university,married,44,0
360000,female,university,single,31,0
200000,male,highschool,married,38,0
50000,female,graduate,single,28,0
130000,female,highschool,married,45,0
20000,male,university,married,32,1
50000,female,highschool,married,52,1
190000,female,graduate,married,30,0
140000,male,university,married,36,0
70000,female,university,married,40,0
150000,female,graduate,single,36,0
140000,female,university,single,29,0
50000,male,university,single,27,1
350000,female,graduate,married,55,0
80000,male,university,single,53,1
400000,male,graduate,single,34,0
170000,female,graduate,married,38,0
20000,female,university,divorce,47,0
450000,male,graduate,married,40,0
200000,female,highschool,married,36,0
200000,female,graduate,married,36,0
100000,female,highschool,married,53,1
60000,male,university,married,39,0
230000,female,university,married,37,0
230000,female,university,single,29,0
60000,male,university,married,46,0
160000,female,graduate,married,34,0
310000,male,graduate,married,34,1
430000,female,graduate,single,30,0
240000,female,graduate,married,47,0
60000,male,university,single,29,0
30000,male,university,single,28,0
180000,male,university,married,30,1
20000,male,university,single,24,0
30000,male,graduate,single,24,1
320000,female,university,married,55,0
500000,male,university,single,32,1
170000,female,university,married,47,0
20000,female,university,single,24,0
360000,female,graduate,single,29,0
90000,female,graduate,single,24,0
100000,female,graduate,married,40,0
100000,male,graduate,single,37,0
170000,male,graduate,married,38,0
100000,female,university,single,32,0
20000,male,graduate,single,27,0
220000,male,university,married,32,0
470000,female,graduate,single,31,0
100000,female,university,single,24,0
10000,male,university,single,23,0
230000,female,graduate,single,29,0
50000,female,graduate,single,28,0
50000,male,highschool,married,30,1
120000,female,university,single,30,0
160000,female,graduate,married,33,1
120000,male,graduate,single,27,0
30000,female,university,single,21,0
180000,female,graduate,single,29,0
30000,male,graduate,single,23,0
200000,female,graduate,married,40,0
10000,female,university,single,33,0
230000,male,university,single,39,0
200000,female,highschool,married,53,0
110000,male,university,married,46,1
50000,male,university,married,40,0
50000,female,graduate,single,23,0
220000,male,graduate,married,43,0
500000,male,graduate,married,43,0
140000,male,graduate,married,43,0
50000,female,graduate,single,30,0
50000,male,university,single,24,0
150000,female,graduate,single,32,0
150000,male,graduate,single,35,0
240000,male,highschool,married,43,0
180000,male,graduate,single,31,0
240000,male,university,married,44,0
150000,female,graduate,single,27,0
260000,female,highschool,married,41,0
160000,female,graduate,married,34,0
290000,female,university,married,39,0
240000,male,graduate,single,48,0
50000,male,university,married,56,0
170000,female,highschool,married,46,0
130000,female,graduate,married,46,1
80000,male,graduate,single,27,0
30000,male,graduate,married,45,0
100000,female,highschool,married,40,0
10000,male,university,single,23,0
320000,female,graduate,single,30,0
50000,male,university,married,36,0
80000,male,graduate,single,29,1
70000,female,university,single,26,1
700000,female,university,single,28,0
360000,female,graduate,single,26,0
380000,male,graduate,single,30,0
50000,male,university,single,40,0
20000,male,university,married,45,1
350000,female,graduate,single,33,1
80000,female,graduate,single,29,1
150000,male,highschool,married,35,1
300000,female,graduate,single,35,0
400000,male,university,married,39,0
250000,female,university,married,35,0
50000,female,graduate,single,23,1
230000,female,highschool,married,44,0
100000,female,university,single,27,0
380000,male,university,single,34,0
260000,female,university,single,28,0
470000,male,university,single,31,0
80000,male,university,single,29,0
140000,male,graduate,single,36,1
140000,male,graduate,married,45,1
50000,male,university,married,36,1
180000,female,university,married,37,1
30000,female,university,single,23,1
30000,female,university,single,22,1
50000,female,graduate,married,25,1
250000,female,graduate,single,35,0
310000,female,university,single,25,0
360000,female,university,married,51,0
50000,male,university,single,31,0
480000,female,graduate,single,30,0
50000,female,graduate,single,24,0
160000,male,university,single,37,0
140000,female,graduate,single,30,0
310000,female,graduate,single,27,0
30000,female,graduate,single,27,0
40000,female,university,married,27,0
80000,male,highschool,married,55,0
30000,female,university,single,41,0
200000,female,university,single,26,0
270000,female,highschool,married,42,0
180000,male,graduate,single,32,0
180000,female,university,single,34,0
10000,male,highschool,single,21,0
120000,male,graduate,married,48,1
30000,male,graduate,single,36,1
300000,female,graduate,married,30,0
50000,female,highschool,married,61,0
150000,male,highschool,married,58,0
300000,female,university,single,36,0
50000,male,university,single,26,0
10000,male,university,single,34,0
260000,female,university,single,35,0
400000,female,graduate,married,28,0
50000,female,university,single,39,0
50000,female,university,single,22,0
280000,female,graduate,single,28,0
10000,female,university,single,22,0
80000,female,university,married,32,0
150000,female,highschool,married,52,0
20000,female,university,single,53,0
50000,male,university,single,24,1
170000,female,graduate,single,31,0
130000,female,university,single,33,0
50000,female,university,single,29,0
50000,female,highschool,single,27,0
180000,male,university,married,40,1
20000,female,university,married,50,0
410000,male,graduate,single,29,0
50000,female,university,single,26,0
270000,female,university,married,47,0
80000,female,graduate,single,24,0
140000,female,highschool,single,48,0
60000,male,university,married,29,1
180000,female,graduate,single,26,0
320000,female,graduate,single,34,0
40000,male,university,single,26,1
380000,female,graduate,single,32,0
150000,female,university,married,36,0
110000,female,graduate,single,25,0
110000,male,graduate,single,26,0
100000,female,highschool,married,26,0
240000,male,graduate,single,35,0
50000,female,university,single,25,0
50000,male,graduate,single,38,0
200000,male,university,single,29,0
80000,female,graduate,single,27,0
40000,male,highschool,single,49,1
250000,male,university,married,29,0
230000,female,graduate,single,24,0
30000,male,graduate,single,26,1
80000,female,highschool,single,52,1
100000,female,graduate,single,37,0
230000,female,university,married,28,0
490000,male,graduate,married,50,1
30000,female,highschool,single,44,1
40000,male,highschool,married,49,0
450000,male,graduate,married,34,1
50000,female,university,single,23,1
20000,male,university,single,26,0
260000,female,highschool,married,36,0
10000,male,university,single,28,0
500000,male,graduate,single,38,0
70000,female,university,married,25,0
100000,female,highschool,married,28,0
50000,female,highschool,married,30,0
400000,female,graduate,single,33,1
270000,male,university,married,49,0
260000,male,graduate,single,38,0
250000,female,university,single,32,0
360000,male,graduate,single,30,0
230000,male,university,single,30,0
110000,male,university,single,27,0
50000,female,university,married,32,0
80000,male,graduate,married,38,0
10000,female,university,married,32,1
20000,male,highschool,married,52,1
200000,female,highschool,single,33,0
180000,male,graduate,single,40,0
120000,female,highschool,married,69,0
80000,female,university,married,47,1
220000,male,graduate,married,50,0
360000,male,graduate,single,32,0
50000,female,graduate,single,25,0
150000,female,university,married,31,0
70000,female,university,single,27,0
20000,female,graduate,single,25,1
150000,female,graduate,married,32,1
40000,male,university,married,35,0
170000,male,graduate,single,27,0
220000,female,university,married,37,0
110000,female,university,married,41,1
30000,female,university,married,47,0
230000,female,graduate,single,32,0
270000,female,university,single,38,0
360000,female,graduate,single,47,1
180000,female,university,single,25,0
360000,male,university,married,49,1
280000,female,graduate,single,47,0
170000,female,graduate,married,63,0
50000,female,university,divorce,33,0
160000,male,highschool,single,44,0
160000,female,graduate,single,42,0
160000,female,highschool,single,24,0
50000,male,university,single,27,0
50000,female,university,single,49,0
180000,female,university,single,30,0
210000,female,graduate,single,38,0
20000,male,university,married,40,0
570000,male,graduate,single,29,0
280000,male,graduate,single,27,0
50000,female,university,single,24,1
20000,female,university,single,46,1
30000,male,graduate,single,28,1
240000,male,graduate,married,37,0
30000,male,graduate,single,47,0
90000,female,university,married,47,0
60000,male,university,single,25,0
500000,male,graduate,single,34,0
70000,male,university,married,34,1
140000,male,university,single,27,0
30000,male,university,single,32,0
140000,male,university,married,55,0
290000,male,graduate,single,44,0
360000,female,graduate,married,36,0
30000,male,graduate,single,34,0
170000,female,university,married,33,0
290000,male,graduate,married,46,0
270000,female,university,single,53,0
200000,male,graduate,married,49,1
140000,female,graduate,married,45,0
230000,female,highschool,single,39,0
80000,male,graduate,single,26,0
350000,male,university,single,36,0
50000,female,highschool,married,42,0
50000,male,highschool,single,32,0
390000,female,university,married,45,1
80000,female,graduate,single,25,0
150000,female,university,single,23,0
10000,male,university,single,23,0
100000,male,university,single,31,0
310000,female,graduate,married,41,0
80000,male,graduate,single,31,0
40000,male,graduate,married,46,1
180000,female,university,married,43,0
100000,male,graduate,married,60,0
140000,female,graduate,married,31,0
230000,male,university,single,27,0
20000,male,university,single,24,1
90000,female,highschool,married,55,0
50000,male,graduate,single,29,0
50000,female,university,married,39,0
50000,male,university,married,51,0
200000,male,graduate,single,28,0
20000,male,graduate,single,23,1
400000,male,graduate,single,46,0
20000,male,university,single,38,0
40000,male,university,single,36,0
240000,male,graduate,single,28,0
240000,female,graduate,married,37,0
80000,female,university,single,38,0
180000,male,graduate,married,37,0
20000,female,graduate,single,22,1
20000,male,highschool,married,44,0
20000,male,university,married,41,0
360000,female,university,single,25,0
130000,female,university,married,31,0
30000,male,graduate,married,47,1
110000,female,university,married,33,0
30000,male,highschool,single,46,0
80000,female,graduate,single,26,1
350000,female,highschool,married,31,0
50000,female,university,single,24,0
110000,female,graduate,single,23,0
180000,female,university,single,32,0
440000,female,other,married,32,0
100000,female,graduate,single,42,0
200000,male,graduate,single,33,0
140000,female,university,married,39,0
230000,female,graduate,single,31,1
10000,female,university,single,44,1
280000,female,university,single,35,0
310000,male,university,married,42,1
260000,female,other,married,33,0
270000,male,graduate,single,29,0
50000,male,graduate,single,23,0
450000,male,graduate,married,46,0
190000,male,highschool,married,54,0
290000,female,graduate,single,28,0
480000,female,graduate,married,60,0
360000,male,other,married,34,0
380000,male,graduate,single,32,0
20000,male,highschool,single,24,1
50000,male,highschool,married,52,0
450000,male,graduate,married,34,0
50000,female,university,single,24,1
380000,male,graduate,married,34,0
150000,female,highschool,single,34,0
50000,female,university,single,23,0
150000,female,graduate,single,33,0
50000,female,highschool,married,43,0
50000,male,university,single,24,0
230000,female,graduate,single,26,1
310000,female,graduate,single,32,0
310000,female,university,married,34,0
50000,female,university,married,50,0
240000,male,university,single,32,0
400000,female,graduate,single,26,0
90000,female,university,single,47,0
50000,male,highschool,married,43,0
250000,female,graduate,single,30,0
200000,male,graduate,married,44,0
10000,male,highschool,married,37,0
310000,male,university,married,36,0
340000,female,highschool,single,46,1
220000,male,university,married,34,0
500000,male,graduate,single,36,0
80000,female,university,married,41,0
200000,male,graduate,single,36,0
270000,female,university,married,36,0
100000,female,university,single,29,1
100000,male,university,single,29,1
50000,male,graduate,single,25,0
260000,female,highschool,single,33,0
100000,female,university,single,24,0
240000,female,highschool,single,31,0
50000,female,highschool,married,28,1
50000,male,university,single,54,0
200000,female,graduate,single,44,0
150000,male,university,married,36,1
150000,male,university,married,41,0
50000,male,university,married,40,0
100000,male,graduate,single,27,0
30000,male,graduate,single,25,0
350000,female,graduate,single,31,0
50000,male,university,single,50,0
50000,female,university,married,34,0
250000,female,graduate,single,43,0
300000,female,highschool,single,24,1
80000,female,university,single,22,0
30000,male,university,married,45,1
370000,female,highschool,single,29,0
50000,male,university,married,43,0
30000,female,graduate,married,22,0
200000,female,university,single,26,0
230000,female,highschool,married,48,0
290000,female,university,single,29,0
100000,female,university,married,39,0
80000,male,graduate,single,26,0
90000,female,university,single,39,1
90000,male,graduate,married,37,0
80000,male,university,single,26,0
260000,female,graduate,single,39,0
210000,male,graduate,single,34,0
80000,female,university,married,26,1
170000,female,university,single,25,0
240000,female,graduate,single,38,0
150000,female,graduate,single,32,0
220000,female,graduate,single,28,0
80000,male,graduate,single,27,0
160000,male,graduate,married,41,0
140000,female,university,married,37,0
130000,female,university,single,25,0
280000,female,graduate,single,34,0
200000,male,graduate,single,28,0
50000,male,university,divorce,36,1
150000,female,university,single,44,0
210000,female,graduate,married,36,0
190000,male,graduate,married,39,1
140000,female,graduate,single,28,0
160000,female,highschool,married,41,0
180000,female,graduate,married,39,1
20000,female,graduate,single,22,0
50000,female,university,married,37,0
150000,female,graduate,married,34,0
210000,female,highschool,married,33,0
500000,female,university,single,43,0
70000,female,university,single,22,0
100000,male,graduate,single,27,1
20000,female,university,single,27,0
20000,male,university,single,23,0
50000,male,university,single,25,1
340000,female,highschool,single,27,0
130000,male,graduate,single,29,0
320000,female,university,married,53,0
220000,female,graduate,married,41,1
50000,male,highschool,married,24,1
150000,female,graduate,single,25,0
500000,male,graduate,single,29,0
220000,female,graduate,single,29,0
70000,female,graduate,single,24,0
70000,female,university,single,24,0
360000,female,graduate,single,26,0
100000,male,graduate,single,30,0
360000,male,highschool,single,30,1
210000,female,university,single,29,0
50000,female,university,married,34,0
50000,female,graduate,single,25,0
400000,female,graduate,single,30,0
290000,female,graduate,married,36,0
320000,female,university,married,39,0
20000,female,university,married,24,1
500000,male,graduate,married,51,0
290000,male,graduate,married,40,0
50000,male,graduate,married,38,0
50000,male,graduate,married,60,0
390000,female,highschool,married,53,0
90000,female,graduate,single,27,1
50000,female,highschool,married,53,0
230000,female,graduate,single,28,1
70000,male,university,married,37,1
360000,female,university,married,36,0
300000,female,university,single,31,0
50000,male,highschool,married,51,1
80000,female,highschool,single,26,1
10000,male,university,married,50,0
10000,male,university,single,28,0
140000,female,university,single,29,0
100000,male,university,married,50,0
30000,male,highschool,single,42,1
280000,male,graduate,married,49,0
80000,female,graduate,single,25,1
30000,male,university,married,59,0
390000,female,graduate,married,64,1
10000,female,highschool,married,49,1
70000,male,graduate,married,49,1
160000,female,university,single,37,0
80000,female,university,married,51,0
30000,male,university,single,24,1
200000,female,university,married,40,0
60000,female,graduate,single,24,1
220000,female,graduate,married,36,0
30000,female,graduate,married,41,0
60000,female,graduate,single,33,1
30000,female,university,single,23,1
180000,male,graduate,single,36,0
430000,female,graduate,married,34,0
190000,male,university,single,28,1
20000,female,highschool,divorce,39,0
150000,female,graduate,married,48,0
140000,male,university,single,61,0
200000,male,graduate,married,40,0
240000,female,graduate,single,35,0
50000,male,university,married,33,0
50000,male,university,married,37,1
470000,male,university,single,34,0
90000,male,university,married,37,0
420000,female,graduate,married,45,0
430000,female,university,married,32,0
150000,female,other,single,27,0
450000,female,graduate,married,35,0
220000,female,university,married,41,0
150000,male,graduate,single,35,0
120000,male,graduate,single,31,0
80000,female,graduate,married,32,0
230000,female,university,single,32,0
40000,female,highschool,married,24,0
300000,female,university,married,66,0
360000,female,university,married,51,0
50000,female,graduate,single,22,1
200000,male,graduate,single,33,0
170000,male,university,married,38,0
100000,female,highschool,single,56,0
20000,female,graduate,single,21,0
20000,male,highschool,single,24,0
210000,female,university,married,36,0
50000,female,university,single,29,0
50000,male,university,single,42,0
120000,male,university,single,26,1
80000,female,highschool,married,52,1
190000,male,graduate,single,29,1
180000,female,graduate,single,31,1
180000,male,graduate,single,29,1
110000,female,university,single,26,0
220000,male,graduate,single,35,0
80000,female,university,single,22,0
200000,male,graduate,married,40,0
60000,male,graduate,married,51,1
500000,female,graduate,married,42,1
300000,male,graduate,single,33,0
150000,female,graduate,married,30,1
90000,female,university,single,24,0
240000,male,graduate,married,44,1
190000,female,university,married,45,0
80000,male,graduate,single,37,0
500000,female,university,single,37,0
360000,female,graduate,single,42,0
60000,male,highschool,single,24,0
140000,female,graduate,single,25,0
50000,female,university,married,37,0
30000,male,highschool,married,41,1
150000,female,highschool,married,28,0
180000,female,university,married,26,0
660000,female,university,single,33,0
210000,male,graduate,single,28,0
230000,female,other,single,52,0
100000,male,university,married,24,1
50000,male,highschool,married,43,0
340000,male,university,married,38,0
70000,male,highschool,other,26,1
220000,female,graduate,married,43,0
170000,female,university,married,30,1
280000,male,university,single,26,0
370000,female,graduate,married,39,0
450000,male,graduate,single,36,1
130000,male,university,single,28,0
400000,female,graduate,married,32,0
90000,male,graduate,single,29,0
450000,male,graduate,married,33,0
130000,female,university,single,33,0
20000,female,graduate,single,24,0
50000,female,university,married,27,1
200000,female,university,single,29,0
150000,male,graduate,single,55,0
250000,female,graduate,single,40,0
270000,male,graduate,married,47,0
260000,male,graduate,single,36,0
110000,male,university,married,34,0
50000,male,university,single,25,0
200000,male,university,married,49,0
60000,female,university,single,25,0
200000,male,university,married,46,0
50000,male,highschool,married,38,0
70000,female,graduate,single,22,0
50000,female,graduate,single,24,0
230000,female,highschool,single,34,0
20000,female,university,married,45,0
330000,male,university,single,28,0
50000,female,highschool,single,51,1
460000,male,graduate,married,42,0
30000,female,university,single,27,1
200000,male,highschool,single,30,0
50000,male,graduate,single,23,1
50000,male,university,married,38,0
200000,male,university,married,33,0
360000,female,graduate,single,38,0
230000,male,graduate,single,43,0
200000,female,university,married,34,0
20000,male,highschool,married,51,1
200000,male,university,married,41,0
30000,female,graduate,single,27,0
360000,female,graduate,married,31,0
10000,male,university,single,29,1
180000,female,university,married,34,0
270000,male,university,single,31,0
240000,female,university,single,42,1
280000,female,university,single,43,0
330000,male,university,married,34,0
200000,female,highschool,single,46,0
100000,male,highschool,single,36,0
170000,female,graduate,single,30,1
210000,female,graduate,single,29,0
100000,male,university,single,26,0
200000,female,highschool,married,67,0
230000,male,university,single,30,0
90000,female,highschool,single,35,0
170000,female,university,married,28,0
100000,female,university,married,42,1
20000,male,highschool,single,24,0
50000,male,highschool,married,53,0
180000,female,highschool,single,40,1
60000,female,university,married,28,1
80000,female,university,married,39,0
350000,male,graduate,married,30,0
20000,male,highschool,married,28,0
160000,female,highschool,married,30,0
150000,male,highschool,single,29,1
150000,male,highschool,married,44,0
50000,male,university,single,46,0
500000,male,graduate,married,45,0
480000,female,university,married,37,0
340000,male,graduate,single,44,1
180000,female,graduate,married,47,0
50000,female,highschool,divorce,45,0
360000,female,graduate,single,31,0
350000,male,highschool,married,31,0
180000,male,university,single,30,0
50000,male,graduate,married,34,0
70000,female,university,married,31,1
40000,female,highschool,single,23,1
270000,female,graduate,married,37,0
70000,female,university,single,23,0
280000,male,graduate,single,41,0
260000,female,university,married,42,0
20000,female,graduate,single,23,1
80000,female,graduate,single,26,1
20000,male,highschool,married,27,0
290000,male,graduate,single,37,1
180000,female,university,single,33,0
250000,female,graduate,married,43,0
230000,male,graduate,single,30,0
240000,female,university,single,41,0
190000,female,university,married,34,0
200000,male,graduate,single,29,0
30000,male,university,single,43,0
180000,female,highschool,single,42,0
210000,female,graduate,single,33,1
30000,female,university,married,34,1
60000,female,university,single,44,0
200000,male,graduate,married,29,0
150000,female,graduate,single,35,1
130000,female,graduate,married,41,1
210000,female,university,married,34,0
140000,female,university,married,37,0
80000,female,university,married,39,1
240000,female,graduate,married,36,0
50000,male,highschool,single,44,0
50000,male,graduate,single,30,0
160000,male,university,married,49,0
260000,female,graduate,single,31,0
80000,male,university,single,31,0
100000,female,university,married,46,1
280000,female,university,married,35,0
50000,male,highschool,single,36,0
260000,female,graduate,single,31,0
30000,male,university,married,36,1
30000,female,university,married,25,0
130000,male,university,single,33,0
50000,female,highschool,single,48,0
150000,male,university,married,35,1
200000,female,graduate,married,58,0
560000,male,university,married,32,0
20000,male,highschool,single,26,0
270000,male,graduate,married,41,0
300000,female,graduate,single,48,1
100000,female,university,married,29,0
20000,male,highschool,single,43,0
20000,male,highschool,married,69,0
70000,male,highschool,married,56,0
60000,female,university,single,31,0
180000,female,university,married,51,0
360000,female,graduate,single,31,0
200000,male,graduate,married,34,1
170000,female,university,married,42,0
170000,female,graduate,married,51,0
60000,female,highschool,married,51,0
30000,male,university,single,27,1
140000,female,graduate,married,37,0
20000,male,graduate,single,25,0
20000,female,graduate,single,27,0
520000,male,graduate,single,39,0
30000,female,university,single,22,0
70000,female,graduate,single,24,0
80000,female,highschool,married,54,0
50000,male,highschool,married,36,1
170000,female,graduate,single,25,0
160000,female,university,single,24,0
360000,female,university,single,30,0
420000,female,university,single,25,0
30000,male,highschool,single,45,0
60000,male,university,married,36,0
160000,female,university,married,31,0
170000,female,graduate,married,44,0
20000,male,highschool,married,52,1
290000,female,graduate,married,45,0
340000,female,university,single,52,0
60000,male,graduate,single,31,1
500000,female,graduate,married,36,0
230000,female,highschool,single,54,0
30000,female,other,married,53,0
20000,male,graduate,single,25,0
140000,female,university,single,30,0
500000,male,university,married,31,0
120000,female,graduate,married,39,0
70000,female,university,single,25,1
280000,female,university,married,50,0
130000,male,university,married,53,0
70000,male,graduate,single,30,1
340000,female,university,married,42,0
210000,male,graduate,single,28,0
80000,female,university,single,57,0
120000,female,university,single,43,0
100000,female,graduate,single,28,0
20000,male,graduate,single,22,0
220000,female,graduate,married,46,0
70000,female,graduate,single,34,1
20000,female,university,married,26,0
100000,female,university,single,32,0
110000,female,university,single,24,0
80000,female,highschool,single,27,0
30000,female,graduate,single,29,0
30000,female,university,married,34,0
60000,male,graduate,single,27,1
50000,female,graduate,single,27,0
260000,female,university,married,53,0
500000,female,graduate,single,29,0
110000,female,graduate,single,35,0
30000,female,highschool,married,33,0
180000,female,graduate,single,31,1
170000,female,graduate,married,35,1
320000,female,graduate,married,34,1
10000,female,university,married,53,1
50000,male,university,single,26,0
170000,female,graduate,single,32,1
120000,female,graduate,married,51,0
30000,female,highschool,married,47,0
160000,male,university,single,29,0
50000,female,graduate,single,27,1
30000,female,university,married,44,0
50000,male,university,married,36,0
240000,female,university,married,45,0
50000,male,highschool,other,50,0
180000,female,graduate,single,31,1
500000,female,university,single,28,0
240000,female,highschool,single,50,0
50000,male,university,single,23,0
50000,female,university,married,30,1
220000,male,graduate,single,38,0
200000,male,university,married,36,1
230000,female,graduate,married,35,0
20000,male,highschool,single,56,0
130000,female,graduate,married,37,1
100000,male,university,married,50,0
20000,male,university,single,39,1
50000,female,university,single,26,0
140000,male,highschool,married,45,1
90000,male,university,single,32,0
290000,female,graduate,married,39,0
180000,female,university,single,34,1
200000,female,highschool,married,57,1
110000,male,graduate,married,32,1
50000,male,highschool,single,28,0
290000,female,university,married,48,0
380000,male,graduate,married,46,1
480000,male,university,married,39,0
30000,female,university,single,22,0
380000,male,graduate,married,50,0
340000,female,graduate,married,42,0
30000,female,university,single,22,0
200000,male,highschool,married,29,0
360000,female,graduate,single,30,0
160000,male,graduate,married,49,1
50000,male,university,single,40,0
200000,male,university,single,32,0
60000,male,university,single,30,0
80000,female,highschool,married,53,0
100000,female,university,married,38,1
330000,male,graduate,married,37,1
500000,female,graduate,single,44,0
180000,female,university,married,32,0
200000,female,university,married,44,0
420000,female,graduate,married,39,0
110000,female,university,single,23,0
50000,female,university,married,24,1
130000,female,highschool,married,46,1
250000,male,university,married,36,0
50000,female,university,single,26,0
260000,male,university,married,43,0
240000,male,university,married,54,0
300000,female,graduate,single,28,0
200000,female,graduate,married,35,0
600000,female,highschool,married,46,0
130000,female,university,single,29,0
150000,female,graduate,single,28,0
200000,male,graduate,single,30,0
80000,female,university,married,34,1
60000,female,university,married,34,0
360000,male,university,married,31,0
110000,female,other,married,37,0
70000,female,highschool,married,35,1
50000,male,graduate,single,27,1
10000,female,university,single,46,1
120000,male,graduate,married,51,0
220000,male,university,married,41,0
440000,male,graduate,single,33,1
50000,male,university,married,49,0
210000,male,university,single,32,0
490000,female,university,single,34,0
160000,male,graduate,single,30,0
180000,female,university,married,39,0
330000,female,university,married,45,0
20000,male,university,single,34,0
120000,female,university,single,37,0
360000,female,graduate,single,30,0
440000,female,other,single,29,0
70000,female,university,single,34,0
230000,female,graduate,married,44,0
30000,male,university,single,28,1
260000,male,university,married,34,0
30000,male,university,single,25,1
20000,female,highschool,divorce,56,1
70000,female,highschool,single,55,0
90000,male,highschool,married,31,0
70000,female,university,single,30,1
30000,female,university,single,22,0
270000,male,university,married,51,0
30000,male,university,married,35,0
410000,female,graduate,married,46,1
240000,male,university,single,30,0
30000,female,university,single,31,0
110000,male,university,married,32,0
20000,male,university,single,24,0
500000,male,highschool,married,55,0
240000,female,university,single,32,0
140000,female,university,single,25,0
50000,male,graduate,single,24,0
130000,male,graduate,single,27,0
50000,female,highschool,married,51,1
260000,female,graduate,single,25,0
100000,male,university,married,35,0
30000,female,highschool,married,47,1
60000,male,graduate,single,26,0
20000,female,highschool,married,35,1
60000,female,university,married,24,1
350000,female,university,divorce,44,0
130000,female,university,married,41,1
390000,female,university,single,26,0
460000,male,graduate,married,39,1
30000,male,highschool,single,31,1
170000,female,university,married,35,1
20000,male,university,single,27,1
260000,male,university,married,31,0
190000,female,graduate,single,32,0
480000,male,graduate,married,37,0
60000,male,university,single,33,0
260000,female,graduate,married,38,0
50000,female,highschool,single,50,0
160000,female,graduate,single,25,0
280000,female,graduate,single,29,0
290000,female,highschool,married,29,0
240000,female,highschool,married,36,0
20000,female,university,married,41,0
230000,female,highschool,married,40,0
120000,female,university,married,31,1
400000,male,graduate,single,28,0
80000,male,university,married,34,0
200000,female,graduate,married,37,0
20000,male,university,married,48,1
100000,male,university,single,26,1
150000,male,university,divorce,25,1
180000,female,university,single,23,1
500000,female,university,married,47,1
360000,female,university,single,46,0
320000,male,graduate,single,38,0
220000,male,graduate,married,42,1
50000,female,graduate,single,36,1
310000,male,graduate,married,47,0
50000,male,university,single,50,0
160000,female,university,single,23,0
280000,female,university,married,40,0
20000,male,highschool,single,44,1
60000,male,graduate,single,24,1
390000,male,university,married,37,0
50000,male,university,single,25,0
450000,male,graduate,single,31,0
180000,male,university,single,26,0
140000,male,highschool,single,30,0
40000,female,university,single,33,0
80000,male,university,single,26,0
240000,female,highschool,single,35,0
80000,male,university,single,33,0
360000,female,highschool,married,45,0
300000,female,university,married,31,0
390000,female,graduate,single,29,0
320000,male,graduate,married,37,1
220000,female,graduate,married,26,0
340000,female,graduate,single,29,0
90000,female,university,married,32,0
130000,female,university,single,33,0
160000,male,university,married,37,1
280000,male,graduate,married,38,1
310000,female,university,single,38,0
130000,male,university,single,29,0
180000,female,university,married,30,0
30000,male,university,married,39,0
170000,female,university,single,34,1
240000,male,graduate,married,29,0
70000,male,graduate,single,31,0
110000,female,graduate,single,28,1
20000,female,highschool,married,23,1
210000,female,graduate,single,30,0
20000,female,university,single,21,0
360000,female,university,married,43,0
80000,male,highschool,married,59,0
170000,female,graduate,single,34,0
70000,female,university,single,30,0
110000,male,university,married,30,0
10000,female,graduate,single,27,0
60000,female,graduate,single,23,0
220000,male,graduate,married,39,0
50000,male,graduate,single,33,0
50000,female,university,single,22,0
70000,female,university,single,26,0
180000,male,university,single,26,0
60000,male,graduate,single,31,1
100000,female,university,married,40,1
500000,male,university,single,28,0
50000,male,university,single,38,0
340000,female,university,single,27,0
450000,male,graduate,single,31,0
160000,male,graduate,single,31,0
180000,male,university,married,33,0
50000,male,university,married,25,1
500000,male,university,married,38,0
80000,female,university,single,23,0
280000,male,highschool,married,49,0
240000,female,other,married,41,0
20000,female,graduate,single,24,0
50000,male,university,single,27,0
100000,female,graduate,married,42,1
80000,female,university,single,34,1
150000,female,graduate,single,40,1
220000,male,university,single,30,1
270000,female,university,single,34,0
230000,female,highschool,single,25,0
140000,female,university,married,30,1
180000,male,university,single,40,0
140000,female,university,single,27,0
30000,male,university,single,35,1
80000,male,university,married,36,0
140000,male,university,single,30,0
20000,male,highschool,single,38,0
360000,male,graduate,married,37,0
130000,female,graduate,single,28,1
70000,female,graduate,married,36,1
300000,male,graduate,single,41,0
500000,male,university,single,32,0
20000,male,university,single,30,0
140000,male,university,married,45,1
400000,female,university,single,27,0
30000,female,university,single,28,1
50000,male,graduate,married,33,0
380000,male,university,married,38,0
360000,female,university,single,27,1
620000,female,graduate,single,52,0
200000,male,highschool,married,69,0
20000,female,university,married,25,1
170000,female,graduate,single,29,1
250000,female,graduate,single,26,0
120000,female,university,single,25,1
150000,male,highschool,married,46,0
200000,female,highschool,married,41,0
200000,male,graduate,married,39,0
180000,female,graduate,married,44,0
500000,female,graduate,single,34,0
20000,female,university,single,24,0
500000,male,university,married,39,1
80000,female,graduate,married,47,0
80000,female,highschool,single,23,0
360000,male,graduate,single,30,0
230000,female,graduate,single,28,0
70000,male,university,single,32,1
20000,male,university,single,25,0
250000,female,university,married,37,0
400000,male,university,single,33,0
420000,female,graduate,married,30,0
320000,male,university,single,37,0
30000,male,graduate,single,25,1
470000,male,graduate,single,30,0
70000,male,graduate,single,31,1
70000,female,university,single,23,1
30000,female,graduate,single,25,0
30000,female,university,married,22,1
30000,female,university,married,45,1
70000,male,university,single,35,0
20000,female,highschool,single,50,0
210000,male,university,single,31,1
170000,female,graduate,married,36,0
300000,male,university,single,31,0
10000,female,university,single,24,1
50000,female,graduate,single,24,0
200000,female,university,married,30,0
220000,female,graduate,single,36,0
400000,female,university,married,34,0
260000,female,graduate,single,30,0
10000,female,university,married,37,0
140000,male,graduate,single,28,0
50000,male,highschool,single,43,0
330000,female,university,married,42,0
130000,female,graduate,single,29,1
360000,female,graduate,single,33,0
450000,male,graduate,single,28,0
500000,male,graduate,single,36,0
240000,male,university,married,33,0
60000,female,university,single,29,0
340000,male,university,married,42,0
500000,female,university,married,53,0
270000,female,university,married,33,1
50000,male,university,single,33,0
20000,male,highschool,single,29,0
130000,female,graduate,married,36,0
200000,female,graduate,married,55,1
360000,female,university,single,25,0
90000,female,university,married,55,1
200000,female,graduate,married,50,0
80000,female,graduate,married,43,0
30000,female,highschool,married,45,0
50000,male,university,single,28,0
50000,male,university,single,33,1
450000,female,graduate,married,69,1
130000,female,university,married,37,1
350000,male,graduate,single,33,0
20000,male,highschool,single,22,1
170000,male,university,single,27,0
240000,female,university,married,38,0
130000,male,graduate,single,30,0
360000,female,graduate,married,28,0
10000,male,university,single,26,0
10000,female,highschool,married,42,1
200000,female,highschool,single,70,0
150000,female,university,married,35,0
50000,male,other,single,33,0
40000,male,university,single,26,0
400000,male,graduate,single,42,0
80000,male,university,single,25,1
50000,male,university,single,28,0
170000,male,university,single,42,0
190000,male,highschool,single,34,0
20000,male,university,married,62,1
30000,female,graduate,single,23,0
20000,male,graduate,single,29,0
390000,female,university,single,48,0
100000,female,highschool,single,66,1
50000,male,university,married,34,1
120000,female,highschool,married,54,0
80000,female,graduate,single,24,0
340000,female,university,single,39,0
110000,female,university,single,23,0
90000,female,university,married,42,0
10000,male,university,single,26,1
160000,male,university,single,28,0
170000,male,graduate,single,34,0
440000,female,university,married,28,0
310000,male,graduate,single,32,0
110000,male,university,married,55,0
50000,male,highschool,single,23,0
100000,female,graduate,married,39,1
350000,female,graduate,single,29,0
310000,female,university,single,27,0
120000,female,university,married,40,0
50000,female,highschool,married,25,0
300000,male,graduate,single,32,0
130000,female,university,single,29,0
260000,male,graduate,single,30,0
490000,male,graduate,single,35,0
500000,male,graduate,married,43,0
30000,female,graduate,single,25,0
60000,female,graduate,single,31,1
140000,female,university,married,45,0
180000,female,graduate,single,30,0
20000,male,graduate,single,23,0
50000,female,university,married,29,1
400000,female,university,single,30,0
20000,male,highschool,single,24,0
430000,female,university,married,43,0
400000,female,graduate,married,32,0
200000,female,university,single,36,1
10000,female,university,single,22,0
80000,male,highschool,single,43,0
140000,female,graduate,single,28,0
20000,female,university,single,28,1
340000,female,university,married,33,0
230000,female,university,married,44,1
120000,female,university,married,37,0
210000,female,graduate,married,34,0
80000,female,graduate,single,25,0
150000,male,graduate,single,31,0
130000,female,university,married,53,0
20000,male,graduate,single,35,1
200000,female,university,married,29,0
200000,male,graduate,single,29,0
80000,female,graduate,single,22,0
80000,male,university,single,30,1
500000,male,graduate,married,44,0
50000,male,university,married,43,1
200000,female,graduate,married,44,0
80000,male,university,married,45,0
50000,male,university,single,26,0
130000,male,university,single,37,0
310000,female,graduate,married,35,0
190000,male,university,married,37,1
100000,male,university,single,29,1
230000,female,graduate,married,38,0
70000,female,university,single,25,1
500000,female,graduate,married,30,0
50000,male,university,married,36,1
120000,male,university,single,35,0
80000,female,university,married,39,0
50000,female,university,married,34,0
350000,male,university,single,51,0
60000,female,university,single,29,0
200000,female,graduate,married,47,1
50000,female,university,single,23,0
90000,female,university,married,43,0
360000,male,university,single,31,0
440000,female,university,single,25,1
170000,female,university,married,52,0
190000,female,university,married,33,0
290000,male,graduate,single,29,1
210000,male,graduate,single,37,0
20000,male,graduate,single,24,1
400000,female,graduate,married,35,0
360000,female,graduate,married,32,1
250000,male,graduate,married,53,1
30000,male,university,married,30,0
280000,female,graduate,married,47,0
70000,female,highschool,married,59,1
70000,male,graduate,single,26,0
20000,male,university,single,47,0
350000,male,graduate,single,32,0
200000,female,graduate,single,37,0
90000,male,highschool,single,25,1
100000,female,graduate,married,52,0
50000,female,university,married,22,0
280000,female,highschool,married,51,0
50000,male,highschool,married,38,1
120000,female,university,single,29,1
100000,male,highschool,single,25,1
130000,male,university,single,29,0
200000,female,graduate,single,30,0
350000,male,graduate,single,34,0
20000,female,graduate,single,44,0
150000,female,graduate,single,32,0
130000,female,graduate,married,30,0
330000,female,graduate,single,34,0
80000,female,university,divorce,52,0
10000,male,other,single,35,0
360000,male,graduate,single,29,0
120000,male,graduate,married,36,0
20000,female,university,single,22,0
280000,female,graduate,single,35,0
100000,female,university,married,45,0
70000,male,university,single,31,0
350000,female,graduate,married,31,0
50000,male,university,married,36,0
470000,female,graduate,single,35,0
350000,male,graduate,single,31,0
140000,male,graduate,single,56,0
140000,female,university,single,23,0
380000,male,graduate,single,27,0
50000,male,university,single,24,1
260000,female,highschool,married,48,0
20000,female,highschool,married,25,0
190000,female,highschool,married,39,0
220000,male,university,married,39,0
230000,female,graduate,single,36,0
20000,female,university,married,43,0
100000,male,university,married,52,0
150000,female,graduate,single,26,0
320000,female,graduate,single,28,0
50000,female,university,married,33,1
50000,male,university,single,53,0
370000,female,university,single,39,0
150000,female,graduate,married,37,0
200000,female,university,married,40,1
200000,male,university,married,34,1
30000,male,university,single,37,1
200000,female,university,single,46,0
200000,male,graduate,single,26,0
240000,female,university,single,26,1
40000,female,university,married,24,1
140000,male,graduate,single,31,0
50000,male,university,single,35,0
50000,female,highschool,married,48,0
160000,female,university,single,25,0
140000,male,graduate,single,32,0
240000,female,highschool,married,28,1
230000,female,graduate,single,29,0
200000,female,university,single,32,0
50000,female,graduate,married,49,0
360000,female,graduate,single,30,0
500000,female,graduate,married,42,0
20000,male,highschool,single,22,0
80000,male,university,single,30,0
30000,female,graduate,married,44,0
80000,female,university,married,35,0
30000,female,university,married,52,0
200000,female,highschool,married,48,0
240000,male,other,single,29,0
280000,male,university,single,29,1
170000,female,university,single,33,0
100000,female,highschool,single,44,0
70000,female,university,single,24,1
110000,female,university,divorce,27,0
100000,female,highschool,single,27,0
80000,male,graduate,single,39,1
300000,female,university,married,33,0
150000,female,graduate,married,40,0
150000,male,university,single,26,0
10000,male,highschool,married,52,1
210000,female,graduate,single,35,0
20000,male,university,single,25,1
20000,male,university,married,38,0
80000,female,highschool,married,48,0
270000,male,university,married,49,0
200000,female,graduate,married,33,0
200000,male,graduate,married,34,0
10000,male,university,single,34,0
360000,male,graduate,single,34,0
20000,male,university,married,40,1
40000,female,graduate,married,27,0
110000,male,highschool,married,50,0
50000,male,highschool,married,50,0
100000,female,graduate,single,28,0
50000,male,university,single,21,0
30000,female,highschool,married,23,1
20000,male,graduate,single,23,1
100000,male,university,married,44,1
80000,female,university,married,24,0
120000,male,graduate,single,29,1
30000,male,university,single,36,0
80000,male,other,married,25,0
170000,female,graduate,single,30,1
20000,male,graduate,married,40,0
50000,female,highschool,married,36,0
300000,female,graduate,married,31,0
20000,female,graduate,single,26,1
130000,male,university,single,29,0
500000,female,university,married,41,0
30000,male,university,single,41,0
180000,female,university,married,41,0
340000,male,graduate,single,33,0
480000,female,graduate,single,29,0
80000,female,university,single,30,0
140000,female,highschool,single,24,0
180000,female,highschool,single,30,0
30000,female,university,single,30,0
290000,male,graduate,divorce,55,1
110000,female,highschool,single,45,0
60000,male,graduate,single,25,0
80000,female,graduate,married,35,0
110000,male,graduate,single,25,0
20000,male,university,married,42,1
150000,male,highschool,single,31,0
240000,female,highschool,married,44,0
400000,male,graduate,married,44,0
120000,male,graduate,married,34,1
330000,male,graduate,single,39,0
30000,male,university,single,29,0
100000,male,highschool,married,55,0
140000,male,graduate,single,37,0
50000,male,other,single,33,0
310000,male,graduate,single,37,1
160000,female,highschool,married,49,0
110000,female,graduate,single,25,0
20000,male,university,married,45,0
30000,female,highschool,single,23,0
50000,male,university,married,47,0
20000,male,highschool,single,24,1
220000,female,graduate,single,36,0
460000,male,graduate,single,36,0
150000,female,graduate,single,34,1
50000,female,highschool,married,53,0
100000,female,graduate,married,32,0
260000,male,graduate,married,50,0
50000,male,highschool,married,41,1
50000,female,university,single,27,0
240000,female,graduate,single,34,0
230000,male,highschool,single,24,0
90000,female,university,single,28,0
20000,female,university,single,22,0
70000,female,highschool,single,25,0
260000,male,graduate,single,29,0
20000,female,university,single,35,1
150000,female,university,single,29,0
200000,female,highschool,single,51,0
50000,male,graduate,single,57,0
210000,male,university,married,39,0
360000,male,graduate,single,27,0
30000,female,university,single,34,0
170000,female,university,single,35,0
500000,female,university,single,32,0
80000,male,university,single,31,0
70000,male,university,single,24,1
100000,male,highschool,single,26,0
300000,female,university,married,26,0
200000,female,university,married,49,0
190000,male,graduate,single,30,0
30000,female,highschool,married,43,0
230000,female,highschool,married,58,0
80000,male,graduate,married,46,0
280000,female,graduate,single,36,0
140000,female,graduate,single,29,0
30000,female,highschool,married,35,1
30000,female,university,married,36,1
20000,male,university,married,51,0
230000,female,university,married,30,0
20000,male,university,single,23,1
360000,female,graduate,single,27,1
60000,female,graduate,single,24,0
20000,female,university,single,48,1
500000,male,graduate,married,44,0
380000,male,university,married,39,0
160000,male,graduate,single,27,0
170000,male,graduate,single,48,0
430000,female,graduate,single,29,0
320000,male,graduate,married,39,0
180000,male,graduate,married,31,1
50000,male,university,single,42,0
60000,male,university,single,29,0
360000,female,highschool,single,38,0
80000,female,university,single,23,0
50000,male,highschool,married,41,0
200000,female,university,single,37,0
460000,female,graduate,single,36,0
130000,female,university,single,23,0
440000,male,university,single,29,0
280000,male,university,single,38,1
20000,male,highschool,single,39,0
60000,female,university,single,24,0
210000,female,university,single,38,0
100000,female,highschool,single,46,0
240000,male,graduate,married,46,0
280000,female,highschool,single,43,0
130000,female,graduate,single,29,0
360000,male,graduate,single,35,1
210000,female,highschool,single,36,0
20000,male,highschool,single,23,1
20000,female,university,single,23,0
50000,male,university,married,34,1
100000,female,university,married,39,0
50000,male,highschool,single,29,0
130000,male,university,single,27,1
270000,female,graduate,single,31,0
50000,female,university,single,24,0
80000,female,university,married,35,0
10000,female,graduate,single,29,0
190000,female,university,married,34,0
50000,male,graduate,single,27,0
100000,female,highschool,married,46,1
150000,male,university,single,49,1
510000,male,highschool,single,30,0
110000,female,university,single,24,0
150000,female,graduate,married,58,0
50000,female,university,married,54,0
50000,female,university,single,23,0
360000,female,university,married,29,0
10000,female,graduate,single,24,0
210000,female,graduate,single,26,0
370000,male,university,single,28,0
360000,female,university,married,33,0
50000,female,university,married,31,1
360000,male,university,single,38,0
170000,female,graduate,married,35,0
70000,male,university,single,26,1
360000,female,graduate,single,34,0
230000,male,other,married,42,0
50000,male,graduate,married,38,0
200000,male,graduate,married,41,0
140000,male,university,single,30,1
120000,female,university,single,33,0
280000,female,highschool,single,46,0
300000,female,graduate,single,29,0
20000,female,university,single,22,0
160000,female,university,single,25,1
20000,male,graduate,single,24,1
120000,male,university,married,41,0
290000,female,university,married,37,0
60000,male,university,married,32,0
110000,female,graduate,single,29,0
50000,female,highschool,married,43,0
630000,male,graduate,single,32,0
30000,male,graduate,single,28,0
50000,male,university,single,33,0
60000,male,university,married,42,0
150000,male,university,single,27,0
10000,male,highschool,single,24,0
20000,male,university,single,27,0
80000,male,highschool,single,32,0
160000,female,university,single,52,0
100000,male,university,single,43,0
90000,female,highschool,married,34,0
50000,female,highschool,single,60,0
170000,male,graduate,single,30,0
240000,female,graduate,single,32,0
80000,female,university,single,25,0
80000,female,graduate,single,30,0
360000,female,university,married,37,0
140000,male,graduate,married,31,0
60000,male,university,single,49,0
110000,male,highschool,single,27,0
160000,female,graduate,single,28,0
200000,female,highschool,married,45,1
280000,female,university,married,29,0
360000,male,university,married,33,0
90000,female,graduate,single,26,1
200000,male,university,single,46,0
50000,male,graduate,married,50,1
400000,female,graduate,married,32,0
360000,male,graduate,married,49,0
150000,male,highschool,married,50,0
50000,female,highschool,single,61,1
150000,male,university,single,35,0
100000,female,university,single,37,1
310000,female,graduate,married,30,0
120000,male,university,single,39,0
90000,female,university,married,44,0
150000,female,graduate,married,36,0
50000,male,university,married,42,0
210000,male,graduate,married,53,0
300000,female,university,single,42,0
110000,female,university,married,33,1
150000,female,graduate,single,25,0
210000,male,graduate,married,42,0
30000,male,graduate,single,34,1
240000,female,university,married,42,0
120000,male,university,single,34,0
80000,female,graduate,single,24,0
80000,female,university,single,25,1
360000,male,graduate,married,32,0
130000,male,graduate,single,34,1
290000,male,university,married,36,0
240000,female,highschool,married,33,0
60000,male,university,single,23,0
200000,female,university,married,60,1
150000,female,university,married,28,0
300000,male,highschool,single,29,0
30000,female,university,single,24,0
250000,male,university,married,40,1
20000,male,highschool,single,40,0
370000,female,graduate,single,34,0
20000,female,graduate,single,23,1
120000,female,university,single,23,1
50000,male,university,single,23,0
190000,female,graduate,single,27,1
20000,female,university,single,22,0
240000,female,university,married,42,0
150000,male,university,single,32,0
180000,female,university,married,35,0
180000,male,university,single,36,0
70000,male,graduate,single,31,0
230000,female,graduate,single,32,0
360000,male,graduate,single,27,0
120000,female,university,single,33,0
90000,male,highschool,married,49,1
110000,male,university,married,32,0
100000,female,highschool,married,53,0
90000,male,graduate,single,26,0
50000,female,graduate,married,35,0
50000,female,university,single,53,0
180000,female,graduate,married,28,0
50000,male,university,married,41,0
20000,female,highschool,single,26,0
20000,male,university,single,26,0
20000,female,university,married,23,0
20000,male,highschool,single,49,0
50000,female,highschool,married,48,1
210000,male,university,married,46,0
490000,male,other,married,51,0
280000,female,graduate,single,28,1
200000,female,highschool,single,54,0
100000,female,university,single,24,1
250000,male,graduate,single,56,0
240000,male,university,single,54,0
80000,female,university,married,26,0
100000,male,highschool,married,67,1
30000,female,highschool,married,41,0
180000,female,graduate,single,42,0
80000,female,graduate,single,32,0
110000,female,university,married,46,0
180000,female,university,married,30,0
150000,female,university,married,29,1
50000,female,university,married,52,0
230000,female,university,single,23,1
340000,male,graduate,married,41,1
30000,male,university,single,25,1
270000,female,university,married,45,0
50000,female,graduate,single,36,0
130000,female,highschool,married,43,0
200000,female,graduate,single,27,0
360000,male,graduate,married,46,1
500000,male,university,single,27,0
100000,female,graduate,single,25,0
270000,female,university,married,50,0
100000,male,university,married,52,1
20000,female,university,single,25,0
50000,female,university,married,45,0
200000,female,university,single,32,0
170000,male,graduate,married,44,1
20000,female,graduate,single,28,1
70000,male,highschool,married,50,1
260000,female,graduate,single,38,0
200000,female,graduate,married,28,0
190000,female,graduate,single,25,0
220000,male,highschool,married,58,0
170000,female,highschool,single,30,0
290000,female,graduate,single,47,0
60000,female,graduate,single,25,0
100000,female,highschool,married,50,1
130000,female,highschool,married,44,0
360000,male,graduate,married,40,0
30000,female,university,married,38,0
20000,male,highschool,single,28,1
110000,female,graduate,single,37,1
130000,female,university,single,43,0
50000,female,university,single,23,0
110000,male,university,married,48,0
80000,female,graduate,single,25,0
150000,female,university,married,34,0
80000,female,university,married,29,0
320000,male,graduate,single,35,0
170000,female,graduate,single,35,0
60000,female,graduate,single,26,0
180000,male,graduate,single,23,1
470000,male,university,single,29,0
70000,female,highschool,married,47,0
280000,female,university,married,41,0
210000,female,graduate,single,26,0
300000,male,graduate,single,30,0
140000,female,university,married,42,0
450000,male,graduate,married,41,0
160000,female,university,married,38,0
50000,female,highschool,married,45,0
50000,male,graduate,single,42,0
50000,male,university,married,32,0
150000,female,graduate,single,25,1
90000,male,graduate,married,53,0
270000,female,university,married,42,0
70000,male,graduate,single,36,0
360000,male,university,single,33,0
200000,female,university,married,34,1
250000,female,graduate,married,42,0
360000,female,university,single,34,0
20000,female,university,married,39,0
250000,female,graduate,single,28,1
60000,female,university,single,25,1
200000,male,university,single,36,0
30000,female,highschool,single,38,1
500000,female,graduate,single,39,0
280000,female,highschool,married,45,0
200000,female,university,married,42,0
360000,female,university,married,35,0
50000,female,highschool,single,44,1
60000,male,university,single,30,0
110000,male,university,married,42,0
200000,female,highschool,married,44,0
70000,female,university,single,39,0
220000,female,other,married,37,1
20000,female,graduate,single,24,0
220000,female,graduate,single,27,0
180000,male,university,married,40,0
100000,male,university,married,53,1
200000,female,graduate,married,41,0
200000,male,highschool,single,34,0
400000,female,graduate,married,38,0
60000,male,graduate,married,38,0
60000,male,university,single,22,0
210000,female,university,married,37,0
200000,male,graduate,married,32,0
50000,female,graduate,single,29,0
300000,female,graduate,single,38,1
510000,female,graduate,married,48,0
160000,female,graduate,single,32,0
50000,female,university,married,36,0
220000,female,graduate,single,32,0
20000,male,university,single,22,1
410000,male,graduate,single,31,1
50000,female,university,married,25,1
50000,male,highschool,married,38,0
50000,male,highschool,married,48,0
70000,female,university,single,29,0
120000,male,university,single,25,0
170000,male,university,married,30,0
160000,male,graduate,married,51,1
30000,female,university,single,22,0
10000,female,university,married,40,0
160000,female,university,married,33,0
20000,male,university,single,33,0
250000,female,graduate,single,35,0
30000,female,university,single,26,1
180000,female,graduate,single,29,0
240000,female,university,single,34,1
30000,female,university,single,25,0
50000,female,graduate,single,28,0
280000,female,university,single,24,1
20000,male,graduate,single,37,1
130000,female,highschool,married,54,0
70000,male,graduate,single,29,1
180000,female,university,married,32,0
320000,male,graduate,married,46,0
30000,female,university,married,33,1
280000,female,university,single,33,0
80000,female,university,single,50,0
140000,female,university,single,27,0
180000,male,university,married,27,0
20000,male,university,single,55,0
420000,female,graduate,single,29,0
200000,female,graduate,single,29,1
140000,female,graduate,single,25,0
170000,female,highschool,single,33,0
30000,female,university,single,24,0
50000,female,graduate,single,26,0
150000,female,graduate,married,45,0
30000,male,university,single,30,1
50000,male,highschool,single,38,0
300000,female,graduate,single,39,1
80000,female,highschool,other,34,0
50000,female,graduate,single,27,0
110000,female,university,married,41,0
110000,female,graduate,single,32,0
390000,female,graduate,married,34,0
200000,male,highschool,single,46,0
30000,male,graduate,married,38,1
230000,male,graduate,single,30,0
210000,female,graduate,married,44,0
30000,female,university,married,54,0
130000,female,highschool,married,41,0
130000,male,highschool,single,37,0
480000,female,graduate,single,27,0
160000,female,graduate,married,37,0
10000,male,graduate,single,27,0
360000,female,university,single,33,0
260000,female,university,married,28,0
330000,female,university,married,45,0
30000,female,university,married,47,1
80000,male,university,married,31,1
120000,female,university,married,29,1
170000,male,university,single,30,1
140000,female,graduate,single,31,0
80000,female,university,single,37,0
200000,male,highschool,married,44,0
80000,female,university,single,26,1
230000,male,university,married,36,0
260000,female,graduate,married,40,0
50000,female,university,single,28,0
340000,male,university,married,35,0
50000,male,graduate,single,39,0
200000,female,highschool,single,45,0
280000,female,university,single,36,0
170000,male,university,single,35,0
100000,female,university,married,38,0
360000,female,graduate,married,48,1
30000,female,graduate,single,23,1
150000,female,university,single,26,0
50000,male,university,single,29,0
40000,female,graduate,single,35,0
30000,male,highschool,single,58,0
140000,female,graduate,married,35,0
150000,male,university,single,30,0
150000,female,university,single,37,0
360000,female,graduate,single,47,0
170000,male,university,single,43,0
50000,male,graduate,single,26,1
260000,female,graduate,married,43,0
350000,female,highschool,married,32,0
210000,female,university,married,41,0
50000,female,university,married,39,0
170000,male,university,married,46,1
50000,female,university,single,24,1
50000,female,university,married,32,0
280000,female,university,single,33,0
430000,male,university,single,42,0
340000,female,graduate,single,30,0
310000,female,graduate,single,32,0
120000,male,graduate,married,41,0
200000,male,university,single,27,1
500000,female,university,single,41,0
270000,male,highschool,married,53,1
190000,male,graduate,single,26,0
340000,female,highschool,married,37,0
390000,female,highschool,single,30,0
90000,female,graduate,single,31,0
200000,female,university,married,27,0
230000,female,graduate,married,43,0
100000,female,highschool,married,39,0
30000,female,graduate,single,24,1
50000,male,university,married,50,0
200000,female,graduate,married,44,0
50000,female,university,married,39,0
130000,male,university,single,31,1
260000,male,university,married,46,0
80000,female,graduate,married,28,0
20000,male,university,single,30,0
160000,female,university,married,27,0
70000,female,highschool,single,24,0
70000,male,graduate,single,26,0
400000,male,graduate,single,38,1
30000,male,graduate,single,26,0
240000,female,graduate,single,35,0
40000,female,university,married,43,0
510000,female,highschool,married,61,0
20000,female,university,single,23,0
80000,male,university,single,26,0
10000,female,graduate,married,37,0
50000,female,highschool,married,61,0
200000,male,university,married,31,0
140000,male,highschool,married,59,0
60000,male,university,single,28,1
100000,male,graduate,single,27,1
30000,female,university,married,34,0
500000,male,university,married,42,0
420000,female,university,single,31,0
130000,female,university,married,36,1
360000,female,graduate,married,56,0
150000,female,graduate,single,36,0
360000,male,graduate,single,33,0
230000,female,university,single,29,0
180000,female,graduate,married,31,0
160000,female,graduate,married,34,1
250000,female,university,married,43,0
170000,male,highschool,married,40,0
100000,female,university,married,28,0
200000,female,graduate,married,37,1
60000,female,university,married,53,0
300000,male,graduate,married,44,0
290000,male,university,single,29,0
30000,female,university,single,23,0
340000,male,university,married,35,0
90000,male,university,single,31,0
140000,female,graduate,single,28,1
150000,male,graduate,single,31,0
70000,male,highschool,married,47,1
750000,female,graduate,married,41,0
200000,female,university,single,26,0
230000,female,university,married,39,1
180000,female,highschool,married,43,0
210000,female,university,married,40,0
170000,male,university,single,31,0
30000,female,university,single,26,0
30000,male,graduate,single,24,0
90000,female,university,married,33,0
50000,female,university,married,30,1
240000,female,graduate,single,28,1
280000,female,graduate,married,63,0
410000,female,highschool,single,31,0
30000,female,university,married,42,1
260000,male,graduate,married,40,0
30000,female,university,married,51,0
10000,male,university,married,23,0
290000,male,graduate,married,41,0
150000,female,graduate,single,37,1
30000,male,university,married,24,0
360000,female,graduate,single,44,0
240000,female,university,married,47,0
60000,male,graduate,single,28,1
50000,female,university,single,31,0
50000,female,graduate,single,42,0
50000,male,university,single,29,0
10000,male,university,single,24,1
110000,female,highschool,married,48,1
220000,female,graduate,single,29,0
400000,female,highschool,married,44,0
90000,female,university,single,26,0
150000,female,highschool,married,48,1
80000,female,university,single,26,0
50000,male,highschool,single,23,0
50000,male,university,single,33,0
20000,male,university,married,38,0
50000,male,university,single,29,0
140000,female,university,single,27,0
280000,female,graduate,married,36,1
130000,female,university,married,37,1
70000,female,graduate,married,25,0
470000,male,graduate,married,38,0
500000,male,university,single,33,0
40000,male,university,single,35,0
40000,female,university,married,45,0
50000,female,graduate,married,22,0
40000,female,graduate,single,24,1
50000,female,university,single,26,0
310000,female,university,single,44,0
140000,female,university,single,34,1
80000,female,university,single,27,1
210000,male,university,single,26,1
50000,female,graduate,single,23,0
400000,male,graduate,single,39,0
60000,female,university,married,36,0
160000,female,highschool,single,54,0
400000,male,graduate,single,31,0
450000,female,graduate,married,46,1
20000,female,highschool,single,35,0
50000,female,university,married,47,0
200000,female,university,married,41,1
160000,male,graduate,single,42,0
60000,female,university,single,48,1
280000,female,university,single,30,0
200000,female,university,single,28,0
100000,male,university,married,56,0
10000,female,graduate,single,22,1
80000,male,graduate,single,28,1
440000,male,graduate,single,35,1
500000,female,university,single,36,0
20000,male,highschool,single,24,0
500000,female,graduate,single,30,0
30000,male,graduate,single,24,0
180000,female,graduate,single,32,0
120000,female,graduate,single,23,0
120000,female,highschool,single,50,1
140000,male,university,married,40,0
60000,male,university,single,26,1
10000,female,university,single,22,1
120000,female,graduate,married,39,0
70000,female,university,single,26,0
330000,female,graduate,single,28,0
70000,female,university,single,40,0
410000,female,highschool,married,48,0
360000,male,graduate,married,57,0
200000,male,graduate,single,28,0
20000,female,highschool,married,34,0
90000,female,highschool,married,49,0
60000,female,university,married,30,0
120000,male,graduate,single,34,0
210000,female,graduate,single,30,0
40000,female,university,single,25,1
130000,female,highschool,married,42,0
150000,female,graduate,single,38,0
30000,male,university,married,39,1
380000,male,highschool,married,52,0
150000,female,highschool,married,40,1
50000,female,graduate,single,22,1
170000,male,graduate,single,27,0
360000,male,highschool,married,41,1
500000,female,graduate,married,38,0
200000,female,graduate,single,36,0
240000,female,graduate,married,33,0
210000,female,university,married,38,0
110000,female,university,married,28,0
10000,male,highschool,married,46,1
180000,female,graduate,single,34,0
50000,female,university,married,41,0
180000,male,graduate,single,32,0
40000,female,university,single,24,1
50000,male,graduate,single,25,0
200000,female,graduate,single,29,0
120000,female,graduate,single,27,0
90000,male,highschool,married,62,0
130000,male,university,single,32,0
120000,female,university,single,48,0
350000,female,graduate,married,46,0
200000,male,graduate,single,28,0
80000,male,university,single,26,0
50000,female,graduate,other,45,0
20000,female,university,single,46,0
90000,female,university,single,31,0
160000,female,university,married,34,1
50000,male,highschool,married,41,0
220000,female,graduate,single,30,0
70000,female,graduate,married,29,0
30000,male,highschool,married,52,0
80000,female,highschool,married,46,1
10000,male,university,single,23,0
80000,female,university,married,46,0
50000,male,highschool,single,25,0
60000,male,graduate,divorce,47,0
50000,male,university,single,41,0
80000,female,highschool,single,26,0
120000,male,university,single,32,0
80000,female,highschool,divorce,60,0
110000,male,graduate,single,33,0
140000,female,highschool,married,51,0
50000,female,university,single,22,0
50000,male,highschool,married,38,0
320000,male,graduate,married,42,0
140000,male,university,married,38,0
180000,female,university,single,35,0
50000,male,university,single,25,1
310000,male,university,married,36,0
50000,female,graduate,single,23,0
160000,male,highschool,married,62,0
220000,female,university,married,33,0
140000,male,university,married,41,0
50000,male,graduate,married,49,0
60000,male,university,single,24,0
20000,male,highschool,single,28,1
100000,female,graduate,married,27,0
150000,female,highschool,married,29,0
260000,male,university,single,30,0
50000,male,highschool,married,38,0
320000,male,graduate,single,29,0
180000,male,university,married,35,0
120000,female,university,married,35,1
500000,female,graduate,married,41,0
220000,male,graduate,married,32,0
50000,male,university,single,26,0
180000,female,highschool,married,56,1
230000,female,university,single,33,0
220000,female,graduate,single,36,0
160000,male,university,married,41,1
50000,male,graduate,single,23,0
100000,male,university,married,41,0
360000,male,graduate,married,32,0
160000,female,university,married,38,0
100000,female,graduate,single,25,0
170000,female,graduate,single,24,0
80000,female,university,single,26,0
50000,male,university,married,44,0
500000,female,university,married,32,0
20000,male,graduate,divorce,47,0
30000,female,university,single,26,0
60000,female,graduate,single,30,0
360000,male,graduate,married,44,0
240000,male,graduate,married,50,0
50000,female,highschool,married,36,0
50000,male,university,single,46,0
60000,female,highschool,married,29,0
210000,female,graduate,single,25,0
330000,male,university,married,42,0
90000,female,graduate,single,25,0
380000,female,graduate,single,27,0
500000,female,university,married,34,0
30000,female,highschool,married,35,0
50000,male,university,single,33,1
360000,female,graduate,married,33,0
310000,female,graduate,single,28,0
60000,female,university,single,26,0
120000,female,highschool,married,47,0
140000,female,graduate,married,33,0
220000,female,graduate,married,41,0
400000,male,graduate,single,29,0
50000,female,university,married,56,0
80000,male,university,single,35,1
150000,female,highschool,married,33,0
50000,male,graduate,single,26,0
50000,female,university,married,50,0
210000,male,university,single,25,0
90000,male,graduate,single,30,0
320000,male,graduate,single,31,0
180000,female,highschool,single,29,0
310000,male,university,single,24,0
50000,female,university,single,23,0
120000,male,graduate,single,41,0
150000,female,university,single,36,0
20000,male,university,married,47,0
180000,female,highschool,married,43,0
120000,female,university,married,39,0
100000,male,graduate,single,27,0
210000,female,graduate,married,51,0
100000,female,university,single,23,0
120000,female,university,married,41,0
190000,female,highschool,married,54,0
80000,male,other,single,30,0
70000,male,university,married,34,0
60000,male,university,single,42,1
50000,female,graduate,single,25,0
110000,female,university,married,45,0
200000,female,graduate,single,47,0
210000,female,graduate,single,33,0
30000,male,highschool,married,50,1
160000,female,graduate,single,32,1
20000,female,highschool,single,23,1
70000,male,university,single,42,0
260000,female,highschool,married,51,0
260000,female,university,single,51,0
50000,female,highschool,single,54,0
170000,female,university,single,26,0
20000,male,university,single,25,0
40000,female,graduate,single,24,0
220000,male,highschool,married,39,0
30000,female,university,married,23,1
20000,male,university,single,22,1
120000,female,graduate,single,34,0
110000,female,graduate,single,32,0
170000,female,university,married,23,0
90000,female,graduate,single,32,1
140000,male,graduate,single,35,0
200000,male,university,married,41,1
50000,male,university,single,27,0
70000,female,university,single,23,0
50000,female,university,married,45,0
20000,male,university,single,57,0
20000,female,university,married,47,1
200000,male,graduate,single,32,1
460000,male,graduate,single,28,0
140000,female,graduate,single,28,0
240000,male,graduate,divorce,65,0
70000,female,university,married,53,0
410000,female,graduate,married,53,0
90000,male,university,single,28,0
260000,male,university,married,35,0
260000,male,highschool,married,53,0
200000,male,highschool,married,36,1
500000,male,graduate,single,35,0
20000,male,graduate,married,35,1
20000,male,university,single,40,1
20000,female,university,single,24,0
360000,male,highschool,married,58,0
20000,male,university,single,43,1
30000,male,university,single,25,1
180000,male,graduate,married,44,0
30000,male,highschool,married,48,0
190000,female,other,married,48,0
220000,female,graduate,single,35,0
40000,male,graduate,married,37,0
100000,male,graduate,married,30,1
30000,female,graduate,single,41,0
60000,female,highschool,single,40,0
80000,female,university,single,28,0
180000,female,university,married,41,0
90000,female,university,single,32,0
230000,female,graduate,single,32,0
90000,female,university,single,26,1
290000,female,university,married,39,0
100000,female,university,married,58,1
360000,female,graduate,married,37,0
100000,male,university,single,28,0
200000,female,graduate,single,33,0
70000,female,graduate,single,30,0
200000,female,university,single,26,0
70000,female,graduate,single,24,0
460000,female,university,single,33,0
80000,female,university,married,47,0
90000,female,university,married,49,0
310000,female,graduate,single,29,0
310000,female,graduate,married,38,1
50000,female,university,single,29,0
220000,female,graduate,single,30,0
70000,female,graduate,single,25,0
60000,male,graduate,married,34,0
450000,male,graduate,married,54,0
20000,female,graduate,single,29,0
420000,female,graduate,single,33,1
10000,male,university,single,22,1
20000,female,university,married,25,1
200000,female,university,single,49,1
80000,female,university,married,25,0
80000,male,highschool,single,30,1
60000,male,graduate,single,23,0
230000,male,graduate,single,28,0
100000,male,graduate,single,30,0
200000,male,graduate,single,29,1
110000,male,graduate,single,26,0
50000,male,university,single,22,0
260000,male,graduate,married,53,1
220000,female,graduate,single,32,0
200000,male,graduate,married,32,0
10000,female,university,married,26,1
180000,male,university,married,34,0
210000,female,university,single,30,0
310000,male,graduate,single,29,1
360000,male,graduate,single,29,0
200000,male,graduate,married,51,0
180000,male,university,married,39,1
140000,male,university,single,27,0
50000,female,graduate,single,32,1
60000,male,highschool,married,33,0
90000,female,university,married,27,0
100000,male,university,single,40,0
20000,male,highschool,single,24,0
110000,male,graduate,single,29,0
70000,female,graduate,single,25,0
170000,female,university,married,33,0
500000,male,graduate,married,64,1
30000,male,university,married,38,0
50000,female,university,single,23,0
10000,female,university,single,22,0
200000,female,graduate,single,35,0
390000,female,graduate,single,29,0
140000,female,university,single,32,1
220000,female,highschool,married,50,0
500000,female,graduate,married,40,0
100000,female,university,married,49,0
400000,female,highschool,married,30,0
80000,male,graduate,single,26,0
30000,male,university,single,39,0
240000,male,graduate,married,35,1
500000,male,graduate,single,49,1
50000,male,university,married,36,0
180000,male,university,married,34,0
100000,female,university,married,33,0
180000,female,university,single,29,0
50000,male,highschool,single,40,0
360000,male,graduate,single,29,0
330000,female,university,married,27,1
200000,male,graduate,married,38,0
40000,male,university,single,22,0
260000,male,graduate,single,37,0
320000,male,graduate,married,40,0
10000,female,university,married,22,0
230000,female,university,married,30,0
10000,female,university,single,24,1
30000,male,graduate,single,25,1
90000,male,university,married,41,0
300000,female,highschool,married,41,0
230000,female,university,single,31,0
150000,male,university,single,27,0
60000,male,university,married,52,0
50000,male,university,single,25,0
140000,male,university,single,31,0
90000,female,highschool,married,25,0
80000,female,highschool,married,50,1
260000,female,university,married,38,0
60000,female,highschool,married,53,0
50000,male,university,married,48,1
150000,male,graduate,single,34,0
220000,female,graduate,married,36,0
330000,female,graduate,married,36,0
300000,female,university,single,37,0
70000,female,university,married,29,0
300000,female,graduate,single,29,0
70000,female,university,married,43,0
110000,male,university,single,24,0
240000,female,university,single,28,0
80000,female,highschool,single,54,0
50000,male,highschool,single,26,0
420000,female,graduate,married,32,0
220000,female,university,married,41,0
150000,female,graduate,single,31,0
60000,female,graduate,single,31,0
260000,female,university,married,46,0
180000,female,graduate,single,34,1
130000,female,university,single,25,0
220000,female,university,married,45,0
200000,male,other,single,40,0
130000,male,graduate,single,27,1
420000,female,graduate,single,41,0
30000,female,graduate,married,23,1
110000,male,highschool,married,43,0
150000,female,university,single,25,1
50000,female,university,married,38,0
200000,female,graduate,married,41,0
170000,female,graduate,married,33,1
200000,female,other,single,25,0
200000,female,university,married,31,0
50000,female,other,single,33,0
500000,male,graduate,single,38,0
150000,male,graduate,single,25,0
30000,male,university,single,25,0
230000,female,graduate,single,33,0
360000,female,university,married,49,1
380000,female,graduate,married,37,0
30000,female,highschool,single,43,0
50000,female,university,single,43,0
420000,female,university,married,47,0
70000,male,university,single,32,0
50000,female,university,married,37,0
350000,female,university,single,33,1
200000,male,graduate,single,32,0
340000,male,university,single,29,0
50000,male,university,single,25,0
20000,female,university,single,22,1
360000,female,graduate,single,34,1
140000,male,graduate,single,29,0
150000,male,university,married,39,1
100000,female,graduate,married,35,1
460000,male,graduate,married,44,0
150000,female,university,married,34,0
290000,female,graduate,married,39,0
240000,female,university,married,35,0
210000,female,graduate,single,41,0
350000,female,university,single,33,0
280000,female,highschool,married,37,0
150000,male,university,married,43,0
170000,female,university,married,29,0
50000,male,highschool,married,40,0
100000,male,university,married,51,1
50000,male,university,single,24,0
230000,female,university,married,33,1
90000,male,university,single,28,1
20000,male,university,single,24,0
260000,female,university,single,40,0
290000,female,graduate,married,40,1
50000,female,university,married,34,0
60000,female,highschool,single,42,0
180000,female,university,married,36,0
250000,female,university,married,43,0
90000,male,graduate,married,29,0
10000,female,highschool,married,52,0
290000,female,graduate,married,37,0
80000,female,university,single,27,0
30000,female,university,single,25,0
200000,female,university,married,37,0
50000,female,highschool,married,56,0
220000,male,university,married,47,1
430000,male,university,married,48,0
50000,female,university,married,27,1
410000,male,graduate,single,33,0
50000,female,university,married,39,0
110000,male,university,single,47,0
50000,male,graduate,single,28,0
30000,female,highschool,divorce,56,1
80000,female,graduate,married,25,1
230000,male,university,married,39,0
300000,male,university,married,66,1
230000,female,university,single,28,0
220000,male,graduate,married,36,0
200000,female,graduate,single,26,0
130000,female,graduate,single,30,1
20000,male,graduate,single,25,0
400000,female,graduate,single,31,0
230000,female,graduate,single,29,0
30000,male,university,married,36,0
190000,male,university,married,44,0
220000,female,graduate,single,27,0
20000,male,university,single,30,0
280000,female,university,single,29,0
190000,male,university,married,36,0
260000,male,graduate,single,36,0
80000,female,university,married,34,0
60000,female,university,single,24,0
80000,male,highschool,married,52,0
360000,female,graduate,married,36,1
350000,female,university,married,33,0
50000,male,university,single,25,0
360000,female,graduate,married,40,0
100000,female,highschool,single,41,1
360000,female,graduate,single,29,0
120000,female,graduate,single,31,0
20000,female,highschool,married,51,0
100000,male,graduate,single,31,1
60000,male,university,single,22,0
240000,female,graduate,single,28,1
70000,female,graduate,single,25,0
360000,female,graduate,single,31,0
290000,male,graduate,married,47,0
90000,female,graduate,single,24,0
80000,female,highschool,single,54,0
50000,male,university,single,38,0
50000,female,highschool,single,54,0
160000,female,university,married,45,0
120000,female,highschool,single,53,1
500000,female,graduate,single,27,0
50000,female,university,single,24,0
50000,male,university,single,28,1
50000,male,university,single,28,0
210000,female,graduate,single,33,0
80000,male,university,single,26,0
20000,male,graduate,single,31,0
310000,female,graduate,married,34,1
150000,female,graduate,married,29,0
50000,female,university,married,50,1
100000,male,highschool,married,30,1
150000,male,other,single,31,0
50000,male,university,single,23,0
180000,female,highschool,married,51,1
50000,female,highschool,single,23,0
50000,female,highschool,married,36,0
50000,female,highschool,married,43,0
230000,male,university,married,41,0
70000,female,university,single,24,0
50000,male,highschool,married,51,0
10000,female,university,single,31,0
30000,male,highschool,single,27,0
230000,female,university,married,29,0
50000,female,highschool,married,61,0
20000,male,university,married,31,0
20000,female,university,single,31,0
360000,male,university,married,26,0
120000,male,graduate,single,28,0
400000,male,graduate,married,35,0
360000,male,graduate,married,40,0
500000,male,graduate,married,55,0
500000,male,graduate,married,50,0
80000,male,university,single,26,0
20000,female,university,single,23,0
20000,female,graduate,single,24,0
200000,male,university,married,51,1
50000,female,highschool,married,27,0
120000,female,highschool,married,46,1
30000,male,university,single,37,0
390000,male,university,married,35,0
200000,male,graduate,married,57,0
260000,female,graduate,married,52,1
210000,male,university,single,33,0
180000,male,graduate,married,46,0
120000,female,university,married,27,0
50000,male,graduate,single,26,1
50000,male,university,single,32,0
50000,male,graduate,single,30,0
90000,female,university,single,24,0
80000,female,graduate,single,23,0
50000,male,university,single,24,0
310000,female,university,single,24,0
100000,male,graduate,single,25,0
230000,female,highschool,married,50,0
120000,female,highschool,single,40,1
230000,male,graduate,married,48,0
360000,female,highschool,married,38,0
500000,male,graduate,married,37,0
50000,male,highschool,married,44,1
30000,female,university,single,49,0
720000,female,graduate,married,45,0
10000,male,graduate,single,22,0
400000,female,graduate,single,27,1
150000,female,graduate,single,33,0
500000,male,graduate,single,54,0
50000,male,university,married,25,0
210000,female,university,single,26,0
260000,female,graduate,single,36,0
240000,female,university,married,38,1
360000,female,university,single,30,0
200000,female,graduate,single,30,0
50000,female,highschool,single,43,0
80000,female,university,single,23,1
230000,male,graduate,single,29,0
500000,female,graduate,married,40,0
70000,male,graduate,single,40,1
50000,female,graduate,married,36,1
210000,male,highschool,single,34,0
220000,female,graduate,married,41,0
100000,female,university,married,29,0
150000,male,university,single,45,0
50000,male,university,married,42,0
50000,male,highschool,married,45,0
410000,male,university,single,48,1
80000,female,university,single,29,0
70000,male,university,married,35,0
210000,female,highschool,single,28,0
290000,female,university,single,36,0
50000,male,university,married,42,1
380000,male,university,married,40,0
60000,female,university,single,24,0
200000,male,graduate,married,37,0
200000,female,other,single,32,0
190000,male,graduate,single,33,0
80000,female,university,married,46,0
480000,female,graduate,single,33,0
20000,male,highschool,married,53,0
230000,male,highschool,single,30,1
160000,male,university,married,31,0
50000,male,highschool,married,49,0
80000,female,university,married,47,0
240000,female,university,married,39,0
50000,female,graduate,single,27,0
300000,male,university,married,35,0
200000,female,university,single,23,0
180000,male,university,married,43,0
370000,male,highschool,single,27,0
230000,male,university,single,28,0
90000,female,university,married,27,1
20000,male,graduate,single,26,1
280000,female,graduate,married,57,0
200000,female,graduate,married,39,1
140000,male,university,married,73,0
150000,female,graduate,single,27,0
50000,female,university,married,31,1
50000,female,university,single,25,0
20000,female,graduate,single,23,0
200000,female,graduate,single,33,0
20000,female,university,single,23,0
30000,male,university,single,24,1
80000,female,university,married,34,1
230000,female,university,single,30,0
240000,female,graduate,married,38,0
200000,female,graduate,married,38,1
80000,male,university,married,49,0
290000,male,university,married,39,1
70000,female,university,single,23,1
30000,female,university,married,38,0
30000,female,highschool,married,31,1
280000,male,university,single,37,0
200000,female,university,married,28,0
60000,male,graduate,single,28,0
140000,male,other,single,26,0
390000,male,university,single,29,0
30000,female,graduate,single,28,0
160000,male,highschool,married,54,1
500000,female,university,single,32,0
180000,female,university,single,26,0
290000,female,university,married,33,0
140000,male,graduate,single,35,0
50000,female,university,married,31,0
130000,male,graduate,married,47,0
160000,male,highschool,married,48,1
110000,male,university,married,35,0
180000,female,university,married,33,0
260000,female,other,single,32,1
310000,female,graduate,married,32,0
450000,male,university,married,44,0
130000,male,graduate,single,27,0
300000,female,graduate,married,36,0
160000,female,graduate,married,39,0
30000,male,university,single,26,0
270000,male,university,married,48,1
360000,male,university,married,63,1
360000,male,university,married,42,1
180000,male,university,married,40,0
360000,female,highschool,married,41,0
280000,male,graduate,married,45,1
220000,male,university,single,44,0
20000,female,highschool,married,47,0
310000,male,highschool,married,32,0
160000,male,university,single,52,1
50000,male,graduate,single,27,0
20000,male,university,married,38,1
20000,male,university,single,26,1
470000,male,university,married,32,0
160000,female,university,married,31,1
220000,male,graduate,single,31,0
50000,female,university,married,42,0
50000,male,university,single,22,1
230000,female,graduate,married,53,0
70000,female,university,married,51,0
360000,male,highschool,single,29,0
90000,female,university,single,24,0
180000,male,graduate,single,27,1
50000,male,university,married,53,1
210000,female,graduate,single,39,0
50000,female,graduate,single,24,0
10000,male,university,single,23,0
80000,male,graduate,single,42,0
200000,female,highschool,married,34,0
500000,male,graduate,married,41,1
50000,female,university,married,42,0
50000,female,highschool,single,22,0
80000,male,highschool,married,46,0
50000,female,graduate,single,23,0
50000,male,university,single,22,0
80000,female,university,single,24,0
100000,female,university,married,39,1
360000,male,graduate,single,49,0
510000,female,graduate,married,37,0
120000,male,university,married,26,0
130000,female,highschool,married,48,0
330000,male,graduate,single,44,0
50000,female,highschool,single,40,0
30000,male,university,single,43,0
200000,female,graduate,married,24,0
80000,female,university,married,33,0
220000,female,graduate,married,39,0
70000,female,graduate,single,30,0
350000,female,university,married,48,0
40000,male,university,single,27,0
60000,male,university,single,24,0
120000,male,university,married,34,0
50000,female,university,single,48,0
100000,female,graduate,married,44,1
210000,male,university,married,30,1
20000,female,university,single,35,0
240000,male,highschool,single,42,0
170000,female,university,married,43,0
330000,male,graduate,single,34,0
70000,male,university,single,43,0
50000,female,highschool,married,29,0
130000,male,university,single,38,0
50000,male,highschool,single,36,1
450000,female,graduate,single,30,1
100000,male,university,married,41,1
120000,female,graduate,single,26,0
270000,female,graduate,single,29,0
80000,male,graduate,single,36,0
80000,female,highschool,married,40,0
320000,male,graduate,single,33,0
380000,male,graduate,married,35,0
380000,female,university,single,41,0
180000,female,university,married,41,0
100000,female,university,single,31,0
290000,female,graduate,single,29,0
90000,male,graduate,single,27,1
10000,male,university,married,24,1
150000,male,highschool,single,31,0
160000,female,university,single,32,0
200000,female,graduate,married,27,1
30000,female,university,single,23,0
70000,female,graduate,single,24,0
160000,male,university,single,30,0
140000,female,graduate,single,27,1
50000,female,highschool,single,22,0
50000,female,graduate,single,23,0
150000,male,graduate,single,31,0
120000,female,graduate,single,34,0
160000,female,university,married,63,0
180000,female,other,single,26,0
220000,female,university,single,27,0
10000,male,university,single,22,1
80000,female,graduate,married,36,0
110000,female,university,single,28,0
80000,female,university,married,51,1
270000,male,university,married,52,0
160000,female,graduate,single,36,0
50000,male,university,single,44,0
60000,female,university,married,39,0
140000,male,university,single,28,0
360000,female,university,single,34,0
200000,female,other,single,34,0
40000,female,university,married,36,1
50000,female,highschool,married,50,1
50000,female,university,married,46,0
70000,male,graduate,single,27,0
500000,male,graduate,married,41,0
160000,male,graduate,single,37,1
180000,female,highschool,single,28,0
100000,male,university,single,25,0
50000,female,university,single,38,0
210000,male,university,married,33,1
140000,male,graduate,single,29,0
80000,female,university,single,23,1
120000,female,graduate,single,28,1
280000,male,university,married,48,0
80000,female,university,married,45,0
200000,female,highschool,single,31,0
300000,female,graduate,single,27,0
40000,male,graduate,married,34,0
360000,male,university,married,38,1
60000,male,graduate,single,30,0
110000,female,university,single,29,1
50000,male,university,single,42,0
150000,female,university,single,24,0
60000,female,other,single,22,0
20000,female,graduate,single,25,0
360000,female,university,single,33,0
30000,male,graduate,single,25,0
70000,female,university,married,36,0
50000,male,university,single,28,1
80000,male,university,married,37,1
200000,female,university,married,35,0
480000,female,highschool,married,42,0
60000,male,university,married,46,1
150000,female,highschool,single,60,1
400000,male,graduate,married,40,1
300000,female,graduate,single,36,1
80000,female,highschool,single,26,0
30000,male,university,single,25,0
300000,male,university,single,33,0
50000,female,university,married,23,0
400000,female,university,married,53,0
280000,female,university,single,26,0
160000,female,graduate,single,30,0
450000,male,graduate,married,53,0
50000,male,highschool,married,47,0
120000,female,highschool,married,47,0
60000,female,university,married,57,0
210000,female,graduate,single,26,0
110000,female,university,single,24,0
110000,female,graduate,married,32,1
140000,male,university,single,41,0
430000,female,university,married,36,0
20000,male,university,married,43,0
360000,female,graduate,married,31,0
630000,female,graduate,single,29,1
60000,female,university,divorce,39,0
50000,male,highschool,single,41,0
200000,male,graduate,married,41,0
20000,male,highschool,single,61,0
260000,male,graduate,married,37,0
210000,female,graduate,married,32,0
30000,female,university,single,31,0
500000,male,graduate,single,33,0
20000,female,highschool,married,47,0
240000,female,graduate,married,40,0
20000,female,highschool,married,45,0
150000,male,graduate,single,30,1
150000,female,graduate,single,30,0
500000,male,graduate,married,41,0
220000,female,university,married,53,1
30000,female,university,single,22,0
10000,female,university,married,40,1
170000,female,university,married,28,0
120000,male,graduate,married,45,1
280000,female,graduate,single,29,0
10000,female,highschool,single,22,0
200000,female,highschool,married,54,0
260000,female,university,married,36,0
500000,female,graduate,single,43,0
500000,female,graduate,single,32,1
260000,female,graduate,single,50,0
90000,male,university,married,32,0
160000,male,university,married,52,1
230000,female,university,single,25,0
360000,male,university,married,46,0
50000,male,highschool,single,29,0
130000,male,highschool,single,44,0
240000,female,university,single,27,1
50000,male,graduate,single,22,0
320000,female,graduate,single,43,0
130000,female,university,married,44,0
50000,female,highschool,single,48,0
330000,female,graduate,single,24,0
330000,male,graduate,single,37,0
120000,female,university,single,23,0
180000,female,university,married,29,1
500000,female,graduate,married,47,0
250000,female,university,married,54,0
260000,female,university,single,29,0
270000,female,graduate,married,36,0
500000,male,graduate,married,42,0
60000,female,highschool,married,42,1
240000,male,graduate,single,28,0
500000,female,graduate,single,41,1
330000,male,university,single,33,0
80000,female,university,single,24,0
80000,female,graduate,single,23,0
180000,male,highschool,married,39,1
60000,female,graduate,single,24,1
150000,female,university,married,44,0
10000,female,highschool,married,45,0
340000,female,graduate,married,41,0
80000,female,highschool,married,39,0
430000,female,graduate,single,34,0
340000,female,graduate,single,36,0
80000,female,university,married,35,0
150000,female,graduate,married,34,0
320000,female,graduate,single,27,1
120000,female,university,married,28,0
620000,female,graduate,single,31,0
130000,male,graduate,single,37,0
230000,female,university,married,46,1
60000,female,graduate,single,28,1
420000,male,highschool,single,32,0
80000,male,university,single,36,0
200000,female,graduate,married,42,0
80000,male,university,married,43,0
200000,male,graduate,single,34,1
110000,female,highschool,married,42,0
60000,male,university,married,37,1
340000,female,graduate,married,33,0
50000,female,highschool,single,22,0
80000,female,university,single,48,0
30000,male,university,single,29,0
200000,female,university,single,24,0
200000,male,graduate,married,49,0
90000,female,university,married,34,1
160000,male,graduate,married,49,0
50000,male,university,married,44,1
230000,female,graduate,married,36,0
300000,female,graduate,single,27,0
300000,female,graduate,married,59,0
50000,female,graduate,married,35,0
260000,male,university,married,45,0
140000,female,university,married,38,0
30000,male,university,single,28,0
230000,female,university,single,35,0
260000,female,graduate,married,28,1
110000,female,university,married,28,0
360000,male,university,single,26,0
20000,female,university,married,63,0
230000,female,graduate,married,41,0
220000,female,graduate,single,30,0
230000,female,graduate,single,32,1
500000,female,university,single,27,0
50000,male,highschool,married,36,0
500000,female,graduate,married,49,0
30000,female,university,married,22,1
50000,male,graduate,single,23,0
80000,male,graduate,single,27,0
40000,female,graduate,single,23,0
500000,female,university,married,37,0
30000,male,university,married,29,0
90000,female,graduate,single,28,0
20000,male,university,married,35,1
60000,male,university,single,22,0
500000,male,graduate,single,32,0
70000,male,graduate,married,40,0
180000,female,graduate,single,26,0
450000,female,graduate,single,38,1
220000,male,university,single,35,0
20000,female,university,single,45,0
170000,female,university,married,50,0
110000,male,graduate,married,48,0
70000,male,university,married,45,0
290000,male,other,married,38,0
50000,female,graduate,single,23,0
160000,female,university,single,32,0
360000,female,university,married,37,1
200000,female,highschool,single,29,0
200000,male,university,married,38,0
100000,male,university,single,29,0
70000,male,university,single,48,0
60000,female,university,married,23,0
170000,female,university,married,43,0
50000,male,graduate,single,25,1
360000,male,university,married,28,0
210000,male,university,single,24,1
20000,female,highschool,single,30,0
20000,male,university,single,24,1
20000,female,university,married,37,1
460000,female,highschool,married,57,0
30000,female,graduate,single,22,1
30000,female,highschool,married,38,1
30000,female,graduate,single,26,0
20000,male,university,married,33,1
150000,male,graduate,single,32,1
200000,male,university,married,27,0
110000,female,university,married,48,0
400000,female,graduate,single,32,1
50000,male,university,single,25,0
100000,female,graduate,married,28,0
120000,male,graduate,married,34,1
220000,female,graduate,married,43,1
100000,female,university,married,40,0
410000,female,graduate,married,35,0
50000,female,university,married,28,0
50000,male,graduate,single,26,0
90000,female,highschool,married,33,0
260000,male,graduate,single,30,0
70000,female,graduate,single,24,0
130000,male,university,married,53,1
120000,female,highschool,married,43,0
160000,female,highschool,married,44,0
50000,female,university,single,32,1
220000,female,graduate,single,27,1
500000,female,graduate,single,28,0
360000,male,graduate,single,26,0
320000,male,university,single,32,0
380000,male,graduate,married,39,1
70000,male,university,married,45,1
120000,female,graduate,married,32,1
80000,female,highschool,married,52,1
220000,male,graduate,single,25,0
20000,male,university,single,34,0
50000,male,university,married,39,0
120000,female,university,married,34,0
50000,female,graduate,single,30,0
80000,female,graduate,single,24,0
130000,male,university,single,28,0
450000,male,graduate,divorce,37,0
80000,male,university,single,27,1
100000,female,highschool,married,39,0
260000,female,university,married,43,1
50000,male,highschool,divorce,45,0
200000,female,graduate,single,30,0
260000,female,university,married,40,0
470000,male,highschool,single,37,1
100000,female,university,married,41,0
360000,male,graduate,single,31,1
50000,male,university,single,24,0
20000,female,university,married,23,0
360000,female,university,single,34,1
190000,male,graduate,single,31,0
180000,female,university,single,34,0
220000,female,university,married,35,0
200000,male,highschool,married,34,0
150000,female,university,single,29,0
240000,male,university,married,41,1
340000,female,university,single,28,0
100000,female,university,single,26,0
80000,male,highschool,married,29,0
210000,male,graduate,married,40,0
300000,female,university,married,38,0
220000,female,highschool,married,37,1
250000,female,graduate,single,50,0
70000,male,university,single,32,0
170000,male,graduate,single,27,0
160000,female,university,single,34,0
110000,male,university,single,24,0
60000,female,graduate,single,25,0
290000,female,university,single,29,0
240000,female,highschool,single,33,0
30000,female,university,single,23,0
490000,male,graduate,married,45,1
20000,male,highschool,single,43,0
260000,male,graduate,single,34,0
210000,female,graduate,single,32,0
300000,female,graduate,married,47,0
40000,male,university,married,42,0
500000,male,graduate,single,37,0
260000,female,graduate,single,30,0
90000,female,university,married,37,1
20000,male,university,single,25,0
270000,female,graduate,single,31,1
100000,male,university,married,42,0
350000,male,graduate,single,31,0
200000,male,university,married,39,0
30000,female,university,single,39,0
20000,female,university,single,23,0
240000,female,graduate,single,29,0
50000,male,graduate,single,30,0
80000,female,graduate,married,44,0
160000,male,graduate,single,29,0
250000,female,university,single,26,0
50000,female,university,single,31,1
80000,female,highschool,married,45,0
90000,female,university,married,39,0
20000,male,university,single,22,0
50000,female,university,married,43,0
150000,female,university,single,23,1
50000,female,university,married,39,0
500000,female,university,single,39,0
200000,female,graduate,single,28,0
90000,female,graduate,single,27,0
100000,female,university,single,39,0
600000,female,university,married,46,0
20000,male,university,single,22,0
60000,female,graduate,married,37,0
180000,female,highschool,divorce,40,0
290000,female,graduate,married,29,0
230000,female,highschool,married,32,0
180000,female,university,single,34,0
150000,male,graduate,single,30,0
460000,male,university,married,39,0
140000,female,graduate,single,36,0
500000,female,graduate,single,41,1
20000,male,highschool,married,36,0
70000,male,university,single,62,0
150000,male,graduate,single,23,0
10000,male,university,married,58,1
500000,male,graduate,single,33,0
260000,female,graduate,married,37,0
10000,female,other,single,24,0
210000,female,graduate,single,37,0
180000,male,graduate,single,31,0
40000,male,university,single,31,0
180000,female,university,married,38,0
250000,female,university,married,39,0
50000,male,university,single,23,0
400000,female,highschool,single,35,0
240000,female,graduate,single,30,0
180000,female,graduate,married,33,0
300000,male,graduate,single,33,0
300000,female,university,single,32,0
140000,male,graduate,married,35,0
70000,female,graduate,single,25,0
20000,female,graduate,single,25,0
290000,male,university,married,36,0
130000,female,university,single,24,1
70000,male,university,married,37,1
60000,female,highschool,single,26,0
340000,female,university,married,31,0
50000,female,graduate,married,34,0
150000,male,university,single,29,0
180000,female,graduate,single,28,0
50000,female,university,single,30,0
200000,male,university,single,39,0
140000,female,graduate,married,33,1
190000,female,university,married,45,0
140000,female,graduate,single,26,0
50000,male,university,single,34,0
360000,male,university,married,47,0
180000,male,university,single,29,0
160000,female,other,single,40,0
180000,male,university,single,30,1
200000,female,university,married,39,0
350000,female,graduate,married,32,0
90000,female,university,single,29,0
50000,male,highschool,single,34,0
30000,male,graduate,single,29,0
280000,male,university,single,45,0
140000,female,university,married,25,0
200000,male,graduate,single,38,0
20000,male,highschool,married,29,0
120000,female,university,single,28,0
130000,male,highschool,married,54,0
150000,male,highschool,single,32,0
10000,female,graduate,married,37,0
200000,male,university,single,58,0
480000,male,university,married,44,0
80000,female,highschool,single,39,0
200000,male,university,single,31,0
50000,female,university,married,40,0
130000,female,highschool,married,32,1
200000,male,university,married,28,1
170000,male,graduate,married,36,0
150000,male,graduate,married,46,0
510000,female,graduate,single,35,0
270000,female,university,married,65,0
130000,male,university,single,26,1
130000,female,highschool,married,57,1
120000,male,university,single,34,0
140000,male,graduate,married,43,0
360000,female,graduate,single,35,0
50000,male,university,single,24,0
30000,female,university,married,31,1
30000,male,highschool,single,26,0
150000,female,graduate,married,42,0
50000,male,highschool,married,58,0
10000,female,university,married,22,0
60000,male,highschool,single,26,0
200000,female,university,single,28,0
50000,male,highschool,single,46,1
10000,female,university,married,23,0
310000,female,graduate,single,44,0
170000,male,university,single,29,0
310000,male,university,married,34,0
20000,male,graduate,married,50,1
230000,female,graduate,married,39,1
50000,male,graduate,single,31,0
260000,female,graduate,single,28,0
110000,female,university,single,59,0
210000,female,graduate,single,30,1
260000,male,university,single,31,0
400000,male,highschool,married,51,0
20000,male,university,married,58,0
180000,female,university,married,42,0
180000,male,university,single,26,0
30000,male,highschool,single,44,0
50000,female,university,married,34,0
150000,male,graduate,single,26,0
30000,female,graduate,single,23,0
60000,male,graduate,single,24,0
500000,male,graduate,married,40,1
180000,female,graduate,married,37,1
180000,male,highschool,married,35,0
60000,female,university,married,48,1
200000,female,graduate,married,30,0
150000,female,university,married,25,1
190000,male,university,married,58,0
170000,male,university,single,42,0
280000,male,graduate,single,29,0
290000,female,highschool,married,43,0
240000,male,university,married,44,0
110000,female,university,married,24,0
140000,female,graduate,single,27,0
250000,male,university,married,38,1
100000,male,highschool,single,32,0
20000,female,highschool,married,54,0
120000,female,university,single,27,0
120000,male,graduate,single,30,0
130000,female,university,single,25,0
10000,male,university,single,24,0
100000,male,graduate,single,31,0
70000,female,university,married,34,1
360000,male,graduate,married,37,0
130000,female,graduate,single,26,0
240000,male,university,married,38,0
20000,male,university,single,34,1
60000,female,graduate,married,43,0
20000,male,university,married,45,0
50000,female,university,single,29,0
230000,female,graduate,single,31,0
60000,male,graduate,single,29,0
100000,male,university,married,42,1
340000,female,graduate,married,49,1
260000,male,graduate,single,30,0
220000,female,graduate,single,41,0
130000,female,graduate,single,27,0
300000,male,graduate,single,29,0
50000,male,highschool,married,47,1
30000,female,university,single,25,0
280000,female,graduate,married,32,1
50000,male,highschool,single,26,0
200000,female,highschool,married,42,0
360000,male,university,married,32,0
50000,male,university,single,23,0
280000,female,graduate,single,31,0
50000,female,graduate,single,43,0
180000,female,highschool,married,31,0
140000,female,university,married,37,1
120000,female,graduate,single,33,1
20000,male,university,single,30,0
130000,female,graduate,single,30,1
60000,female,university,single,29,1
360000,female,graduate,single,50,0
360000,male,graduate,single,32,0
260000,female,highschool,married,41,1
50000,female,highschool,married,31,0
20000,male,university,single,43,1
80000,male,graduate,married,34,1
210000,female,graduate,single,30,1
500000,male,university,single,30,0
50000,male,university,married,31,1
30000,female,university,single,27,0
260000,male,university,married,38,0
200000,male,graduate,married,40,0
290000,female,university,single,41,0
30000,male,university,single,27,0
260000,female,university,divorce,38,0
500000,male,university,married,33,0
180000,female,university,single,35,0
50000,male,highschool,single,30,1
450000,female,graduate,single,40,0
110000,male,highschool,single,24,0
340000,male,graduate,single,29,0
20000,female,university,single,22,0
50000,female,university,married,32,1
140000,female,highschool,married,35,0
400000,female,graduate,married,31,0
50000,female,university,single,40,0
130000,male,highschool,single,53,0
70000,male,university,single,29,1
40000,female,graduate,single,24,0
130000,female,graduate,single,29,0
70000,female,university,married,40,0
250000,male,graduate,single,30,0
150000,female,other,married,25,0
300000,male,university,single,31,0
20000,male,university,single,24,0
20000,female,university,single,23,0
20000,female,graduate,single,24,1
210000,female,highschool,married,42,1
220000,male,graduate,single,31,0
300000,male,graduate,single,32,0
120000,male,graduate,single,38,0
50000,female,university,single,25,1
210000,female,university,married,42,0
170000,female,university,single,56,1
60000,female,graduate,single,23,0
20000,male,university,married,41,1
50000,male,university,single,27,1
180000,female,highschool,married,43,0
20000,female,university,married,28,1
310000,female,graduate,single,32,0
130000,male,highschool,married,48,0
160000,female,university,single,25,0
500000,female,graduate,single,33,0
20000,male,university,single,29,0
70000,male,highschool,single,53,0
130000,female,university,married,27,0
310000,female,university,married,40,0
20000,female,highschool,single,25,1
180000,female,highschool,married,41,0
30000,female,highschool,married,43,0
50000,female,university,married,39,0
210000,female,graduate,single,27,0
90000,female,graduate,single,42,1
20000,female,university,married,58,0
130000,male,graduate,married,29,1
60000,female,university,single,24,0
310000,female,university,married,35,0
80000,male,university,single,40,0
200000,female,university,married,40,0
180000,male,graduate,single,27,0
200000,female,graduate,married,34,1
180000,female,highschool,married,63,1
10000,male,university,single,23,0
50000,male,university,single,30,0
210000,male,highschool,married,33,0
20000,female,other,single,22,0
50000,male,university,single,31,0
290000,male,graduate,single,43,0
360000,female,graduate,single,37,0
500000,female,university,married,38,0
50000,female,university,married,41,0
180000,male,university,single,25,0
200000,female,university,married,44,0
140000,male,university,married,48,0
360000,female,university,married,46,1
60000,female,university,single,34,0
110000,male,university,single,24,0
50000,male,university,single,28,0
130000,female,university,single,27,0
20000,male,graduate,single,23,0
200000,female,graduate,married,35,1
10000,male,highschool,single,41,1
330000,female,graduate,single,30,0
360000,female,university,married,34,0
230000,female,university,married,46,0
140000,male,university,married,37,1
50000,male,graduate,married,38,0
30000,male,university,single,31,0
170000,male,graduate,single,29,0
50000,female,university,single,32,0
290000,female,graduate,married,35,1
140000,male,graduate,single,43,1
110000,male,university,married,39,0
170000,male,graduate,single,27,0
390000,female,university,married,31,0
160000,male,graduate,married,47,0
20000,female,university,married,37,0
40000,male,graduate,single,24,0
400000,male,university,married,37,0
260000,female,university,single,29,0
260000,female,highschool,married,52,0
240000,male,graduate,single,48,0
230000,female,university,married,38,0
50000,male,university,married,45,0
400000,male,graduate,single,37,0
30000,male,university,married,31,0
300000,male,graduate,single,37,0
100000,female,graduate,single,24,0
130000,male,graduate,single,26,0
180000,female,graduate,single,41,0
130000,male,highschool,single,24,1
130000,female,graduate,single,25,0
50000,female,university,married,57,0
230000,female,university,married,36,1
140000,male,highschool,married,35,0
60000,male,university,single,30,0
30000,male,university,married,23,0
40000,female,highschool,married,39,1
250000,female,university,married,40,0
20000,male,university,married,53,0
120000,male,university,married,27,1
210000,female,university,single,29,0
380000,male,graduate,single,33,1
130000,male,university,single,28,0
80000,female,university,married,49,1
80000,female,university,married,31,1
140000,male,university,single,36,0
220000,female,university,divorce,50,0
20000,female,university,single,23,1
200000,female,university,married,43,1
50000,female,university,married,24,0
20000,male,university,single,30,0
230000,male,highschool,single,37,0
230000,female,university,single,29,1
60000,female,university,single,24,0
50000,male,highschool,married,54,1
130000,male,highschool,married,40,0
20000,female,university,single,27,0
440000,female,university,single,31,0
150000,female,graduate,single,23,0
410000,male,university,single,42,0
320000,male,university,married,32,0
30000,male,university,single,26,0
80000,male,university,single,29,0
50000,female,highschool,married,47,1
50000,male,university,single,39,1
140000,female,graduate,single,52,0
500000,female,graduate,married,38,0
60000,female,highschool,married,48,0
150000,male,graduate,single,35,0
130000,male,other,single,46,0
20000,male,university,single,41,0
310000,male,university,married,43,0
90000,male,university,married,42,0
210000,female,graduate,single,46,1
10000,female,university,single,22,1
30000,male,highschool,married,59,0
30000,female,university,married,22,1
30000,female,graduate,single,24,0
220000,female,university,married,45,0
20000,male,highschool,married,45,1
300000,male,graduate,married,30,0
160000,female,university,married,30,0
10000,male,university,single,25,0
20000,female,university,single,23,1
20000,male,graduate,single,29,1
70000,male,university,married,26,1
50000,female,university,married,30,0
130000,female,graduate,single,26,0
180000,female,graduate,married,38,0
50000,male,university,single,28,1
500000,male,graduate,married,44,0
340000,female,graduate,single,27,0
150000,female,university,single,25,0
150000,female,university,married,40,0
100000,female,university,married,47,0
100000,female,graduate,single,28,0
30000,female,graduate,single,23,1
150000,female,university,married,34,0
10000,male,graduate,single,23,0
190000,female,graduate,single,38,0
70000,female,graduate,single,33,0
360000,female,graduate,married,48,0
500000,female,university,married,37,0
210000,male,university,married,45,0
320000,male,university,married,37,0
50000,female,university,married,22,0
500000,female,graduate,single,38,0
320000,male,university,married,42,0
80000,male,university,single,26,0
250000,male,graduate,married,42,1
250000,male,graduate,married,40,0
220000,male,graduate,married,33,0
250000,female,graduate,single,37,0
50000,female,university,married,24,0
360000,female,graduate,single,43,1
260000,female,graduate,married,38,0
50000,male,university,married,45,0
20000,male,university,single,25,0
10000,male,university,single,23,0
500000,female,university,married,34,0
330000,female,university,single,33,0
170000,male,university,single,34,0
20000,male,university,single,63,0
80000,male,university,married,29,0
240000,female,university,married,32,0
150000,female,university,single,28,0
200000,male,university,married,34,0
300000,male,graduate,single,33,0
100000,male,university,married,35,1
290000,female,university,single,33,0
100000,male,highschool,married,56,0
10000,male,graduate,divorce,46,1
420000,female,graduate,single,41,0
20000,female,university,married,42,0
300000,female,graduate,married,37,0
50000,male,highschool,single,26,0
180000,female,university,married,44,0
420000,male,university,married,41,0
100000,female,university,married,49,0
80000,female,university,single,38,0
210000,male,graduate,married,42,0
80000,male,highschool,married,42,0
240000,female,graduate,single,31,0
500000,male,graduate,married,45,0
100000,male,university,single,27,0
610000,female,graduate,single,36,0
170000,male,university,single,27,0
320000,male,graduate,married,45,0
200000,female,highschool,married,38,0
360000,male,graduate,single,35,1
200000,male,university,married,34,0
150000,female,university,married,39,1
100000,male,graduate,married,44,0
200000,male,graduate,single,29,0
30000,male,university,married,26,0
260000,male,graduate,married,36,1
300000,female,university,married,34,1
110000,male,university,married,32,0
50000,female,graduate,single,24,0
500000,male,highschool,single,44,0
60000,female,graduate,single,30,0
80000,male,graduate,single,39,1
370000,male,graduate,married,40,0
150000,male,university,single,38,0
210000,male,graduate,single,35,0
500000,female,university,single,34,0
150000,male,graduate,married,42,1
110000,male,university,married,39,0
60000,female,graduate,married,49,0
480000,female,graduate,single,33,0
30000,male,graduate,single,35,0
240000,female,university,married,28,1
350000,female,graduate,single,40,0
240000,female,university,married,38,1
80000,female,graduate,single,27,0
100000,male,graduate,married,43,0
30000,female,university,married,30,0
290000,male,graduate,single,41,0
200000,male,graduate,married,34,0
360000,female,graduate,married,32,0
430000,male,university,married,46,1
150000,male,graduate,single,44,0
200000,male,university,single,30,1
50000,male,highschool,married,31,0
240000,female,highschool,married,36,0
20000,female,graduate,single,24,0
150000,female,graduate,married,30,0
230000,male,graduate,married,39,0
20000,male,university,married,31,1
100000,female,university,married,33,0
280000,female,university,married,30,1
90000,female,highschool,married,39,0
240000,female,graduate,single,29,0
80000,male,highschool,married,27,1
160000,female,university,married,34,0
280000,female,graduate,married,37,0
170000,female,graduate,married,30,0
90000,female,university,married,47,1
160000,female,graduate,single,29,0
420000,female,highschool,married,36,0
280000,male,university,single,30,0
30000,male,university,single,26,1
140000,female,graduate,single,34,0
220000,male,graduate,married,48,0
260000,female,graduate,single,27,0
170000,female,university,single,27,0
190000,female,university,married,33,0
50000,male,university,single,31,0
200000,female,graduate,single,31,0
300000,female,graduate,single,44,0
230000,female,graduate,married,34,0
50000,male,university,married,57,0
150000,male,highschool,single,25,0
150000,female,highschool,married,35,1
10000,male,graduate,married,50,0
240000,female,highschool,married,43,0
230000,female,university,single,27,0
170000,female,university,married,34,0
460000,female,graduate,married,38,0
240000,male,university,single,46,0
80000,female,university,married,43,0
290000,male,university,single,29,0
30000,male,university,single,22,0
240000,female,university,single,35,0
80000,female,university,married,42,0
30000,male,university,single,33,0
180000,female,university,divorce,52,0
50000,female,university,single,26,1
30000,female,highschool,single,52,1
110000,male,graduate,single,32,1
180000,female,university,single,33,0
50000,male,university,married,49,0
140000,female,university,single,29,0
90000,female,university,married,38,1
90000,female,university,single,25,1
180000,male,university,single,31,0
360000,female,graduate,single,29,0
140000,male,university,single,28,1
90000,female,highschool,single,23,0
150000,female,graduate,single,27,0
200000,male,university,married,56,0
110000,female,university,married,48,0
410000,female,graduate,single,25,0
50000,male,highschool,married,58,0
170000,female,university,married,43,0
210000,female,university,married,39,0
290000,male,graduate,single,35,0
160000,female,graduate,single,27,0
50000,male,university,single,27,1
50000,male,university,single,28,0
30000,female,university,single,21,0
30000,female,highschool,single,24,1
80000,female,university,single,27,0
20000,male,graduate,single,39,1
130000,female,highschool,married,39,0
80000,female,graduate,married,34,1
80000,male,university,married,40,0
180000,female,highschool,single,39,0
150000,male,graduate,married,37,0
100000,male,university,single,26,0
50000,female,highschool,married,47,0
290000,male,university,married,48,1
490000,male,graduate,married,54,1
130000,female,graduate,single,30,0
20000,male,graduate,single,24,0
30000,female,graduate,single,23,1
230000,female,graduate,single,25,0
260000,male,graduate,single,52,0
290000,male,graduate,married,38,0
220000,female,university,single,54,0
60000,male,university,single,26,1
150000,female,highschool,married,45,0
80000,female,university,married,39,1
30000,female,university,single,23,1
210000,female,university,married,34,0
50000,female,highschool,married,27,0
250000,female,graduate,married,47,0
200000,female,university,single,34,1
150000,male,university,married,48,1
30000,female,university,married,26,0
50000,female,university,single,23,0
210000,male,graduate,single,32,0
20000,male,university,married,31,0
110000,male,graduate,married,56,1
140000,male,graduate,single,26,0
50000,male,highschool,married,56,0
230000,female,university,single,27,0
200000,female,graduate,single,28,0
120000,female,university,married,30,0
50000,male,university,married,46,0
140000,female,highschool,married,39,0
100000,female,highschool,single,48,0
80000,male,highschool,married,43,0
100000,male,university,single,29,1
120000,female,university,single,23,0
50000,male,university,married,50,1
30000,female,university,single,24,0
330000,female,university,single,27,0
240000,male,graduate,married,53,0
290000,female,university,single,39,1
60000,male,university,single,42,0
360000,female,graduate,single,29,0
200000,female,graduate,single,39,0
450000,female,graduate,married,33,0
80000,male,graduate,married,41,0
230000,female,university,married,32,0
160000,female,university,married,32,0
20000,female,highschool,single,53,0
200000,female,highschool,married,28,1
240000,female,university,married,35,1
80000,female,highschool,single,39,0
20000,male,university,married,53,0
120000,female,graduate,single,25,0
130000,female,highschool,single,24,1
200000,male,highschool,married,45,0
330000,male,graduate,single,36,0
30000,female,highschool,married,22,1
20000,male,university,single,25,0
170000,male,graduate,married,41,1
150000,female,university,single,24,0
20000,male,university,single,25,0
160000,female,graduate,single,29,0
140000,female,university,single,38,0
150000,male,university,single,27,0
120000,female,highschool,single,47,0
50000,male,university,single,29,1
180000,female,graduate,single,32,0
60000,male,graduate,single,28,1
100000,male,university,single,34,1
120000,male,university,single,28,1
20000,male,graduate,single,24,1
70000,female,graduate,single,29,1
200000,male,university,married,58,0
500000,female,graduate,married,48,0
460000,male,graduate,married,41,0
160000,male,university,single,57,0
20000,male,other,single,27,0
300000,male,university,single,42,1
40000,male,university,married,44,0
130000,female,highschool,married,26,1
120000,female,graduate,single,25,0
20000,female,university,single,22,0
200000,female,graduate,single,47,0
20000,male,university,married,51,0
10000,male,university,single,32,0
400000,female,graduate,single,28,0
180000,female,graduate,single,28,0
60000,female,university,single,23,0
260000,female,graduate,single,28,1
50000,male,highschool,married,36,0
120000,female,university,married,30,1
300000,female,graduate,married,47,1
20000,male,university,single,36,1
180000,male,university,married,26,0
30000,female,university,single,23,0
70000,male,university,single,31,0
220000,male,graduate,single,51,1
110000,female,graduate,married,37,1
180000,male,graduate,single,33,0
80000,female,graduate,single,31,0
100000,female,graduate,married,34,0
50000,female,university,married,45,1
50000,female,university,single,28,0
130000,female,graduate,married,38,1
290000,female,university,other,49,0
240000,male,graduate,single,33,0
160000,female,university,single,27,0
50000,male,university,single,34,0
30000,male,university,divorce,45,0
60000,female,university,married,39,0
60000,female,university,single,57,0
100000,female,highschool,married,51,0
140000,male,graduate,married,27,0
150000,male,university,married,35,0
500000,male,university,single,28,0
20000,male,university,married,33,1
240000,female,university,single,37,0
90000,male,highschool,divorce,34,0
160000,female,graduate,married,69,0
280000,female,university,single,33,1
260000,female,university,single,27,0
130000,male,other,married,44,1
500000,female,highschool,married,50,0
120000,male,university,married,39,0
210000,male,graduate,single,30,0
50000,male,university,married,46,0
210000,male,university,married,36,0
10000,female,university,single,27,1
70000,female,university,single,34,0
150000,male,university,single,31,0
60000,male,highschool,single,57,0
120000,male,university,single,29,1
80000,female,graduate,single,30,0
490000,male,graduate,single,36,0
450000,male,graduate,married,44,0
20000,female,other,single,23,0
10000,male,graduate,single,23,0
20000,female,highschool,married,44,0
50000,male,university,single,27,0
300000,male,graduate,married,51,1
80000,male,graduate,single,27,0
310000,male,graduate,married,39,0
50000,female,highschool,married,41,0
500000,male,university,married,39,0
80000,female,highschool,married,40,0
30000,female,highschool,divorce,26,1
10000,male,university,single,42,1
390000,female,graduate,married,39,0
290000,male,university,married,44,1
120000,female,university,married,33,0
50000,female,graduate,single,27,0
280000,male,graduate,married,36,0
20000,female,graduate,single,24,0
20000,female,university,single,22,0
90000,female,graduate,single,27,1
90000,female,university,married,30,0
120000,female,university,single,35,0
80000,female,highschool,married,40,1
180000,female,university,married,68,0
200000,female,graduate,single,32,1
50000,female,highschool,married,55,0
360000,male,graduate,single,30,0
30000,female,university,married,27,0
50000,female,university,single,24,0
80000,female,university,married,37,0
120000,male,university,single,34,1
30000,female,graduate,single,29,0
260000,female,university,single,30,0
50000,male,university,married,62,0
30000,female,university,married,23,0
50000,male,highschool,married,59,0
340000,female,highschool,married,40,0
170000,female,university,married,36,0
20000,male,university,single,25,0
230000,female,graduate,married,35,0
460000,male,graduate,single,28,0
20000,male,university,single,56,0
210000,male,graduate,single,30,1
30000,male,university,single,25,0
50000,female,university,single,30,1
130000,male,graduate,single,26,0
30000,female,highschool,single,24,1
60000,male,university,married,35,1
160000,female,university,single,28,0
180000,female,university,single,32,0
460000,female,highschool,single,32,0
30000,female,highschool,married,53,0
280000,male,university,married,36,0
100000,male,university,single,33,0
30000,male,university,single,29,1
150000,female,graduate,single,29,0
200000,female,university,married,47,0
150000,male,graduate,single,28,0
370000,female,university,married,45,0
200000,female,graduate,single,34,0
200000,female,graduate,married,32,0
30000,female,graduate,single,24,0
210000,female,university,single,27,0
120000,female,university,married,42,0
470000,female,university,married,35,0
60000,female,other,married,39,0
260000,male,graduate,married,53,0
80000,male,university,married,28,1
100000,female,highschool,married,47,0
200000,male,graduate,married,38,0
360000,male,highschool,married,34,0
70000,female,university,married,27,1
420000,male,highschool,married,45,0
150000,female,graduate,married,32,0
240000,male,university,married,44,0
360000,female,graduate,single,43,0
390000,female,university,married,30,0
180000,male,university,single,27,0
50000,female,graduate,single,25,0
180000,female,university,single,26,1
200000,male,university,married,41,0
50000,male,university,married,36,0
280000,male,university,single,29,0
90000,female,university,single,40,0
420000,male,graduate,married,46,0
70000,female,university,married,37,0
170000,female,university,married,34,0
210000,female,graduate,single,48,1
80000,male,graduate,married,33,0
70000,female,graduate,single,48,0
100000,male,university,married,29,0
60000,male,highschool,single,31,0
350000,male,university,single,29,0
180000,female,university,single,36,0
200000,male,university,single,30,0
120000,female,graduate,single,26,0
70000,female,university,single,24,0
200000,female,graduate,married,29,0
200000,female,graduate,single,39,0
50000,male,graduate,married,38,0
290000,male,graduate,married,49,0
120000,male,university,single,26,0
220000,female,university,single,37,0
50000,female,highschool,married,50,0
360000,female,graduate,married,35,0
140000,male,university,single,45,0
30000,female,university,single,22,0
130000,female,university,single,23,0
140000,female,graduate,single,35,0
260000,female,university,married,37,0
50000,female,highschool,single,54,0
60000,male,university,married,32,0
20000,male,graduate,single,36,0
250000,female,highschool,single,26,0
20000,male,highschool,single,27,0
200000,female,highschool,single,29,0
50000,female,highschool,single,25,0
210000,male,university,single,35,0
110000,male,graduate,single,29,0
20000,male,university,single,28,0
250000,male,graduate,single,30,0
10000,male,university,single,21,1
140000,female,graduate,single,30,0
100000,female,university,single,25,1
130000,female,highschool,married,43,1
80000,female,graduate,single,23,0
350000,female,highschool,married,38,0
140000,male,highschool,married,45,0
120000,female,university,married,33,0
480000,male,highschool,married,46,0
20000,female,university,single,24,1
30000,male,university,married,43,0
500000,female,university,single,48,0
360000,male,highschool,married,55,0
90000,female,university,married,34,0
90000,female,highschool,married,44,0
150000,female,graduate,single,33,0
130000,female,highschool,married,49,0
10000,male,graduate,single,26,0
70000,male,university,married,35,0
220000,male,graduate,single,32,0
150000,female,graduate,single,29,0
140000,male,highschool,other,47,0
160000,female,university,married,34,0
80000,female,graduate,single,27,0
50000,male,highschool,married,39,0
20000,male,university,married,32,0
10000,female,other,single,21,0
320000,female,university,single,34,0
290000,female,graduate,married,40,0
50000,female,graduate,married,43,0
140000,female,university,married,51,0
140000,female,graduate,married,36,0
50000,female,university,married,49,0
360000,male,graduate,single,34,1
140000,male,highschool,married,43,1
280000,female,university,married,48,0
410000,male,graduate,single,37,0
30000,female,graduate,single,26,0
50000,female,highschool,married,50,0
60000,female,university,single,26,0
170000,female,university,single,29,0
230000,male,university,single,28,0
30000,female,university,married,25,1
360000,female,graduate,married,42,0
360000,male,graduate,married,30,0
150000,male,graduate,single,38,0
110000,female,highschool,married,36,0
280000,male,graduate,single,32,0
200000,male,graduate,married,37,1
50000,male,highschool,single,33,0
150000,male,university,single,28,1
360000,male,graduate,single,36,0
130000,male,highschool,married,49,0
230000,female,highschool,married,48,0
480000,female,university,single,48,0
30000,female,highschool,married,35,1
150000,female,university,single,42,0
500000,male,graduate,married,42,0
220000,female,university,married,43,1
360000,female,graduate,single,56,1
160000,female,university,married,42,1
270000,female,university,single,42,0
610000,male,graduate,single,35,0
20000,male,highschool,single,29,0
70000,female,university,married,28,1
260000,female,graduate,married,35,0
30000,male,university,married,47,1
20000,male,university,single,34,1
160000,female,highschool,single,25,0
20000,female,university,single,23,0
330000,male,graduate,married,61,0
70000,male,university,single,25,0
300000,male,graduate,single,27,0
280000,female,university,single,30,0
180000,female,university,married,33,0
50000,female,graduate,single,50,0
230000,female,highschool,single,30,1
200000,female,university,married,51,1
250000,male,university,single,30,0
100000,male,graduate,single,31,0
470000,female,graduate,single,30,1
80000,female,graduate,single,26,0
250000,male,university,married,39,0
20000,male,highschool,married,36,1
360000,female,graduate,single,32,0
80000,female,university,married,26,0
100000,female,university,married,27,0
50000,male,graduate,married,40,0
620000,male,graduate,married,39,0
100000,female,highschool,married,28,0
30000,male,graduate,single,22,0
180000,male,graduate,single,28,1
330000,female,graduate,married,36,0
90000,male,university,single,34,0
280000,male,graduate,married,41,0
20000,male,university,single,30,1
120000,male,graduate,single,37,0
240000,female,graduate,single,27,0
80000,female,highschool,married,53,1
30000,male,university,married,35,0
70000,female,graduate,married,28,0
20000,male,university,married,46,1
180000,female,graduate,married,38,1
140000,male,university,single,62,0
20000,female,graduate,single,24,0
230000,female,graduate,married,31,1
90000,female,university,single,39,0
170000,female,university,married,33,0
80000,male,university,single,30,0
80000,male,university,married,36,0
80000,male,graduate,single,37,0
100000,female,university,married,36,1
120000,female,university,single,26,0
50000,female,university,married,47,1
260000,male,university,married,64,1
180000,male,graduate,married,35,0
30000,female,university,married,23,0
80000,male,highschool,married,52,1
50000,male,university,married,36,0
50000,male,highschool,married,41,0
90000,female,university,single,28,1
180000,female,highschool,married,35,0
20000,female,university,divorce,52,1
460000,female,university,married,39,0
80000,male,graduate,single,31,0
50000,male,university,single,35,1
50000,male,university,single,37,1
240000,male,graduate,married,39,0
360000,male,university,married,43,0
150000,female,other,single,23,0
20000,male,university,single,24,0
30000,male,highschool,single,44,0
200000,female,graduate,single,44,0
80000,female,other,single,51,0
260000,female,university,single,28,0
20000,male,university,single,49,1
240000,female,graduate,single,39,0
120000,female,graduate,single,44,0
20000,female,university,single,22,0
20000,female,highschool,married,52,0
430000,female,graduate,married,37,0
80000,female,university,married,46,0
50000,male,university,single,25,0
140000,male,highschool,single,35,0
50000,male,university,married,31,0
50000,male,graduate,single,25,0
80000,female,highschool,other,37,0
50000,female,university,married,26,0
80000,female,university,married,37,0
50000,male,highschool,married,55,1
80000,female,university,married,60,1
360000,female,graduate,married,52,0
60000,female,university,single,41,0
290000,female,graduate,single,31,0
50000,male,graduate,single,56,0
360000,female,other,single,28,0
440000,female,university,married,40,0
500000,male,graduate,married,36,0
240000,male,university,single,27,0
100000,male,university,single,31,0
200000,female,graduate,married,47,0
260000,male,graduate,married,43,0
70000,female,highschool,married,53,1
20000,male,highschool,married,53,1
180000,male,graduate,single,38,1
80000,female,university,married,44,0
140000,female,graduate,married,41,1
50000,female,university,married,26,0
120000,male,graduate,married,36,1
320000,female,graduate,married,42,0
70000,male,university,married,39,0
120000,female,university,married,42,0
150000,female,university,single,25,0
230000,female,university,married,32,0
30000,female,highschool,other,46,0
290000,female,university,married,34,0
50000,female,university,married,36,0
360000,male,graduate,single,34,0
160000,female,highschool,married,56,0
30000,female,university,single,42,1
60000,male,graduate,single,27,1
420000,male,university,married,34,1
50000,male,graduate,married,42,0
360000,female,university,single,34,0
250000,male,highschool,married,46,0
160000,male,graduate,single,32,0
50000,male,university,single,30,0
160000,male,graduate,single,29,0
220000,male,graduate,single,31,0
70000,female,highschool,married,43,0
50000,male,highschool,married,43,0
120000,male,graduate,single,29,0
50000,male,highschool,divorce,55,0
210000,female,university,married,32,0
120000,female,graduate,single,28,0
260000,female,university,married,40,0
120000,male,university,married,41,0
250000,male,graduate,single,30,0
30000,male,university,single,33,0
50000,male,university,married,28,0
70000,female,highschool,single,23,0
200000,female,graduate,single,59,0
100000,female,university,married,29,0
200000,male,university,married,36,1
280000,female,graduate,single,29,0
420000,male,graduate,married,54,0
400000,female,graduate,single,32,0
180000,female,university,single,27,0
340000,female,graduate,single,29,0
500000,male,graduate,single,38,0
420000,female,university,single,37,0
180000,female,graduate,single,32,0
120000,male,highschool,married,46,0
50000,female,university,married,49,0
150000,female,university,single,26,0
20000,female,graduate,single,22,0
150000,male,highschool,married,27,0
40000,male,university,single,27,1
180000,female,graduate,married,30,0
120000,female,university,single,43,1
420000,male,graduate,single,42,0
20000,female,graduate,single,29,0
120000,female,university,single,24,0
230000,female,university,married,27,0
50000,male,university,divorce,46,1
50000,female,university,married,36,0
320000,male,graduate,married,40,0
70000,female,university,single,23,1
280000,female,graduate,single,27,0
180000,male,graduate,married,48,0
50000,female,graduate,single,29,0
340000,female,university,single,25,0
200000,female,university,single,25,0
180000,female,university,single,28,0
50000,female,graduate,single,25,1
120000,female,university,single,31,0
360000,male,highschool,married,46,0
240000,male,university,married,50,0
70000,female,university,single,25,1
20000,female,highschool,divorce,41,0
190000,male,university,married,32,0
200000,female,university,married,38,0
410000,male,university,married,45,0
110000,male,graduate,single,27,0
210000,female,university,single,27,0
300000,male,graduate,married,42,0
390000,female,graduate,single,29,0
30000,male,university,married,51,1
20000,female,university,single,24,1
70000,female,university,single,23,0
70000,female,graduate,married,35,0
50000,male,graduate,single,25,1
30000,male,highschool,single,51,0
130000,male,graduate,single,33,0
130000,male,university,married,39,0
20000,male,university,married,38,1
30000,female,university,married,34,0
170000,female,university,single,26,0
120000,male,university,married,31,1
50000,male,graduate,single,42,0
130000,female,highschool,married,41,0
110000,female,highschool,single,32,0
80000,female,graduate,single,28,0
500000,female,university,single,32,0
180000,female,university,married,46,0
120000,female,highschool,married,58,1
20000,female,university,married,23,0
370000,male,university,single,30,1
50000,male,university,single,22,0
150000,male,graduate,married,51,0
80000,male,graduate,single,29,1
460000,female,graduate,single,28,0
50000,male,highschool,married,53,1
80000,female,university,single,25,0
260000,female,graduate,married,35,0
320000,male,graduate,single,32,0
50000,female,university,single,46,0
360000,female,graduate,married,55,0
50000,female,university,single,50,0
150000,male,university,married,30,0
70000,female,university,married,32,0
150000,female,graduate,single,27,0
50000,male,university,single,42,0
90000,female,university,single,23,0
100000,male,university,married,30,1
440000,female,graduate,single,34,0
250000,male,graduate,single,35,0
10000,female,highschool,married,55,1
80000,female,university,married,37,0
220000,female,graduate,married,54,0
40000,male,graduate,single,25,1
150000,male,university,single,28,0
20000,male,university,single,35,1
240000,female,university,married,41,1
200000,male,graduate,single,29,0
50000,female,graduate,single,23,0
180000,female,university,married,41,0
50000,male,university,married,25,1
20000,male,graduate,single,31,0
210000,female,graduate,married,39,0
500000,male,graduate,married,43,0
240000,female,graduate,single,30,1
30000,male,university,married,36,0
190000,male,graduate,married,42,0
10000,male,university,single,45,0
360000,male,university,single,34,0
80000,female,university,married,39,0
60000,male,university,married,40,1
100000,female,highschool,married,45,0
100000,female,graduate,single,28,0
10000,male,highschool,married,46,0
180000,male,university,single,24,0
280000,female,university,married,39,1
50000,female,university,single,37,0
380000,male,graduate,married,55,0
50000,female,university,married,42,0
150000,male,graduate,single,35,0
210000,female,graduate,single,35,0
30000,male,graduate,single,36,1
70000,female,highschool,single,43,1
80000,male,university,single,28,1
50000,female,university,married,44,0
480000,female,university,married,35,0
500000,female,university,married,38,0
170000,female,graduate,single,26,0
330000,female,graduate,single,29,0
30000,male,university,married,37,0
120000,female,university,married,36,0
80000,female,graduate,single,25,0
160000,male,university,married,31,0
110000,male,university,married,30,1
20000,female,university,married,36,1
140000,male,graduate,married,49,1
50000,male,graduate,single,30,0
20000,female,university,single,22,1
200000,female,university,single,29,1
320000,female,university,married,50,0
400000,female,highschool,married,42,0
250000,female,university,single,35,0
550000,female,graduate,single,34,1
300000,male,graduate,married,38,0
50000,female,university,married,34,0
160000,female,graduate,married,34,0
80000,male,graduate,single,25,0
280000,male,highschool,single,38,0
500000,female,highschool,single,35,1
340000,female,university,married,39,0
160000,female,university,married,42,0
120000,female,graduate,single,26,0
150000,male,graduate,single,28,0
110000,male,graduate,single,34,0
120000,female,university,single,28,1
110000,female,graduate,single,36,0
320000,female,university,married,36,0
50000,male,highschool,married,42,0
50000,female,university,married,38,0
90000,female,university,single,23,0
270000,female,graduate,married,40,0
50000,female,university,married,25,0
50000,male,university,married,47,0
360000,female,university,married,28,0
120000,female,university,married,26,0
290000,female,highschool,single,37,0
200000,male,highschool,married,36,0
110000,female,university,single,25,1
50000,male,university,single,39,0
150000,male,graduate,married,42,0
280000,female,graduate,single,32,0
310000,female,graduate,single,29,0
450000,male,university,single,32,0
40000,female,university,single,23,1
50000,female,university,single,38,0
290000,male,university,single,35,0
60000,male,highschool,married,39,0
20000,male,highschool,married,47,1
80000,female,university,married,27,0
100000,male,university,married,36,0
50000,male,graduate,married,37,1
250000,female,university,married,36,0
210000,female,graduate,single,34,1
280000,female,graduate,single,35,0
110000,female,university,single,35,0
60000,male,university,single,36,0
200000,male,graduate,married,40,0
30000,male,university,single,35,0
80000,male,graduate,single,26,0
50000,male,university,single,39,0
160000,female,graduate,married,39,0
130000,female,university,single,26,1
230000,female,university,single,35,0
260000,female,university,married,35,0
200000,male,university,married,54,0
420000,male,graduate,married,32,1
100000,female,graduate,single,22,1
100000,female,graduate,single,25,0
390000,male,graduate,single,34,0
80000,female,university,single,28,0
50000,male,highschool,married,45,0
90000,female,highschool,single,38,1
240000,female,university,married,56,0
50000,female,highschool,married,47,0
30000,female,university,single,21,0
200000,female,university,married,39,0
320000,female,highschool,single,40,1
90000,male,university,single,35,0
20000,female,highschool,married,23,1
80000,female,graduate,single,23,0
380000,female,university,married,36,0
300000,female,graduate,single,37,0
110000,male,university,single,51,0
100000,female,university,married,29,0
250000,female,graduate,married,39,0
250000,male,graduate,single,33,0
220000,male,graduate,single,30,0
20000,female,graduate,single,27,1
240000,female,other,married,34,0
210000,male,graduate,married,40,0
200000,female,university,single,26,0
120000,female,university,single,25,1
140000,male,highschool,single,26,0
30000,male,graduate,single,24,0
50000,female,highschool,married,52,0
240000,female,graduate,single,28,0
200000,female,university,married,46,0
490000,male,graduate,married,57,0
60000,female,graduate,single,36,1
300000,male,university,married,37,0
310000,female,graduate,single,36,0
360000,male,university,married,43,0
60000,female,university,single,23,1
120000,female,graduate,single,27,0
210000,male,university,single,26,0
50000,male,university,married,38,0
510000,female,other,married,34,0
10000,female,graduate,single,24,0
250000,female,graduate,single,36,0
210000,female,graduate,single,26,0
160000,male,other,single,46,0
80000,female,university,single,24,0
230000,male,graduate,single,28,0
30000,female,university,married,53,1
50000,female,university,married,29,1
190000,female,graduate,single,28,1
130000,female,university,married,46,0
140000,female,highschool,married,46,0
110000,male,university,single,29,0
20000,male,university,single,21,0
250000,female,graduate,married,32,0
360000,female,university,married,35,1
30000,female,graduate,single,21,0
50000,male,highschool,single,54,0
100000,female,university,married,29,0
150000,female,other,single,33,0
150000,female,graduate,single,30,0
200000,female,graduate,married,41,0
20000,male,graduate,single,40,0
310000,female,university,married,37,0
100000,female,graduate,single,26,0
50000,female,university,single,32,1
130000,female,university,single,24,0
100000,female,highschool,divorce,47,0
280000,male,graduate,single,28,0
200000,male,graduate,married,37,0
90000,male,graduate,married,34,1
150000,female,university,married,41,0
20000,female,university,single,42,1
360000,female,graduate,single,30,0
40000,female,university,married,28,1
240000,female,university,married,55,0
500000,female,graduate,married,36,0
20000,female,university,single,39,1
140000,male,university,single,44,1
100000,male,university,single,27,0
120000,female,graduate,single,32,0
100000,female,university,married,44,0
140000,female,university,single,33,0
210000,female,graduate,single,27,0
500000,female,graduate,single,35,1
110000,female,graduate,single,27,0
340000,female,graduate,single,30,0
330000,female,graduate,single,27,1
50000,female,university,single,34,0
10000,female,graduate,married,39,1
70000,male,highschool,married,42,0
450000,female,university,married,37,1
30000,female,university,married,33,0
150000,female,university,single,32,0
230000,female,university,married,37,1
30000,female,highschool,married,47,1
30000,male,graduate,single,30,0
20000,male,highschool,single,45,1
70000,female,highschool,divorce,51,0
50000,female,university,married,45,0
360000,female,graduate,married,46,0
400000,female,graduate,single,29,0
130000,female,highschool,married,36,0
130000,male,graduate,single,27,0
340000,female,graduate,married,40,0
270000,female,university,married,40,1
60000,female,university,single,38,1
130000,female,university,single,31,0
10000,male,highschool,single,22,0
160000,female,graduate,single,33,1
270000,female,graduate,married,33,0
80000,male,university,married,30,1
340000,female,graduate,married,39,0
360000,male,graduate,married,52,0
240000,male,graduate,single,43,0
50000,female,university,single,26,0
50000,male,highschool,married,23,0
180000,female,university,married,28,0
370000,female,graduate,married,31,0
60000,male,university,single,27,1
50000,male,university,single,25,0
50000,male,highschool,married,52,0
130000,female,graduate,single,29,0
500000,female,graduate,married,49,0
300000,male,graduate,single,27,0
120000,female,university,single,25,0
110000,female,university,married,25,0
220000,male,highschool,single,30,0
140000,female,university,single,26,0
30000,female,university,single,24,0
200000,female,university,single,35,0
350000,female,graduate,married,33,0
150000,male,university,single,42,0
20000,male,university,single,24,1
200000,female,graduate,married,56,0
20000,male,university,single,24,0
320000,male,graduate,married,35,0
100000,female,graduate,single,29,0
280000,female,graduate,single,28,1
50000,male,graduate,married,47,0
20000,male,graduate,single,23,0
160000,female,graduate,single,33,0
60000,male,highschool,single,23,0
150000,male,highschool,married,49,0
460000,male,graduate,single,34,0
500000,male,highschool,single,51,0
320000,male,university,married,34,0
200000,female,graduate,single,29,1
430000,female,university,married,28,0
150000,male,university,married,58,0
100000,female,university,single,28,0
30000,male,graduate,single,30,0
260000,female,highschool,married,31,0
40000,female,graduate,single,24,1
290000,male,university,single,34,1
140000,male,graduate,single,27,0
60000,female,university,single,22,1
210000,male,graduate,single,41,0
170000,female,graduate,single,28,0
370000,female,highschool,married,37,1
30000,male,graduate,single,23,0
360000,female,graduate,married,32,0
290000,male,university,single,43,0
50000,female,highschool,married,36,0
210000,female,highschool,married,27,0
170000,male,highschool,married,31,0
360000,male,graduate,married,40,0
90000,female,graduate,single,25,0
210000,male,highschool,married,44,1
160000,female,university,married,50,0
30000,female,university,single,22,0
80000,male,university,single,23,0
250000,female,university,married,36,0
60000,female,graduate,single,27,0
130000,male,graduate,single,30,0
180000,male,graduate,single,30,0
200000,male,graduate,single,27,0
210000,male,graduate,married,28,0
240000,female,graduate,single,30,0
460000,female,university,single,46,0
400000,female,graduate,married,38,0
20000,male,highschool,single,25,0
60000,female,university,married,37,0
110000,female,university,single,34,0
80000,female,highschool,single,26,1
50000,male,graduate,single,30,0
360000,female,graduate,single,28,0
70000,male,university,married,24,0
20000,female,university,single,22,0
200000,female,highschool,married,50,0
90000,female,highschool,married,46,0
30000,male,graduate,married,36,0
260000,female,graduate,married,44,1
50000,female,university,married,34,1
30000,female,university,married,25,0
20000,female,highschool,married,33,0
30000,male,university,married,33,1
290000,female,graduate,divorce,29,1
50000,male,graduate,single,26,1
60000,female,graduate,single,31,0
200000,male,graduate,single,34,1
50000,male,highschool,married,48,0
190000,female,graduate,single,29,0
70000,female,university,married,38,0
300000,male,graduate,single,31,0
400000,male,graduate,single,27,0
200000,female,graduate,married,46,1
560000,male,university,married,43,0
150000,female,university,married,37,0
300000,female,graduate,married,36,0
80000,female,university,married,24,0
150000,female,graduate,married,52,1
20000,female,university,married,29,0
50000,female,university,married,27,0
150000,female,university,single,23,0
140000,female,graduate,married,34,0
500000,female,graduate,married,52,0
90000,female,university,single,29,0
30000,male,university,single,28,1
50000,female,highschool,single,50,1
280000,female,university,single,32,0
390000,male,graduate,single,26,1
100000,female,university,single,27,1
200000,male,graduate,single,33,1
230000,female,university,single,41,0
20000,female,university,married,48,0
180000,male,graduate,single,40,0
10000,male,university,single,23,0
327680,male,highschool,single,42,1
100000,female,university,married,42,1
80000,female,university,married,41,0
250000,female,graduate,married,37,0
440000,female,graduate,single,34,0
140000,female,graduate,single,24,0
20000,female,university,single,50,0
50000,female,university,married,29,0
30000,female,university,married,29,0
210000,female,university,married,34,0
20000,male,university,single,28,0
150000,female,highschool,married,24,1
50000,male,graduate,single,23,0
210000,female,university,married,47,0
250000,female,highschool,married,49,1
130000,male,graduate,single,37,0
290000,male,graduate,married,38,1
150000,female,university,single,29,0
80000,female,highschool,single,28,0
50000,male,university,married,39,0
240000,male,university,married,49,0
90000,male,university,single,27,0
220000,male,graduate,single,38,0
170000,male,university,single,33,0
70000,male,graduate,single,26,0
160000,male,graduate,single,53,1
250000,female,graduate,single,29,0
70000,male,graduate,married,42,1
90000,female,university,single,27,1
50000,female,university,married,23,0
150000,female,graduate,single,30,1
20000,female,university,married,21,1
20000,female,graduate,single,23,0
50000,female,other,married,29,0
200000,male,graduate,married,31,0
200000,female,highschool,single,25,0
120000,female,university,single,52,0
270000,female,highschool,married,37,1
300000,female,graduate,single,31,0
400000,male,university,single,29,1
120000,male,highschool,married,24,0
130000,male,university,single,25,0
150000,male,university,married,30,0
200000,female,graduate,single,40,1
130000,male,university,married,49,0
120000,female,graduate,single,27,0
230000,female,university,single,32,0
50000,male,graduate,single,26,0
10000,female,highschool,married,49,1
360000,male,graduate,single,28,0
140000,female,graduate,single,24,0
50000,female,university,single,25,1
120000,female,university,married,44,0
500000,male,graduate,married,56,0
500000,male,graduate,single,33,0
10000,male,university,single,25,0
160000,female,highschool,married,39,0
60000,female,university,single,31,0
60000,female,university,married,40,0
160000,female,university,single,40,0
500000,female,graduate,single,40,0
360000,female,graduate,married,41,0
10000,male,university,single,27,1
30000,female,highschool,married,44,1
60000,female,university,single,26,0
80000,female,university,married,44,0
410000,male,university,married,37,0
70000,female,university,married,27,1
60000,female,highschool,single,47,1
80000,male,university,married,41,0
30000,male,highschool,single,38,0
110000,female,highschool,married,49,0
150000,female,university,married,30,1
30000,female,university,married,38,0
150000,male,highschool,married,38,0
50000,male,highschool,married,55,0
40000,male,university,divorce,41,0
70000,female,university,single,23,0
100000,male,graduate,married,46,1
10000,female,highschool,single,22,0
60000,male,highschool,single,29,0
100000,male,graduate,single,27,1
50000,female,university,single,29,0
10000,male,university,married,30,1
50000,female,graduate,married,54,1
10000,female,highschool,single,36,0
80000,male,university,single,36,0
50000,male,university,single,47,0
470000,male,graduate,single,27,0
530000,female,university,single,39,0
200000,female,graduate,married,34,1
20000,male,graduate,single,23,0
80000,female,highschool,single,24,0
150000,female,university,single,38,0
30000,female,university,married,41,1
170000,female,other,married,37,0
230000,female,highschool,married,30,0
170000,female,university,married,37,1
290000,male,highschool,married,47,0
170000,female,university,single,27,0
200000,female,graduate,single,26,0
80000,male,highschool,married,55,0
340000,female,university,single,32,1
110000,female,graduate,single,28,0
10000,male,university,single,36,0
80000,female,university,single,27,0
60000,female,university,divorce,28,0
340000,female,university,single,27,0
20000,male,graduate,married,54,0
500000,male,university,married,49,0
250000,female,graduate,married,53,0
50000,female,university,single,24,0
100000,male,graduate,divorce,48,1
280000,male,graduate,single,31,1
500000,male,graduate,married,41,0
20000,male,university,single,24,0
140000,female,university,single,24,0
250000,female,university,single,30,0
50000,male,graduate,single,27,0
70000,female,university,married,33,1
230000,female,university,married,27,0
500000,male,highschool,single,31,0
280000,female,graduate,married,40,0
160000,female,university,married,40,0
50000,female,university,married,32,0
500000,female,graduate,married,38,0
290000,female,university,single,24,0
100000,male,highschool,single,29,0
480000,male,graduate,married,61,0
110000,female,highschool,single,33,0
350000,female,graduate,single,24,1
70000,male,university,divorce,34,0
290000,male,university,married,38,0
210000,female,university,single,34,0
240000,male,graduate,married,38,0
260000,female,university,married,49,0
80000,male,university,single,27,0
50000,male,university,married,38,0
10000,male,highschool,single,28,1
50000,female,other,married,45,0
200000,female,university,married,39,0
400000,female,university,married,39,0
210000,female,graduate,married,37,1
500000,male,graduate,single,42,1
60000,male,highschool,married,55,0
150000,female,university,single,25,0
60000,female,graduate,single,26,0
450000,male,other,married,35,0
430000,female,university,married,42,1
50000,female,university,single,30,0
80000,female,university,single,23,0
200000,male,highschool,married,36,1
60000,female,university,single,25,0
50000,male,university,married,48,0
150000,female,graduate,married,35,0
200000,female,graduate,single,26,0
80000,male,university,married,29,1
30000,female,university,divorce,41,0
200000,female,university,single,33,0
170000,female,graduate,single,30,0
130000,male,university,married,52,0
180000,female,university,single,28,0
160000,male,graduate,single,27,0
20000,female,highschool,single,29,0
250000,male,graduate,single,42,0
150000,male,graduate,single,28,0
180000,male,graduate,married,35,0
120000,male,graduate,single,27,0
430000,female,graduate,married,42,0
200000,male,graduate,married,38,0
20000,female,highschool,single,38,0
370000,female,graduate,married,42,0
30000,female,highschool,single,25,0
180000,female,graduate,single,25,0
360000,male,graduate,married,48,0
260000,female,graduate,single,33,0
200000,female,graduate,single,25,0
50000,female,university,married,39,0
50000,female,university,single,22,1
270000,male,graduate,single,33,0
10000,female,university,single,22,1
390000,male,graduate,married,38,0
350000,female,graduate,married,50,0
350000,male,graduate,married,40,0
300000,male,university,single,33,0
50000,male,university,single,38,0
250000,female,graduate,married,35,0
360000,male,graduate,single,33,0
180000,female,graduate,married,42,0
150000,male,other,married,41,0
250000,female,university,married,35,0
200000,male,highschool,single,29,0
260000,female,graduate,married,46,1
150000,female,graduate,single,52,1
400000,female,graduate,single,36,0
20000,male,university,married,32,0
90000,female,highschool,single,25,0
200000,male,highschool,married,34,0
70000,female,graduate,single,27,0
80000,male,university,married,49,0
240000,male,graduate,single,43,0
200000,female,graduate,single,28,0
270000,female,graduate,single,29,0
210000,female,graduate,married,32,0
140000,male,university,single,24,1
120000,male,highschool,married,36,0
130000,female,graduate,married,36,1
70000,female,highschool,other,34,0
80000,male,university,single,24,0
170000,male,graduate,married,38,1
300000,female,graduate,single,33,0
380000,male,graduate,married,37,0
110000,female,graduate,single,26,0
80000,female,graduate,single,24,0
20000,male,university,single,30,0
200000,male,graduate,single,28,0
360000,male,highschool,married,62,0
170000,female,university,single,50,0
500000,female,graduate,married,46,0
50000,female,university,single,24,0
50000,male,highschool,married,52,0
80000,female,highschool,married,26,0
50000,male,graduate,single,31,0
30000,female,university,single,23,1
30000,male,university,married,41,0
20000,male,highschool,single,23,1
500000,male,graduate,single,29,0
170000,female,highschool,married,42,0
20000,female,graduate,single,23,0
90000,male,highschool,single,50,0
230000,male,graduate,married,35,1
210000,female,university,single,35,0
20000,male,university,single,23,0
60000,female,university,married,48,0
300000,female,university,married,29,0
50000,male,graduate,single,30,0
50000,male,university,single,35,1
500000,male,graduate,married,61,0
490000,male,graduate,single,30,0
110000,female,highschool,married,29,0
360000,female,university,married,27,1
80000,female,university,married,42,0
180000,female,graduate,single,27,1
180000,female,graduate,single,27,0
70000,female,university,single,22,0
140000,male,university,single,26,0
340000,female,graduate,single,30,0
70000,female,university,single,36,1
300000,male,graduate,single,34,1
20000,female,university,single,23,1
170000,female,university,married,42,0
280000,female,graduate,married,44,0
90000,female,highschool,single,50,0
160000,female,university,single,27,1
300000,female,graduate,single,46,1
60000,male,graduate,married,38,1
210000,male,graduate,married,46,0
130000,female,university,married,29,0
160000,female,graduate,single,35,0
20000,female,graduate,single,37,1
240000,female,university,married,40,0
340000,female,graduate,married,38,0
150000,male,graduate,married,42,0
180000,male,graduate,married,46,0
300000,female,graduate,single,26,0
180000,male,university,married,44,0
50000,female,university,single,22,0
50000,female,highschool,married,55,0
340000,male,graduate,married,37,0
190000,male,graduate,single,31,1
180000,female,graduate,married,43,0
20000,male,highschool,single,28,1
450000,male,university,single,29,0
100000,female,graduate,single,30,0
80000,male,university,single,26,0
10000,male,highschool,single,36,1
20000,female,university,single,22,0
260000,female,university,married,53,1
150000,male,highschool,married,52,1
500000,female,graduate,single,34,0
110000,female,graduate,married,46,0
160000,male,university,married,32,0
200000,female,university,single,36,0
190000,female,graduate,married,45,0
180000,female,graduate,single,28,1
50000,female,graduate,single,25,1
100000,male,highschool,married,54,0
130000,female,university,single,29,1
120000,male,university,married,58,0
340000,female,highschool,single,37,0
20000,male,university,single,22,0
30000,male,university,married,34,1
250000,male,university,married,44,0
70000,female,university,single,25,0
50000,female,university,divorce,47,0
280000,male,graduate,married,60,0
500000,female,university,married,46,0
140000,female,university,married,50,0
200000,female,university,single,31,0
50000,male,university,married,36,1
320000,male,graduate,married,58,0
50000,female,highschool,married,59,0
30000,male,university,divorce,49,0
100000,female,graduate,single,25,0
340000,male,university,single,44,1
350000,female,university,married,38,0
20000,male,university,single,24,1
110000,male,graduate,single,26,0
290000,female,university,single,29,0
40000,male,university,single,26,1
120000,male,other,married,39,1
190000,male,graduate,married,55,0
150000,female,university,single,23,0
300000,female,graduate,single,42,0
240000,female,university,married,32,0
60000,female,university,married,33,1
150000,male,university,single,29,0
80000,female,highschool,single,47,0
160000,female,university,married,43,0
200000,male,graduate,married,30,0
90000,male,university,married,42,0
360000,male,university,married,38,0
350000,female,university,married,38,0
30000,female,highschool,married,51,0
40000,male,highschool,single,23,0
160000,male,university,single,24,0
200000,male,university,single,40,0
330000,male,graduate,single,33,0
500000,male,graduate,married,47,0
500000,female,university,married,28,0
460000,female,graduate,married,54,0
120000,female,graduate,single,27,0
130000,female,university,married,45,0
20000,male,graduate,single,22,0
170000,male,graduate,married,41,0
50000,female,graduate,married,29,0
50000,male,university,married,36,1
50000,male,highschool,married,43,0
220000,female,graduate,single,36,0
260000,female,highschool,single,38,0
500000,female,graduate,married,54,0
20000,female,university,single,25,0
20000,male,highschool,single,40,1
80000,male,university,single,25,0
500000,male,university,married,35,0
160000,male,graduate,single,27,1
200000,male,university,single,27,0
50000,female,graduate,married,34,0
20000,male,university,single,25,1
170000,female,university,married,38,0
10000,male,graduate,single,23,1
20000,female,highschool,single,28,1
150000,female,university,single,29,0
470000,female,graduate,married,47,0
200000,female,graduate,married,32,0
130000,female,graduate,single,27,0
70000,female,highschool,single,40,0
270000,female,university,married,34,0
150000,male,highschool,single,27,1
240000,female,graduate,married,41,0
100000,female,university,married,60,0
200000,male,graduate,married,40,1
220000,male,graduate,single,33,0
70000,male,highschool,married,69,1
260000,male,university,single,44,0
180000,female,graduate,single,29,0
210000,female,highschool,single,35,0
130000,female,university,married,36,0
320000,female,university,married,39,0
30000,female,university,single,27,1
50000,female,university,single,25,0
380000,female,university,single,27,0
20000,female,university,single,22,1
50000,male,university,single,31,0
140000,female,graduate,single,28,0
150000,female,highschool,married,46,1
370000,male,graduate,single,36,1
100000,female,graduate,married,41,0
100000,male,highschool,single,27,0
50000,male,university,married,29,1
400000,female,graduate,single,33,0
250000,female,graduate,married,43,0
150000,female,highschool,married,45,0
120000,male,highschool,single,37,1
260000,female,graduate,single,31,0
90000,female,university,single,23,0
130000,male,graduate,married,39,0
50000,female,university,single,29,1
120000,female,university,married,29,1
140000,male,highschool,single,33,0
170000,female,graduate,single,34,0
330000,female,highschool,single,31,0
210000,male,university,married,33,1
300000,male,graduate,married,39,1
130000,female,university,married,39,0
360000,female,graduate,single,29,0
150000,male,university,single,26,0
90000,female,university,single,33,1
260000,female,graduate,married,61,0
30000,female,highschool,married,21,1
80000,female,university,married,45,0
500000,female,graduate,married,33,0
20000,female,university,married,33,0
60000,male,highschool,single,36,0
210000,male,university,single,37,0
50000,male,graduate,single,24,1
350000,male,university,single,32,0
200000,male,university,single,37,0
280000,female,graduate,single,28,0
230000,male,graduate,married,41,0
200000,female,graduate,married,35,1
220000,female,graduate,married,32,0
160000,female,university,single,30,0
200000,female,university,single,29,0
60000,female,university,married,45,0
60000,female,highschool,married,33,0
380000,male,graduate,married,36,0
240000,male,graduate,married,38,0
70000,female,university,single,30,0
180000,female,highschool,married,33,0
150000,female,university,single,42,0
140000,male,graduate,single,34,1
200000,male,university,single,25,1
130000,female,graduate,single,24,1
180000,female,university,married,30,0
50000,female,university,single,30,0
80000,female,university,single,24,0
40000,female,university,married,23,0
210000,female,graduate,married,36,0
150000,female,graduate,single,29,0
280000,female,graduate,single,62,1
100000,male,university,single,28,0
100000,male,university,married,33,1
50000,male,highschool,single,23,1
150000,female,highschool,married,25,0
20000,male,graduate,single,40,0
270000,female,graduate,married,50,0
20000,female,university,married,28,1
50000,female,graduate,single,28,1
250000,male,university,married,53,0
80000,female,graduate,single,33,0
400000,male,university,married,40,1
50000,male,graduate,single,35,0
50000,female,university,married,53,0
50000,female,graduate,married,34,0
280000,female,university,married,44,0
240000,female,graduate,single,29,1
30000,female,university,married,27,1
250000,male,graduate,single,29,0
150000,female,graduate,divorce,55,0
60000,female,university,single,23,0
50000,male,university,married,35,0
160000,male,university,married,33,0
100000,male,university,married,44,0
70000,male,graduate,single,31,0
200000,female,university,single,35,0
500000,female,graduate,single,51,0
180000,female,graduate,single,28,0
30000,male,graduate,single,31,0
360000,male,graduate,married,51,0
150000,male,graduate,single,36,0
80000,male,university,single,26,1
150000,female,graduate,single,25,0
230000,male,university,married,50,0
100000,female,university,single,36,0
60000,female,highschool,married,36,1
50000,male,graduate,single,23,0
20000,male,university,single,22,1
290000,female,graduate,single,30,0
110000,male,graduate,single,29,0
50000,female,university,single,22,0
230000,female,university,married,43,1
50000,male,university,single,30,1
150000,female,university,single,26,0
20000,male,university,married,40,1
90000,female,highschool,married,45,1
60000,female,graduate,single,26,0
80000,male,graduate,single,26,0
280000,male,university,married,25,0
230000,female,graduate,married,36,0
100000,female,highschool,single,58,0
80000,female,graduate,single,24,0
60000,female,university,married,41,0
70000,male,university,married,35,0
110000,female,university,married,49,0
60000,male,university,single,26,0
110000,male,university,single,26,0
120000,male,highschool,married,54,0
280000,female,university,single,43,0
50000,female,university,single,23,0
20000,female,graduate,single,22,0
240000,female,graduate,single,30,0
50000,male,university,single,22,0
200000,female,university,single,27,0
320000,male,university,single,28,0
20000,male,university,married,56,1
50000,male,university,single,44,1
180000,male,university,married,41,1
80000,male,graduate,married,28,0
240000,female,university,married,48,1
260000,female,university,single,28,0
80000,female,graduate,married,40,0
80000,male,university,married,40,1
100000,male,university,married,47,0
20000,male,university,married,64,1
130000,female,university,single,31,0
120000,female,university,married,28,0
90000,female,university,married,35,0
180000,female,university,single,25,0
80000,female,graduate,single,32,0
130000,male,university,married,45,1
230000,female,graduate,single,26,0
130000,female,graduate,single,26,1
190000,male,university,single,33,0
210000,female,graduate,single,31,0
20000,female,highschool,married,52,0
20000,male,graduate,single,23,0
280000,female,university,single,30,0
500000,female,graduate,married,47,0
230000,male,graduate,married,39,1
130000,male,university,married,31,1
660000,male,graduate,single,40,0
350000,female,highschool,married,50,0
40000,male,highschool,single,24,1
50000,female,highschool,married,33,1
20000,male,university,married,43,1
80000,female,university,married,35,0
50000,female,university,single,23,0
290000,male,university,married,40,0
80000,female,graduate,single,27,0
230000,male,highschool,single,29,0
30000,female,university,married,29,0
200000,female,graduate,single,29,0
50000,female,university,single,26,1
50000,male,university,married,57,0
200000,female,graduate,married,48,0
20000,male,university,single,23,0
50000,female,highschool,single,48,0
90000,male,graduate,single,31,1
30000,female,university,single,23,0
80000,female,university,single,30,0
20000,male,university,single,31,0
50000,female,graduate,single,30,0
100000,male,graduate,single,33,0
210000,female,graduate,single,28,0
500000,female,graduate,married,38,0
30000,male,university,single,25,1
160000,female,university,married,41,1
180000,female,graduate,single,28,0
490000,female,graduate,married,37,0
50000,male,graduate,single,29,0
130000,male,graduate,single,27,0
50000,female,university,single,34,1
200000,female,graduate,married,58,0
50000,female,graduate,single,27,1
180000,female,graduate,single,33,0
500000,female,graduate,single,39,1
210000,female,university,married,46,1
20000,male,graduate,single,35,1
190000,female,university,divorce,29,0
140000,male,highschool,single,29,0
20000,male,highschool,single,51,1
420000,female,graduate,single,29,0
180000,female,graduate,single,29,0
290000,male,university,single,28,0
190000,female,graduate,single,40,0
360000,male,graduate,married,39,0
20000,male,university,married,53,1
260000,female,university,married,32,0
20000,male,highschool,married,55,0
50000,male,highschool,married,52,0
250000,male,graduate,married,55,0
30000,female,university,married,26,0
460000,male,university,single,30,0
80000,male,university,single,26,0
60000,female,university,married,35,0
80000,female,university,single,26,0
90000,female,university,married,28,1
50000,female,university,single,34,0
50000,male,highschool,single,50,0
360000,female,graduate,married,41,1
360000,female,graduate,married,49,0
230000,female,graduate,single,29,0
240000,female,university,married,39,0
110000,female,university,married,27,0
210000,female,university,married,28,1
300000,female,graduate,single,28,0
200000,male,highschool,married,65,0
220000,male,university,single,29,0
90000,female,highschool,married,45,0
210000,female,university,married,44,0
500000,male,graduate,single,31,0
160000,female,graduate,single,33,0
140000,female,graduate,married,47,0
120000,female,graduate,married,42,0
80000,male,university,single,46,0
240000,female,university,married,38,0
170000,female,graduate,single,30,0
30000,male,university,single,38,0
260000,female,graduate,married,31,0
400000,male,graduate,married,34,0
500000,female,university,married,31,0
100000,female,graduate,single,32,1
240000,male,graduate,married,39,0
10000,male,highschool,married,53,0
80000,female,university,married,36,0
60000,male,university,single,28,0
200000,female,graduate,single,38,0
260000,female,university,single,41,1
260000,female,university,married,39,1
260000,male,graduate,single,30,0
300000,male,graduate,married,34,0
310000,female,university,single,27,0
140000,female,graduate,married,32,0
200000,female,university,married,50,1
230000,male,university,married,39,0
50000,male,university,single,27,0
180000,female,university,married,29,0
100000,male,graduate,single,26,0
80000,female,university,married,49,1
350000,female,graduate,single,39,0
140000,female,university,single,32,1
360000,female,graduate,single,29,0
10000,male,other,single,47,0
130000,female,graduate,single,25,0
320000,male,graduate,married,41,0
180000,female,university,married,34,1
180000,female,graduate,married,39,0
150000,female,university,married,39,1
80000,male,university,single,27,0
70000,male,graduate,single,50,0
150000,male,university,married,66,0
480000,female,highschool,married,36,0
50000,female,highschool,single,45,0
100000,female,graduate,single,28,1
50000,female,highschool,single,26,0
280000,male,graduate,single,28,0
20000,female,university,married,48,0
30000,male,highschool,married,50,1
70000,female,university,married,38,0
30000,male,highschool,single,59,0
200000,female,graduate,married,64,0
210000,male,graduate,single,30,0
210000,female,graduate,married,66,0
470000,male,graduate,married,39,0
50000,male,university,single,38,0
240000,female,university,married,37,0
60000,male,highschool,married,38,1
100000,female,university,married,33,0
200000,female,university,single,25,0
130000,male,graduate,married,58,0
50000,male,university,single,24,0
300000,female,graduate,single,34,1
210000,male,graduate,single,32,0
70000,male,graduate,single,27,0
100000,female,highschool,single,49,0
30000,female,university,married,25,0
200000,male,graduate,single,30,0
360000,male,university,married,36,0
20000,male,university,single,24,1
150000,female,graduate,single,32,1
750000,female,graduate,single,28,0
100000,male,university,single,24,0
300000,male,university,married,36,1
90000,female,university,single,55,0
50000,male,university,single,28,0
120000,female,university,married,48,0
120000,female,university,married,39,0
30000,male,university,married,42,1
220000,male,university,married,43,0
180000,female,university,single,31,1
20000,male,highschool,single,52,1
140000,female,university,single,26,0
400000,female,university,married,46,0
180000,female,graduate,single,27,0
340000,female,university,married,36,0
250000,male,highschool,single,46,0
50000,female,university,married,50,0
220000,female,graduate,single,24,0
400000,male,university,single,35,0
320000,female,graduate,married,37,0
260000,female,university,married,40,0
350000,male,graduate,married,42,0
30000,male,university,single,34,0
10000,male,university,single,24,1
50000,female,university,single,23,0
30000,female,highschool,single,23,0
350000,male,graduate,single,35,0
410000,male,graduate,married,37,0
130000,female,highschool,married,35,0
80000,female,highschool,single,28,0
380000,female,university,married,51,0
320000,female,graduate,married,42,0
20000,male,graduate,single,23,1
50000,male,university,single,32,0
30000,male,university,single,25,0
50000,male,university,single,24,0
50000,male,university,single,41,0
50000,male,university,married,51,0
200000,male,graduate,single,27,0
80000,male,university,single,29,0
20000,female,highschool,divorce,53,0
180000,female,university,single,28,0
230000,female,graduate,single,33,0
180000,female,university,single,33,0
90000,female,university,single,23,1
20000,male,university,single,23,1
100000,male,university,single,32,1
60000,male,highschool,single,44,0
130000,female,university,single,35,1
50000,female,university,married,55,1
70000,female,graduate,single,23,0
360000,female,university,single,53,0
20000,male,graduate,single,22,1
20000,male,highschool,single,34,1
440000,female,highschool,single,36,0
400000,male,graduate,married,41,0
170000,female,graduate,single,29,0
200000,male,university,married,32,0
220000,female,graduate,married,41,0
280000,female,university,married,31,0
360000,male,graduate,single,29,0
20000,male,university,married,51,0
290000,female,graduate,married,44,0
380000,female,university,married,33,0
180000,male,graduate,single,28,0
120000,female,graduate,single,26,0
50000,female,university,single,27,0
20000,male,graduate,married,48,1
20000,male,university,single,25,0
170000,female,university,single,29,0
180000,female,university,single,24,0
200000,male,graduate,single,36,0
200000,male,university,married,55,1
360000,female,graduate,single,26,1
10000,female,university,single,26,0
60000,female,university,married,60,0
40000,female,university,married,24,1
100000,male,university,single,39,0
50000,female,university,single,23,0
300000,male,graduate,single,29,0
110000,male,highschool,single,29,1
120000,male,graduate,married,37,0
150000,male,university,married,45,0
230000,female,university,single,30,0
180000,female,university,married,35,0
320000,female,university,single,33,0
80000,female,graduate,single,23,0
160000,female,graduate,single,29,0
50000,female,university,single,23,1
180000,male,university,single,26,0
110000,male,highschool,single,26,0
150000,male,graduate,single,32,0
210000,female,highschool,married,52,0
10000,male,university,single,43,1
30000,female,university,single,22,0
450000,female,graduate,single,36,1
110000,female,graduate,single,25,0
270000,female,university,married,37,0
50000,female,highschool,married,46,0
100000,female,highschool,divorce,43,0
360000,female,university,single,30,0
110000,female,university,married,32,1
180000,female,highschool,single,55,0
230000,female,graduate,married,34,0
20000,female,highschool,married,41,0
50000,female,graduate,single,22,1
10000,male,highschool,single,31,0
320000,male,graduate,married,46,0
280000,female,graduate,single,26,0
20000,male,university,married,28,0
70000,male,university,single,36,0
80000,female,university,single,36,0
200000,female,graduate,single,25,0
30000,male,university,single,24,0
100000,female,university,married,41,1
110000,male,graduate,single,26,0
300000,female,graduate,married,33,0
300000,female,university,married,31,0
340000,female,graduate,single,29,0
270000,male,graduate,married,37,1
100000,male,university,single,26,0
50000,male,graduate,married,33,0
360000,female,university,married,40,0
90000,female,university,married,49,0
140000,male,university,married,42,0
150000,female,graduate,single,28,0
50000,male,highschool,single,34,0
30000,female,highschool,single,26,1
230000,female,university,married,54,0
240000,female,university,married,40,1
200000,female,graduate,married,44,0
330000,male,university,married,42,0
110000,male,graduate,married,29,0
200000,female,highschool,married,54,0
50000,female,university,divorce,46,0
70000,female,graduate,single,27,0
360000,female,university,married,59,1
50000,female,university,single,54,1
80000,female,highschool,single,28,0
200000,female,university,married,69,0
50000,male,university,single,27,1
30000,male,graduate,single,27,0
390000,female,graduate,single,31,1
380000,female,graduate,married,42,1
20000,female,university,married,46,1
80000,female,university,single,31,1
50000,female,university,married,49,0
50000,female,graduate,married,25,0
200000,male,university,single,44,0
100000,male,highschool,single,28,1
180000,male,graduate,single,31,0
120000,female,university,single,27,0
390000,female,university,single,31,0
250000,female,university,married,37,0
350000,male,university,married,47,1
70000,female,university,single,30,0
210000,female,graduate,single,33,0
180000,male,graduate,single,29,0
80000,male,graduate,single,25,1
120000,female,highschool,single,26,0
210000,female,graduate,married,23,1
20000,male,university,married,38,0
150000,female,graduate,married,38,1
390000,male,graduate,married,38,0
310000,female,graduate,single,36,0
230000,female,graduate,single,27,0
90000,female,university,married,51,0
140000,male,graduate,single,29,0
150000,female,graduate,single,28,0
130000,male,university,single,27,0
210000,female,graduate,single,27,0
100000,female,graduate,single,25,0
150000,male,other,married,36,0
200000,female,graduate,single,29,0
80000,female,university,single,27,0
230000,male,graduate,single,27,0
50000,male,university,divorce,37,0
260000,female,university,single,33,0
110000,male,university,single,23,0
20000,male,highschool,married,56,0
360000,female,university,married,42,0
160000,male,graduate,married,36,0
10000,male,university,single,35,0
150000,male,graduate,married,31,1
500000,male,graduate,married,35,1
500000,male,graduate,married,69,0
360000,female,university,single,28,0
50000,female,graduate,single,28,0
270000,female,graduate,married,35,0
10000,female,highschool,married,58,0
30000,female,university,married,29,0
80000,female,highschool,married,30,0
360000,female,university,married,27,0
120000,female,graduate,single,26,0
400000,female,university,single,35,1
500000,female,university,single,26,0
140000,male,highschool,married,54,0
110000,male,university,single,27,0
30000,male,university,single,34,0
140000,female,graduate,married,56,0
150000,female,highschool,married,39,0
280000,male,highschool,married,37,1
20000,male,highschool,married,45,0
340000,female,highschool,married,36,0
60000,male,university,single,25,1
20000,male,graduate,married,62,0
50000,female,graduate,single,25,0
200000,female,university,married,35,0
180000,female,graduate,single,30,0
240000,female,graduate,married,34,0
360000,male,university,single,32,0
50000,female,university,married,26,0
100000,male,highschool,single,50,0
80000,female,highschool,single,26,1
50000,female,highschool,married,32,1
420000,female,highschool,single,27,1
190000,female,graduate,married,35,0
180000,female,university,married,33,0
40000,female,graduate,single,22,1
50000,male,university,single,43,1
10000,male,university,single,23,1
200000,female,graduate,single,39,0
120000,male,highschool,married,39,0
100000,female,university,married,48,0
100000,female,graduate,single,24,0
360000,male,graduate,single,29,0
100000,female,university,married,28,1
290000,female,university,married,49,1
240000,male,graduate,single,34,0
290000,female,university,married,37,0
500000,female,university,single,33,0
50000,male,university,married,32,1
220000,female,university,single,30,0
20000,male,university,married,44,1
420000,female,university,married,36,0
100000,female,graduate,single,29,0
230000,female,graduate,married,43,1
50000,female,university,married,53,1
70000,male,graduate,married,42,0
180000,male,graduate,single,31,0
90000,male,graduate,single,27,0
50000,male,university,single,24,0
50000,female,highschool,single,22,0
60000,female,graduate,single,26,0
50000,female,highschool,single,41,1
300000,female,graduate,married,58,0
30000,female,graduate,single,36,1
10000,male,graduate,single,25,0
70000,male,graduate,single,30,0
160000,male,university,single,32,0
260000,male,university,single,30,0
360000,male,graduate,single,39,0
60000,female,highschool,married,30,0
180000,female,university,single,39,0
40000,female,university,single,23,1
160000,male,university,single,36,0
610000,female,graduate,single,35,0
50000,female,highschool,single,35,0
320000,male,graduate,married,48,1
150000,male,graduate,single,29,0
170000,male,graduate,married,36,0
500000,male,university,married,53,0
200000,male,university,married,57,0
290000,female,graduate,single,27,0
40000,female,university,single,53,0
300000,female,graduate,single,30,0
50000,male,highschool,single,32,1
20000,male,university,single,29,0
30000,female,university,married,22,0
140000,male,university,single,34,0
80000,male,university,married,32,0
260000,female,university,single,35,0
130000,female,graduate,single,27,1
380000,female,highschool,single,39,0
200000,male,university,married,36,0
50000,female,highschool,married,46,0
50000,male,graduate,single,25,0
90000,female,university,married,26,0
20000,male,graduate,single,25,1
140000,female,university,married,26,0
30000,male,highschool,divorce,45,0
230000,male,graduate,single,28,0
100000,male,highschool,married,36,1
240000,female,graduate,single,46,0
200000,male,graduate,married,36,1
80000,male,graduate,single,26,0
360000,male,graduate,married,56,0
150000,male,university,single,37,0
130000,male,university,single,27,0
30000,female,university,married,56,0
250000,male,graduate,single,33,0
500000,male,graduate,married,42,1
30000,male,university,divorce,43,1
390000,male,graduate,married,41,1
390000,female,graduate,single,27,0
360000,male,university,single,37,0
90000,female,university,married,25,0
100000,female,highschool,married,35,0
30000,male,highschool,married,31,0
160000,male,highschool,single,25,0
20000,male,graduate,single,26,0
240000,female,graduate,single,36,0
80000,male,graduate,single,26,1
30000,female,university,single,22,0
150000,male,university,married,45,0
160000,female,university,single,28,0
20000,female,graduate,married,58,0
230000,male,graduate,married,45,0
100000,female,university,married,46,0
420000,male,university,single,39,0
480000,female,university,married,37,0
10000,male,highschool,married,37,1
180000,female,highschool,married,41,1
200000,male,graduate,single,32,0
140000,male,university,single,36,1
20000,female,graduate,married,23,0
80000,female,graduate,single,39,0
10000,female,university,married,29,1
50000,male,university,married,35,1
340000,male,highschool,single,38,0
330000,female,university,single,39,0
230000,female,graduate,married,47,0
360000,male,graduate,single,40,0
30000,female,highschool,divorce,48,0
500000,male,graduate,single,42,1
200000,male,graduate,married,42,0
50000,female,university,married,55,1
240000,female,highschool,single,36,1
290000,female,graduate,married,45,0
20000,female,highschool,single,24,1
60000,female,highschool,single,49,0
160000,male,university,single,24,0
200000,female,graduate,single,31,0
70000,female,university,married,33,0
140000,male,graduate,single,35,0
460000,male,graduate,married,44,0
160000,female,university,single,36,0
200000,female,university,married,40,0
80000,female,highschool,single,55,0
310000,female,graduate,married,47,0
290000,female,university,married,29,1
120000,male,graduate,single,27,0
20000,male,highschool,single,31,0
90000,male,graduate,single,29,0
60000,male,graduate,married,60,0
260000,male,university,married,39,1
180000,female,university,single,30,0
50000,male,highschool,single,41,0
50000,male,highschool,married,40,0
50000,male,highschool,single,53,0
200000,female,graduate,single,32,0
170000,male,university,married,35,0
50000,female,graduate,single,22,0
440000,male,highschool,married,47,1
100000,male,university,married,28,0
50000,male,highschool,single,49,1
220000,male,graduate,married,47,0
150000,female,highschool,single,43,0
20000,male,graduate,single,28,0
160000,female,university,married,39,0
50000,male,graduate,single,28,0
130000,female,highschool,married,40,0
20000,male,university,single,36,1
200000,female,university,married,34,0
20000,female,graduate,single,22,0
300000,female,graduate,married,39,0
120000,female,graduate,single,25,1
360000,female,graduate,single,27,0
140000,male,graduate,divorce,59,0
210000,female,university,single,25,1
200000,male,graduate,single,30,0
130000,female,graduate,single,28,1
240000,female,university,married,48,1
80000,male,highschool,married,65,0
500000,female,graduate,single,36,1
320000,male,graduate,married,46,1
210000,female,graduate,single,56,0
200000,female,university,married,42,1
50000,male,graduate,single,37,0
340000,female,graduate,married,38,0
240000,male,university,married,62,0
240000,female,graduate,single,28,0
50000,male,university,married,40,0
50000,male,highschool,married,55,0
20000,female,university,single,45,1
510000,male,graduate,married,35,0
220000,female,graduate,single,25,0
220000,female,university,single,30,0
60000,male,graduate,single,37,0
40000,female,university,single,26,1
50000,male,graduate,single,64,0
360000,female,graduate,married,46,1
120000,male,graduate,married,51,1
20000,male,highschool,single,23,0
30000,male,university,married,33,0
110000,female,graduate,single,29,0
170000,female,university,single,31,0
180000,male,university,married,48,0
50000,female,university,single,23,0
180000,female,graduate,single,28,0
80000,female,university,married,50,0
20000,female,graduate,married,34,0
30000,female,highschool,married,57,0
80000,male,university,single,28,0
200000,male,graduate,married,53,0
120000,female,university,married,42,0
160000,female,other,married,52,0
500000,female,graduate,married,44,0
50000,female,university,single,22,0
50000,female,university,married,39,0
200000,male,graduate,single,41,0
30000,male,university,single,25,1
190000,female,university,married,33,0
120000,female,university,married,41,0
30000,female,highschool,single,39,0
30000,female,highschool,single,27,0
310000,male,graduate,single,33,0
30000,female,university,married,31,1
440000,male,graduate,single,52,1
50000,female,graduate,single,27,1
70000,male,university,single,38,0
260000,female,graduate,single,31,0
320000,male,graduate,married,46,0
210000,female,university,married,34,0
280000,female,graduate,married,29,0
140000,male,graduate,single,32,0
20000,female,highschool,single,22,0
340000,male,graduate,single,25,1
70000,female,highschool,divorce,39,0
120000,female,graduate,married,50,0
60000,female,university,single,24,0
30000,male,highschool,single,29,0
30000,male,university,single,29,0
80000,male,graduate,married,25,1
50000,male,university,married,49,0
100000,male,highschool,single,37,0
60000,male,university,married,35,0
10000,female,university,single,23,1
280000,female,graduate,married,41,0
250000,female,highschool,single,47,0
40000,male,university,married,48,0
30000,female,graduate,single,25,0
50000,male,graduate,married,57,0
70000,female,highschool,single,29,0
130000,female,university,married,28,0
60000,female,university,single,24,0
200000,female,university,married,29,0
100000,female,graduate,single,33,0
190000,female,university,single,30,1
20000,male,highschool,married,36,1
230000,male,graduate,single,42,1
90000,female,university,single,26,0
240000,female,graduate,single,29,0
20000,female,university,single,23,1
20000,female,highschool,single,22,1
50000,female,graduate,single,24,0
230000,female,university,single,40,0
430000,female,university,married,41,0
50000,male,university,married,34,0
230000,male,university,single,32,0
240000,female,other,single,36,0
120000,female,graduate,single,30,1
280000,female,university,married,26,0
500000,male,graduate,single,29,0
260000,male,university,married,53,0
140000,female,graduate,single,31,0
310000,female,highschool,single,28,0
50000,female,highschool,married,36,0
50000,female,highschool,married,35,0
30000,female,highschool,single,29,1
200000,male,graduate,married,43,0
80000,female,highschool,single,33,0
310000,female,highschool,single,36,0
220000,female,university,single,26,0
80000,female,university,single,26,0
500000,female,graduate,single,38,0
100000,female,graduate,married,37,0
200000,male,graduate,married,37,1
20000,male,university,single,39,0
20000,female,university,married,28,0
80000,male,university,single,38,0
110000,male,university,single,29,0
100000,male,university,married,38,0
400000,male,other,married,30,0
320000,male,graduate,married,40,0
180000,male,university,single,28,0
180000,female,university,single,27,0
30000,female,university,single,22,1
30000,male,university,single,35,1
240000,female,graduate,single,42,0
100000,female,graduate,single,24,0
90000,male,university,married,50,0
20000,male,university,married,22,0
60000,male,university,single,28,1
90000,male,highschool,married,38,0
80000,female,university,married,40,0
500000,female,graduate,married,34,0
430000,male,graduate,single,34,0
130000,male,graduate,single,27,0
500000,female,university,married,66,0
350000,female,university,married,38,0
320000,male,graduate,single,34,0
160000,female,university,single,24,0
110000,male,graduate,single,25,1
60000,female,highschool,divorce,53,0
260000,female,other,single,33,0
50000,male,graduate,married,47,0
270000,male,university,single,44,0
210000,male,graduate,married,52,0
20000,female,university,married,29,0
30000,female,university,single,49,0
500000,female,graduate,married,56,0
360000,female,graduate,single,31,0
90000,male,university,single,30,0
10000,female,university,single,28,0
200000,female,university,single,36,0
60000,male,university,single,37,0
80000,male,university,married,40,0
500000,male,graduate,single,32,0
50000,male,university,married,21,0
50000,female,university,single,24,0
200000,female,graduate,single,30,0
470000,male,university,married,45,0
180000,female,highschool,married,41,0
240000,male,university,married,33,0
200000,male,graduate,married,30,1
20000,male,university,single,40,1
80000,female,university,single,32,1
30000,male,university,single,54,0
200000,female,graduate,single,35,0
100000,female,university,married,38,0
70000,female,highschool,married,30,1
140000,male,university,married,30,0
30000,female,university,married,27,0
100000,female,university,single,27,1
60000,male,university,single,38,0
50000,female,graduate,single,23,0
120000,female,graduate,married,35,0
50000,male,highschool,single,23,0
300000,male,university,single,28,0
360000,female,graduate,married,36,0
40000,female,university,married,36,0
190000,female,university,single,40,0
30000,female,graduate,single,23,0
280000,female,highschool,single,47,1
30000,female,university,single,23,0
500000,female,graduate,married,32,0
260000,female,graduate,single,32,0
60000,female,university,married,46,0
70000,female,highschool,married,36,1
30000,male,university,single,27,0
300000,male,highschool,married,37,0
30000,female,university,single,22,0
40000,male,highschool,single,43,1
80000,male,graduate,single,25,0
50000,male,graduate,single,35,1
90000,female,graduate,married,38,0
260000,male,graduate,single,29,1
100000,female,graduate,married,58,1
280000,male,graduate,single,34,0
80000,female,university,married,22,0
150000,female,university,single,27,0
90000,female,university,single,39,0
130000,female,graduate,married,33,0
210000,male,university,single,36,0
420000,female,graduate,single,44,0
500000,male,graduate,single,39,0
180000,male,graduate,single,30,1
150000,female,university,married,36,0
440000,male,graduate,single,30,0
50000,male,graduate,single,27,0
140000,male,university,married,29,1
150000,male,graduate,single,29,0
150000,female,university,single,27,0
480000,male,other,single,49,0
100000,female,graduate,single,35,0
310000,female,graduate,single,33,0
280000,female,graduate,single,27,0
60000,male,university,single,51,1
160000,female,graduate,single,31,0
90000,male,university,married,48,0
50000,female,graduate,single,28,0
200000,female,university,married,26,0
240000,male,university,single,67,0
200000,female,graduate,married,32,0
100000,female,university,single,23,1
50000,female,graduate,single,29,1
240000,female,graduate,single,30,0
300000,female,graduate,single,25,0
350000,female,highschool,married,43,0
50000,female,highschool,married,26,1
50000,female,university,married,36,0
30000,female,university,single,25,1
50000,male,university,married,47,0
20000,female,university,married,34,1
270000,female,university,single,30,0
380000,male,graduate,married,49,1
10000,female,university,single,22,1
80000,female,university,single,29,0
240000,female,university,married,35,1
280000,female,graduate,single,35,0
160000,male,graduate,single,41,0
180000,female,graduate,single,25,0
50000,female,university,married,35,0
50000,male,university,married,37,0
20000,male,university,single,22,0
20000,male,university,single,33,0
140000,male,graduate,single,27,0
360000,male,university,single,28,0
180000,male,university,married,49,0
390000,male,graduate,married,36,1
30000,female,highschool,married,33,0
210000,female,graduate,married,35,0
20000,male,university,single,24,0
450000,male,graduate,married,43,0
50000,male,highschool,married,24,0
50000,male,highschool,single,46,1
20000,male,university,single,39,1
200000,female,graduate,single,39,0
230000,female,graduate,single,27,0
50000,male,university,married,41,1
50000,female,university,single,26,0
50000,male,graduate,single,57,0
20000,male,university,single,23,0
40000,male,graduate,married,47,0
100000,male,graduate,single,26,0
150000,female,university,married,43,0
240000,male,graduate,married,36,0
360000,male,university,married,37,0
130000,male,graduate,single,43,0
50000,female,university,single,23,0
160000,male,university,married,60,0
340000,female,university,married,32,0
20000,male,highschool,single,23,1
60000,male,highschool,single,52,0
220000,female,university,married,35,0
280000,female,graduate,married,32,1
60000,male,university,married,30,0
230000,male,graduate,married,42,1
120000,female,highschool,other,41,0
240000,female,graduate,single,30,0
420000,female,graduate,married,29,0
230000,female,university,single,31,0
30000,female,graduate,single,26,1
210000,female,university,married,30,0
250000,male,graduate,single,29,0
70000,female,university,married,34,0
20000,female,university,single,43,0
130000,male,highschool,married,44,0
460000,male,graduate,married,41,0
170000,female,university,single,29,0
200000,male,university,single,31,0
70000,male,highschool,married,43,1
200000,female,graduate,married,32,1
20000,female,university,single,30,1
200000,male,highschool,single,55,0
250000,male,university,single,45,1
50000,male,university,married,34,0
30000,female,university,single,25,0
50000,male,graduate,married,44,0
90000,male,highschool,married,45,0
360000,male,graduate,single,34,0
290000,female,university,married,45,0
170000,male,graduate,single,24,0
290000,female,graduate,married,52,0
30000,male,highschool,single,39,1
250000,female,graduate,married,25,0
210000,male,highschool,single,32,0
360000,female,graduate,married,30,1
120000,female,university,married,37,0
170000,male,graduate,single,28,1
20000,male,highschool,single,55,0
80000,male,university,married,25,0
200000,female,university,married,43,0
150000,female,graduate,single,32,0
110000,female,highschool,married,44,1
180000,female,university,single,26,0
520000,female,highschool,married,41,0
20000,male,highschool,married,44,1
180000,female,university,single,44,0
30000,male,highschool,married,36,0
380000,female,graduate,married,31,0
160000,female,graduate,single,42,0
220000,male,graduate,single,32,0
250000,male,graduate,single,29,0
330000,male,graduate,married,53,0
50000,male,university,single,26,0
340000,female,graduate,single,35,0
180000,female,university,married,41,0
30000,male,graduate,single,35,1
10000,male,highschool,single,45,0
120000,female,university,married,37,0
250000,female,university,single,38,1
200000,female,graduate,single,39,0
500000,female,graduate,single,32,1
90000,female,graduate,single,29,1
80000,male,highschool,single,38,0
740000,female,university,married,35,1
300000,male,graduate,single,34,1
210000,male,highschool,married,44,0
230000,male,graduate,married,37,0
270000,male,highschool,single,51,0
270000,female,graduate,single,32,0
180000,female,graduate,single,30,0
280000,female,university,single,30,0
50000,male,university,single,46,0
20000,female,university,single,26,1
170000,female,highschool,married,54,0
300000,female,university,married,39,0
20000,male,university,married,50,1
110000,female,university,single,31,1
80000,male,university,married,54,0
80000,female,graduate,single,23,0
60000,female,university,married,48,0
30000,male,university,single,27,0
40000,male,graduate,single,26,0
180000,female,highschool,married,43,1
290000,male,university,married,50,0
50000,female,graduate,single,26,1
150000,female,graduate,single,32,0
50000,male,university,married,41,0
20000,male,university,married,36,0
180000,female,graduate,single,28,0
360000,male,graduate,single,30,0
90000,female,highschool,married,33,1
450000,male,graduate,married,48,0
140000,male,graduate,single,29,0
400000,female,graduate,single,27,0
50000,female,university,married,30,0
420000,female,university,married,50,0
390000,female,graduate,single,35,1
200000,female,university,married,40,0
130000,male,graduate,single,29,0
360000,female,graduate,single,36,0
290000,male,university,married,46,0
120000,female,university,single,24,0
40000,female,graduate,single,24,1
500000,male,graduate,married,42,0
150000,female,graduate,married,36,0
240000,female,graduate,single,26,1
80000,male,highschool,single,44,0
220000,female,graduate,married,48,0
110000,female,graduate,married,31,0
220000,female,university,married,52,0
100000,female,university,single,34,0
70000,female,highschool,married,42,0
50000,female,university,married,27,0
200000,female,graduate,single,32,0
220000,male,highschool,married,42,0
200000,female,highschool,married,42,0
350000,female,graduate,married,43,0
80000,female,highschool,single,24,0
50000,female,university,single,56,0
200000,male,graduate,single,32,0
60000,female,highschool,married,31,0
50000,male,highschool,married,49,1
360000,female,graduate,single,33,0
30000,female,highschool,single,50,1
90000,female,university,single,32,0
200000,female,graduate,married,32,0
100000,male,other,single,51,0
200000,female,highschool,single,49,0
300000,female,graduate,married,26,1
10000,male,highschool,married,30,0
400000,male,university,single,44,0
130000,female,highschool,married,34,1
180000,male,university,single,50,0
370000,female,highschool,single,27,0
60000,female,graduate,single,46,0
210000,female,graduate,single,29,0
70000,female,highschool,married,46,1
20000,female,graduate,single,33,0
200000,female,graduate,single,35,0
130000,female,university,married,30,0
120000,male,university,married,38,0
330000,female,graduate,married,34,0
30000,female,highschool,married,54,1
480000,female,university,single,39,0
100000,male,graduate,single,39,0
270000,female,graduate,married,43,0
40000,female,highschool,married,55,1
180000,female,university,single,34,0
240000,male,university,single,25,1
210000,female,graduate,married,38,0
50000,female,university,single,23,0
230000,female,highschool,married,44,0
50000,female,university,single,24,1
250000,female,graduate,single,41,0
120000,female,highschool,married,45,0
160000,male,university,married,35,0
210000,male,university,married,29,0
260000,female,graduate,single,29,0
310000,female,university,married,32,0
50000,female,highschool,married,42,1
360000,female,graduate,single,30,0
50000,female,graduate,single,24,0
240000,male,university,married,44,0
500000,male,highschool,married,49,0
150000,female,graduate,married,40,0
160000,female,university,married,38,0
410000,female,university,single,42,0
50000,female,highschool,single,63,0
50000,male,highschool,single,38,0
170000,female,graduate,single,29,0
100000,female,graduate,single,47,0
230000,male,graduate,married,46,1
20000,male,university,single,30,1
170000,female,graduate,married,50,0
160000,female,graduate,single,36,1
400000,male,highschool,single,35,0
340000,female,graduate,single,29,0
90000,male,highschool,married,31,1
140000,female,graduate,single,32,0
280000,female,university,married,27,0
180000,female,university,married,40,0
500000,male,graduate,married,53,0
360000,female,graduate,married,34,0
50000,male,graduate,single,23,0
220000,male,graduate,married,55,0
500000,male,graduate,married,35,0
100000,male,university,single,41,0
20000,female,graduate,single,29,1
80000,female,highschool,married,26,0
160000,female,graduate,married,38,0
240000,male,university,married,39,0
450000,male,highschool,married,36,0
50000,male,highschool,single,39,0
150000,male,university,married,37,1
290000,female,university,married,36,0
50000,female,university,single,22,0
80000,male,highschool,married,38,0
50000,male,university,single,45,1
50000,male,university,married,30,0
500000,male,university,married,42,0
500000,female,graduate,married,39,1
200000,female,highschool,married,40,0
30000,female,highschool,married,22,0
80000,female,highschool,married,51,0
50000,female,graduate,married,50,0
50000,male,university,married,31,1
280000,female,university,single,38,0
260000,female,university,married,48,0
30000,female,university,single,22,0
210000,female,graduate,married,28,0
50000,female,university,married,31,1
20000,female,university,married,29,0
310000,female,graduate,married,47,0
100000,female,university,married,42,0
180000,female,university,single,36,1
100000,male,graduate,single,26,0
20000,male,university,single,25,1
240000,female,university,single,46,0
200000,male,university,single,45,0
30000,female,university,single,24,0
500000,female,university,single,38,0
230000,female,highschool,married,43,0
110000,female,highschool,single,27,1
230000,female,graduate,single,34,0
80000,female,graduate,married,45,1
200000,female,graduate,married,33,0
80000,female,highschool,single,51,0
170000,male,university,married,30,0
120000,female,graduate,married,31,0
100000,female,graduate,married,45,1
210000,female,graduate,single,34,0
300000,female,graduate,single,26,0
70000,female,university,single,49,0
30000,female,university,single,40,0
30000,female,university,married,51,0
80000,female,university,married,30,0
180000,female,graduate,married,37,0
360000,female,graduate,married,28,0
50000,male,university,married,46,0
170000,male,other,married,35,0
230000,female,university,married,40,0
500000,male,graduate,married,44,0
30000,male,university,single,26,1
120000,male,graduate,single,31,1
200000,male,graduate,single,38,1
60000,female,highschool,married,38,0
140000,male,university,single,39,0
50000,male,highschool,single,44,0
90000,female,university,married,35,0
150000,female,graduate,single,28,0
250000,female,highschool,single,29,0
100000,female,university,single,24,1
320000,male,graduate,married,43,1
50000,male,highschool,single,31,0
90000,female,graduate,single,28,1
250000,male,university,single,42,0
120000,female,university,single,27,0
140000,female,highschool,single,24,0
330000,female,graduate,single,34,0
500000,male,graduate,married,33,0
30000,male,university,single,24,0
80000,male,graduate,married,41,1
320000,male,graduate,married,40,0
600000,male,university,married,50,1
200000,female,university,single,36,1
240000,female,university,single,39,0
30000,male,university,married,54,0
20000,male,university,single,33,0
130000,female,graduate,single,32,0
190000,male,highschool,married,38,0
470000,female,graduate,married,46,0
50000,female,graduate,single,29,0
250000,female,university,married,33,0
500000,female,graduate,married,45,0
500000,male,graduate,single,28,0
60000,female,graduate,single,25,0
20000,male,university,married,61,1
50000,male,university,married,50,0
20000,male,university,married,45,1
140000,male,graduate,single,27,0
80000,female,university,married,53,0
110000,female,university,married,29,0
360000,female,graduate,single,39,0
50000,female,other,single,21,0
380000,male,graduate,married,52,0
50000,female,university,married,38,0
300000,female,university,married,49,0
360000,male,graduate,married,29,0
60000,female,university,single,23,0
30000,male,university,single,29,0
120000,male,graduate,single,28,0
50000,female,graduate,single,26,0
150000,female,university,married,40,0
50000,female,university,single,23,1
50000,female,university,single,23,0
50000,female,university,married,39,1
550000,female,graduate,single,28,0
190000,male,university,married,37,0
310000,female,university,married,37,0
110000,male,highschool,single,49,0
160000,female,university,married,27,0
200000,female,graduate,single,32,0
300000,male,graduate,single,29,0
150000,female,university,single,28,0
90000,male,other,married,57,0
210000,female,graduate,single,26,0
360000,female,graduate,married,33,0
150000,male,graduate,single,28,1
100000,female,university,married,34,0
180000,female,graduate,single,26,0
270000,male,university,married,39,0
60000,male,university,single,53,0
220000,female,university,married,33,1
200000,male,graduate,single,60,0
120000,female,university,single,54,0
500000,male,graduate,single,43,0
50000,male,other,single,26,0
30000,male,other,single,38,0
50000,male,university,married,35,0
20000,female,university,married,50,1
240000,female,graduate,single,27,0
30000,male,graduate,single,28,1
70000,female,highschool,married,45,0
50000,female,highschool,married,25,1
500000,female,graduate,single,28,1
170000,male,graduate,married,41,0
20000,female,highschool,single,22,0
100000,female,university,single,27,0
20000,male,graduate,single,23,0
210000,male,highschool,single,27,0
50000,male,graduate,married,41,1
20000,female,highschool,divorce,43,0
190000,male,university,single,36,0
20000,male,university,married,35,0
220000,male,graduate,single,31,0
20000,female,university,single,34,0
140000,female,highschool,married,32,0
20000,male,university,single,27,0
210000,female,graduate,married,50,1
220000,female,graduate,single,36,1
120000,female,graduate,married,38,1
50000,male,university,single,25,1
230000,female,graduate,single,24,0
20000,male,highschool,single,23,0
210000,female,graduate,single,31,0
210000,male,graduate,single,26,0
10000,male,graduate,single,38,0
100000,female,university,single,28,1
30000,male,university,single,23,0
300000,male,graduate,married,40,0
140000,male,graduate,single,29,0
50000,male,university,divorce,35,1
200000,male,university,married,40,0
260000,male,graduate,single,33,0
250000,male,university,married,52,1
500000,female,graduate,married,52,0
60000,female,highschool,married,44,1
360000,female,university,single,25,0
90000,female,university,married,41,1
150000,male,university,single,23,1
130000,male,graduate,single,54,0
120000,male,university,married,52,1
160000,male,university,single,29,0
500000,male,highschool,married,37,0
130000,male,graduate,single,28,0
360000,female,graduate,single,29,0
120000,male,university,married,51,1
240000,female,university,married,41,0
50000,male,university,single,35,0
30000,male,university,divorce,27,0
50000,male,graduate,single,25,0
80000,female,graduate,married,38,1
230000,female,graduate,single,27,0
50000,male,graduate,married,41,0
340000,female,graduate,single,42,1
170000,male,graduate,single,30,1
450000,female,university,single,32,0
350000,female,graduate,single,36,0
50000,male,university,married,50,0
210000,female,university,single,25,0
290000,female,university,single,26,0
180000,female,graduate,single,30,1
230000,female,graduate,single,34,0
140000,female,university,married,27,1
30000,female,graduate,single,24,1
140000,female,graduate,single,26,0
50000,male,university,married,46,0
80000,female,university,married,22,0
120000,male,graduate,single,28,0
400000,female,university,single,37,0
70000,male,university,married,43,0
190000,female,university,single,39,1
60000,female,university,married,40,0
20000,female,highschool,married,38,0
30000,female,highschool,single,50,1
450000,male,graduate,married,41,0
70000,female,graduate,married,38,1
160000,female,university,married,38,0
140000,female,university,married,30,0
130000,female,graduate,single,26,1
70000,female,university,single,42,1
10000,male,highschool,single,34,0
30000,female,university,single,54,0
20000,male,graduate,single,42,0
360000,female,university,single,44,0
50000,male,highschool,single,29,1
20000,male,university,single,24,1
110000,male,university,single,29,0
150000,female,graduate,single,40,0
140000,female,university,married,30,0
70000,female,highschool,married,47,1
80000,male,other,single,28,0
80000,male,graduate,single,32,0
50000,male,university,single,24,0
100000,male,graduate,single,27,0
130000,female,university,single,35,0
400000,male,graduate,single,32,0
500000,male,graduate,single,41,1
450000,male,graduate,single,26,0
80000,female,graduate,single,26,0
500000,male,graduate,married,45,0
210000,female,graduate,single,32,0
440000,female,graduate,single,28,0
280000,male,graduate,single,27,0
10000,male,university,married,50,1
210000,female,university,married,36,0
100000,male,graduate,single,26,0
210000,female,graduate,single,33,1
500000,female,graduate,married,37,0
150000,male,graduate,married,39,0
390000,female,graduate,married,40,0
100000,female,university,married,26,1
300000,male,graduate,married,45,0
80000,male,university,married,46,0
50000,male,university,single,22,0
200000,female,university,single,34,0
380000,female,graduate,married,42,0
90000,female,highschool,single,25,0
50000,male,graduate,single,27,1
30000,female,highschool,single,51,0
300000,male,graduate,married,44,0
20000,male,highschool,married,57,1
50000,female,graduate,married,47,0
50000,male,graduate,single,28,0
70000,female,university,divorce,42,0
230000,female,graduate,married,34,0
290000,female,university,married,37,0
240000,male,graduate,married,49,0
330000,male,graduate,single,32,0
300000,male,graduate,married,38,0
160000,female,graduate,married,40,1
360000,male,graduate,married,36,0
60000,female,university,divorce,49,1
200000,male,graduate,single,42,0
220000,female,graduate,single,50,0
500000,female,university,married,42,0
10000,male,university,single,38,1
20000,female,university,divorce,47,0
50000,female,other,married,33,1
220000,female,university,single,27,1
140000,male,highschool,married,38,1
80000,female,graduate,single,27,0
70000,female,graduate,single,24,0
390000,female,graduate,married,32,0
10000,male,university,married,47,0
290000,male,graduate,single,36,0
280000,male,highschool,married,47,0
250000,female,university,married,29,0
80000,female,university,married,45,1
500000,female,university,married,37,0
50000,male,university,single,26,0
20000,male,highschool,single,23,0
50000,female,university,single,23,1
160000,female,university,married,47,1
20000,male,university,single,24,1
80000,female,highschool,married,25,0
290000,female,university,married,27,0
20000,male,highschool,married,25,0
30000,female,university,married,37,0
170000,male,graduate,single,32,0
700000,female,graduate,married,36,0
50000,male,highschool,divorce,58,0
200000,male,graduate,single,31,0
20000,male,university,married,27,0
60000,male,university,married,41,0
160000,male,highschool,married,42,0
370000,male,university,married,34,0
500000,female,highschool,single,49,0
500000,female,university,married,40,0
50000,female,graduate,single,22,1
140000,female,graduate,married,36,0
210000,female,university,married,50,1
300000,female,graduate,married,56,1
60000,female,university,single,23,1
80000,male,university,married,60,1
50000,male,highschool,married,48,0
240000,female,university,married,44,0
360000,female,graduate,single,27,0
140000,female,graduate,single,24,0
310000,male,graduate,married,37,0
20000,female,university,single,22,0
140000,female,university,single,29,0
440000,male,graduate,married,62,0
330000,male,university,married,34,0
60000,male,graduate,single,26,0
120000,female,university,single,23,0
290000,female,university,single,34,0
20000,male,university,single,26,0
500000,female,university,married,64,1
20000,male,university,single,25,0
150000,female,highschool,married,46,1
490000,female,university,married,42,0
170000,male,university,single,24,0
50000,female,graduate,single,27,1
150000,male,university,married,40,0
390000,male,graduate,single,41,0
380000,male,graduate,single,33,0
170000,female,university,married,34,0
170000,female,university,married,26,0
390000,male,graduate,married,36,1
30000,female,university,single,28,0
300000,female,university,married,48,0
180000,female,graduate,single,25,0
360000,female,university,married,27,0
230000,female,university,married,42,0
30000,male,highschool,single,28,1
400000,female,university,married,45,0
20000,male,university,single,47,1
100000,female,university,single,26,0
340000,male,university,married,43,1
30000,female,university,single,22,0
440000,male,highschool,married,38,1
100000,male,university,married,46,0
30000,female,highschool,single,28,0
20000,male,university,single,43,1
200000,male,university,married,40,0
180000,male,university,single,34,0
50000,female,university,single,34,0
210000,female,university,single,27,0
210000,female,university,single,24,0
220000,female,graduate,married,36,0
240000,male,graduate,married,36,0
200000,male,university,single,33,1
20000,male,university,single,46,1
180000,female,graduate,married,33,0
90000,female,graduate,single,26,1
130000,male,highschool,married,56,1
100000,male,graduate,married,51,1
450000,female,graduate,single,54,0
210000,male,university,married,42,0
380000,female,university,single,28,0
20000,female,university,married,39,0
50000,female,graduate,single,27,0
50000,female,graduate,single,24,1
160000,male,highschool,single,42,0
450000,female,graduate,married,27,0
30000,male,highschool,married,47,0
310000,female,highschool,married,31,0
50000,male,highschool,single,26,1
160000,male,highschool,single,35,0
170000,male,graduate,single,31,0
230000,female,graduate,single,28,0
20000,male,highschool,single,25,0
50000,female,university,single,22,0
140000,female,highschool,married,25,0
50000,female,university,single,43,0
280000,female,university,single,31,0
360000,female,graduate,single,31,0
50000,male,highschool,single,22,0
20000,male,university,single,21,0
310000,female,university,married,34,0
260000,female,highschool,single,33,0
80000,male,graduate,married,41,1
30000,male,highschool,single,42,1
340000,female,university,single,29,0
260000,female,graduate,single,27,0
420000,female,university,married,40,0
80000,female,graduate,married,54,1
400000,male,graduate,married,36,0
460000,male,graduate,married,50,0
200000,male,university,single,39,0
160000,male,university,married,52,0
70000,male,graduate,single,26,1
290000,male,highschool,single,43,0
120000,female,graduate,single,29,0
100000,female,graduate,single,26,0
30000,female,highschool,married,55,0
30000,female,graduate,single,23,1
50000,female,graduate,single,23,0
210000,female,graduate,married,39,1
10000,male,highschool,single,24,1
250000,female,graduate,married,50,0
230000,female,university,married,31,0
150000,male,graduate,single,26,0
20000,female,graduate,single,22,1
150000,female,university,married,41,0
20000,male,highschool,single,48,0
400000,female,graduate,single,30,0
20000,female,university,married,40,0
440000,female,university,married,45,1
20000,male,university,single,26,0
320000,male,graduate,single,26,0
300000,male,graduate,married,37,0
50000,female,highschool,married,24,0
210000,male,graduate,single,27,0
350000,female,graduate,single,33,0
470000,male,graduate,married,33,0
300000,female,graduate,single,28,0
30000,male,university,single,25,1
210000,male,university,single,28,0
30000,female,graduate,married,37,0
200000,female,university,single,27,0
140000,male,university,married,41,0
50000,female,graduate,single,26,0
10000,male,university,single,32,1
390000,female,university,single,28,0
50000,female,highschool,married,50,0
50000,female,university,married,25,1
30000,female,highschool,single,31,0
50000,female,graduate,single,31,1
50000,female,graduate,single,33,0
260000,male,graduate,divorce,41,0
50000,female,graduate,single,34,0
140000,male,graduate,single,28,0
490000,male,graduate,single,28,0
60000,female,university,single,24,1
80000,male,graduate,single,39,1
80000,male,graduate,single,26,0
290000,male,graduate,single,28,0
280000,male,university,single,28,0
130000,male,university,single,29,0
20000,male,highschool,married,52,0
50000,male,university,single,31,1
330000,female,graduate,single,28,0
150000,female,highschool,single,40,1
150000,female,university,single,26,0
210000,male,university,divorce,27,0
10000,male,university,divorce,28,1
300000,female,highschool,married,32,0
140000,female,university,single,35,0
50000,female,university,single,26,0
140000,male,graduate,single,30,0
50000,female,university,married,32,0
500000,male,graduate,single,35,0
500000,female,highschool,married,36,0
20000,male,university,single,38,0
420000,male,graduate,married,47,0
60000,male,university,married,37,1
60000,male,university,married,37,0
190000,female,university,single,35,0
220000,male,graduate,married,48,1
110000,female,university,single,28,1
290000,male,university,married,33,0
50000,female,university,married,25,0
110000,female,university,single,39,0
230000,female,university,married,35,0
250000,female,graduate,married,42,0
100000,male,graduate,single,26,0
30000,female,graduate,single,23,0
230000,male,graduate,married,47,0
50000,male,university,married,29,1
420000,male,graduate,single,33,0
30000,male,university,single,33,0
20000,male,graduate,single,34,1
200000,female,graduate,married,43,0
90000,female,graduate,single,27,0
110000,male,highschool,married,45,0
60000,female,university,single,26,0
80000,male,graduate,single,35,0
50000,male,highschool,married,41,0
180000,male,graduate,single,28,0
110000,female,university,single,39,0
150000,female,graduate,married,33,0
120000,female,university,single,30,0
150000,male,graduate,single,40,0
360000,female,highschool,married,42,0
60000,male,university,married,56,1
480000,male,university,married,40,0
400000,female,university,single,25,0
60000,female,university,single,24,0
240000,female,university,married,29,1
30000,female,graduate,single,27,0
240000,female,graduate,single,38,0
50000,female,university,single,23,1
130000,female,graduate,single,27,0
30000,female,university,married,49,0
10000,male,university,married,35,0
180000,male,university,single,27,0
230000,female,highschool,single,26,0
30000,female,graduate,single,27,0
50000,male,highschool,married,52,0
500000,male,graduate,single,30,0
360000,male,university,single,30,0
460000,female,graduate,married,43,0
10000,female,university,single,32,0
270000,female,graduate,single,32,0
80000,male,university,married,43,0
100000,male,graduate,single,32,0
20000,male,highschool,married,42,1
300000,male,university,married,38,1
30000,female,university,single,44,0
160000,male,graduate,single,33,1
30000,female,university,single,25,0
160000,female,graduate,single,31,0
380000,female,graduate,single,31,0
180000,male,university,single,43,0
100000,male,graduate,married,45,0
260000,male,graduate,married,38,0
180000,female,highschool,single,25,0
240000,male,highschool,married,38,0
30000,male,university,divorce,44,1
50000,male,university,single,26,0
180000,female,university,married,43,0
20000,male,university,single,24,0
130000,male,university,single,31,1
240000,male,graduate,married,36,0
160000,female,other,married,35,0
60000,male,highschool,single,29,1
100000,male,highschool,married,35,0
320000,female,university,single,28,0
110000,female,university,married,62,0
50000,female,graduate,single,31,1
50000,male,university,married,38,1
140000,male,university,single,39,0
80000,male,university,married,46,1
50000,male,university,single,23,0
140000,female,university,married,35,1
210000,female,university,married,52,0
130000,male,university,married,35,0
200000,female,graduate,single,31,1
110000,male,university,single,40,0
140000,female,university,single,27,0
20000,male,university,single,43,0
450000,male,university,single,30,1
170000,male,university,married,36,0
170000,female,university,married,36,0
180000,male,university,single,29,0
200000,male,graduate,married,39,0
80000,female,university,married,27,0
150000,female,university,single,41,0
160000,male,graduate,single,31,1
60000,male,highschool,single,38,0
240000,female,university,married,39,1
20000,male,university,single,24,1
500000,male,graduate,single,30,0
280000,female,university,single,50,0
200000,male,graduate,divorce,50,1
290000,female,graduate,single,29,0
80000,female,graduate,single,34,1
20000,female,highschool,married,61,1
400000,female,graduate,single,41,0
30000,female,highschool,married,53,0
130000,male,graduate,married,34,1
60000,male,university,married,33,0
20000,male,highschool,married,37,0
160000,male,university,married,43,0
110000,female,university,single,25,0
230000,male,graduate,married,40,0
20000,female,graduate,single,22,0
140000,female,university,married,34,0
130000,female,highschool,married,48,0
130000,female,graduate,single,47,1
200000,male,university,married,30,0
60000,female,highschool,married,43,1
20000,male,graduate,single,25,0
110000,female,graduate,single,32,1
320000,female,graduate,single,27,1
130000,male,highschool,divorce,40,0
280000,male,graduate,married,50,0
290000,male,graduate,single,34,0
30000,female,highschool,married,28,0
80000,male,university,single,28,0
70000,female,graduate,single,24,0
80000,female,highschool,married,44,0
200000,female,graduate,married,33,0
50000,male,university,married,28,0
120000,male,university,single,28,0
80000,male,graduate,single,29,0
200000,female,university,married,35,1
90000,female,university,married,34,0
30000,female,university,married,38,0
30000,female,highschool,married,29,0
50000,female,highschool,single,23,0
150000,male,university,single,31,0
280000,female,university,married,42,0
10000,male,highschool,single,25,0
160000,female,university,married,35,0
160000,female,university,married,30,0
390000,male,graduate,married,46,0
50000,male,university,single,22,1
50000,male,university,single,26,0
150000,male,university,single,28,0
50000,male,highschool,single,23,0
190000,female,graduate,single,39,0
10000,male,highschool,single,29,1
210000,female,graduate,single,37,0
230000,male,graduate,single,32,0
150000,female,graduate,married,52,0
230000,female,graduate,married,34,0
80000,female,graduate,single,28,0
160000,female,other,single,31,0
500000,female,graduate,single,27,0
180000,female,graduate,single,34,0
30000,female,university,single,23,1
130000,female,graduate,married,47,0
10000,female,highschool,married,46,0
20000,female,university,married,45,0
30000,male,highschool,single,27,0
30000,male,university,single,38,1
320000,female,graduate,married,39,0
10000,male,university,single,23,1
350000,female,other,single,53,0
20000,male,highschool,single,35,0
50000,male,university,single,25,0
310000,male,graduate,single,28,0
80000,male,university,single,34,0
170000,male,graduate,single,43,0
10000,female,highschool,divorce,52,1
30000,male,highschool,single,41,0
170000,female,highschool,single,46,0
230000,female,graduate,married,32,0
50000,female,university,single,23,0
300000,female,graduate,married,52,0
210000,male,university,married,37,0
20000,female,highschool,married,36,0
20000,female,university,married,32,0
20000,female,university,single,25,0
80000,male,graduate,single,29,0
30000,female,university,divorce,22,0
200000,male,graduate,single,33,1
210000,male,graduate,single,31,0
330000,female,graduate,married,42,0
30000,male,university,single,25,1
280000,male,graduate,married,39,0
300000,male,graduate,married,37,0
10000,male,highschool,married,42,0
50000,female,university,single,24,0
280000,male,university,married,49,0
20000,male,university,married,51,0
130000,male,university,single,32,0
20000,male,university,single,25,0
120000,female,university,single,26,0
400000,female,graduate,single,33,0
300000,female,university,single,39,0
30000,female,university,single,23,0
20000,male,university,married,47,1
320000,female,university,married,43,0
80000,male,university,married,57,0
160000,male,highschool,married,59,0
80000,female,highschool,single,50,0
280000,female,highschool,single,47,0
210000,female,graduate,single,28,1
250000,female,graduate,single,27,0
120000,female,graduate,single,27,0
20000,female,university,single,27,0
200000,female,university,single,35,0
100000,male,graduate,married,45,0
80000,female,university,married,53,0
450000,female,graduate,single,39,0
200000,female,graduate,married,38,0
50000,female,university,single,28,0
500000,female,university,single,31,0
50000,male,graduate,single,25,0
450000,female,graduate,married,29,0
130000,female,graduate,single,30,0
220000,female,graduate,single,29,0
210000,female,university,married,38,0
50000,male,graduate,single,57,0
260000,male,university,single,31,0
70000,female,university,single,26,0
50000,male,university,married,37,1
20000,male,university,single,28,1
170000,male,university,married,34,1
100000,female,university,single,34,0
200000,female,university,single,30,1
30000,female,highschool,married,59,1
300000,female,graduate,single,39,0
360000,female,university,single,28,1
140000,male,graduate,single,33,0
360000,female,university,single,28,0
150000,female,university,married,43,0
280000,male,university,married,37,0
230000,female,university,married,46,0
80000,female,highschool,married,46,0
50000,male,graduate,single,32,0
180000,male,graduate,single,30,1
100000,male,university,single,34,1
30000,male,graduate,single,30,1
80000,male,graduate,married,37,0
500000,female,graduate,married,39,0
150000,female,university,single,33,0
50000,female,university,single,22,0
260000,female,graduate,married,42,0
410000,female,university,married,35,0
50000,female,highschool,married,33,0
100000,female,university,married,39,0
90000,female,highschool,married,37,0
50000,male,graduate,single,32,0
200000,female,university,married,51,0
240000,male,graduate,single,33,0
360000,male,graduate,single,29,1
170000,female,graduate,single,37,0
80000,female,highschool,married,30,1
260000,male,highschool,married,49,0
70000,female,university,single,55,0
30000,female,highschool,single,43,0
290000,female,university,married,35,0
110000,female,university,married,46,1
110000,male,university,married,30,1
200000,male,university,married,40,0
70000,female,highschool,single,22,0
150000,female,university,single,29,0
340000,female,university,single,43,0
30000,female,university,single,25,1
200000,male,graduate,married,40,0
400000,female,university,single,44,0
110000,female,university,married,41,0
420000,male,university,married,36,0
150000,female,other,married,45,0
290000,female,graduate,married,36,0
160000,male,graduate,married,58,0
50000,male,highschool,single,31,1
150000,male,graduate,single,25,0
500000,female,graduate,single,29,0
140000,female,university,single,26,0
200000,male,graduate,married,44,0
230000,male,graduate,married,46,1
60000,female,university,single,26,0
150000,male,university,married,38,0
340000,female,graduate,single,29,0
140000,male,graduate,single,30,0
20000,female,graduate,married,41,0
200000,female,graduate,single,26,0
20000,male,highschool,married,44,0
300000,female,graduate,married,29,0
200000,female,graduate,married,64,1
180000,male,graduate,single,28,0
30000,female,highschool,married,24,0
350000,male,graduate,married,62,0
160000,male,graduate,single,28,0
20000,female,highschool,married,42,1
130000,male,graduate,single,28,0
180000,female,graduate,married,43,0
220000,female,university,married,36,1
120000,female,university,single,25,0
500000,female,university,married,33,0
150000,female,graduate,single,29,1
180000,male,graduate,single,29,0
440000,male,graduate,single,30,0
190000,female,university,married,35,0
160000,female,university,married,40,1
20000,male,university,married,37,0
30000,male,highschool,married,44,0
420000,male,graduate,married,32,0
370000,female,graduate,single,28,0
60000,male,university,single,35,0
180000,male,university,single,43,0
90000,female,highschool,single,25,0
250000,female,university,single,24,1
30000,female,graduate,single,25,1
140000,male,graduate,married,41,0
180000,female,graduate,single,26,0
70000,female,graduate,single,30,0
320000,female,university,single,36,1
150000,male,graduate,single,28,0
20000,male,university,single,29,1
30000,male,graduate,single,25,1
500000,male,graduate,single,31,0
30000,female,university,single,22,0
50000,male,university,divorce,41,0
20000,male,highschool,married,44,0
10000,female,highschool,married,51,1
500000,female,highschool,married,45,0
20000,male,graduate,single,25,1
200000,female,graduate,married,28,0
10000,male,university,married,31,0
50000,female,highschool,married,43,1
320000,female,university,married,35,0
50000,male,university,married,41,0
30000,female,graduate,married,41,0
110000,male,highschool,single,36,1
50000,female,graduate,married,35,0
140000,female,graduate,single,29,0
90000,female,graduate,married,44,0
60000,male,university,married,49,1
20000,male,university,single,24,0
340000,female,graduate,married,62,0
30000,male,university,single,29,0
170000,male,graduate,married,35,1
130000,male,graduate,married,45,1
250000,female,university,married,44,0
200000,female,university,married,36,0
10000,female,university,married,49,1
180000,female,university,single,29,0
230000,female,graduate,single,29,0
200000,female,highschool,married,45,0
90000,female,highschool,single,33,0
130000,male,highschool,single,28,0
230000,male,graduate,single,26,0
320000,male,university,single,36,0
30000,male,highschool,single,34,1
80000,female,university,single,25,0
80000,female,graduate,married,35,1
260000,female,university,married,45,0
20000,male,highschool,single,26,1
200000,female,university,married,34,1
80000,female,university,single,23,0
100000,female,graduate,single,42,0
150000,female,other,married,35,0
80000,female,graduate,single,27,0
20000,female,university,single,48,0
200000,female,university,married,26,0
120000,female,university,married,41,1
30000,male,highschool,single,50,1
200000,male,graduate,single,37,0
80000,female,highschool,single,38,0
280000,female,graduate,married,46,1
500000,male,graduate,single,40,0
120000,female,graduate,married,37,0
220000,female,university,married,41,0
360000,male,university,married,34,0
210000,female,graduate,married,35,0
160000,female,graduate,married,28,1
100000,female,graduate,single,29,1
400000,female,graduate,single,31,0
110000,female,university,married,46,0
360000,male,graduate,married,37,1
500000,female,university,married,48,0
130000,male,university,single,27,0
60000,female,graduate,single,26,0
240000,male,graduate,married,39,0
100000,female,university,married,40,0
150000,female,university,married,38,0
290000,male,university,married,39,0
50000,male,university,single,43,0
30000,female,university,single,46,0
210000,female,university,married,35,0
100000,female,graduate,single,30,0
30000,female,highschool,single,40,0
30000,female,highschool,single,34,0
80000,female,highschool,married,34,0
30000,female,university,single,24,1
70000,female,highschool,single,41,0
470000,female,graduate,single,27,0
180000,female,graduate,married,39,1
20000,male,university,married,32,1
420000,male,graduate,married,60,0
100000,female,university,single,29,1
130000,female,highschool,married,53,0
200000,male,graduate,married,34,0
150000,male,graduate,single,44,0
410000,female,graduate,single,30,0
30000,male,graduate,married,40,1
20000,male,university,single,23,1
130000,female,university,single,30,0
180000,female,graduate,single,28,0
120000,male,graduate,single,32,0
190000,female,highschool,married,27,0
30000,female,university,married,53,0
170000,male,graduate,single,28,0
120000,male,highschool,married,32,0
50000,male,university,single,34,0
100000,male,university,single,50,0
20000,female,university,single,26,1
40000,male,graduate,single,25,1
300000,male,graduate,married,45,0
230000,female,highschool,married,37,0
280000,female,graduate,married,38,1
450000,female,graduate,divorce,37,0
260000,male,university,single,30,0
50000,female,highschool,married,39,0
50000,female,university,married,29,1
240000,female,university,married,36,0
70000,female,university,married,32,0
60000,female,university,single,30,0
230000,female,university,married,31,0
30000,male,graduate,single,27,0
80000,female,highschool,married,29,1
360000,female,university,married,40,0
200000,female,graduate,married,49,0
150000,female,graduate,single,37,0
260000,female,graduate,married,42,0
180000,female,university,single,24,0
220000,female,highschool,married,32,0
180000,female,graduate,single,40,0
90000,female,other,divorce,46,0
20000,male,university,single,24,0
290000,female,university,single,31,0
210000,male,university,married,35,0
20000,male,graduate,single,31,0
310000,female,graduate,single,27,0
240000,male,university,married,42,0
330000,female,university,married,42,1
310000,female,university,single,29,1
30000,male,university,single,26,1
470000,male,graduate,married,37,0
280000,female,graduate,married,56,0
120000,female,graduate,married,34,0
240000,male,university,single,28,1
800000,male,university,married,53,0
320000,female,graduate,single,30,1
140000,female,graduate,married,34,0
20000,male,university,single,25,0
160000,female,university,single,43,0
280000,female,university,married,38,0
330000,female,university,single,33,0
230000,female,graduate,married,24,0
50000,male,university,single,25,1
210000,female,university,single,33,0
170000,male,university,single,29,0
220000,male,graduate,single,47,0
90000,male,graduate,single,30,0
20000,male,university,married,26,0
480000,female,university,married,31,0
140000,male,graduate,married,36,0
160000,male,graduate,married,41,0
80000,female,university,married,41,1
100000,female,graduate,single,22,0
310000,female,university,single,35,0
200000,female,university,married,36,0
50000,male,university,married,55,0
100000,female,university,married,39,1
240000,female,graduate,single,26,0
30000,male,university,married,53,0
180000,male,highschool,married,43,0
40000,female,graduate,single,24,1
70000,female,university,married,31,0
50000,female,university,single,22,0
500000,male,university,single,30,0
200000,female,graduate,single,33,0
250000,male,graduate,married,51,1
50000,male,graduate,married,49,0
180000,male,university,married,33,0
160000,female,graduate,married,42,0
20000,male,university,single,40,0
50000,female,university,married,44,0
20000,female,graduate,single,23,0
150000,female,graduate,single,24,0
360000,male,university,single,48,0
20000,male,university,single,28,0
170000,female,university,single,32,0
30000,male,highschool,single,42,0
80000,female,university,married,29,0
110000,female,university,single,25,0
140000,male,university,single,25,0
50000,male,university,single,34,0
120000,female,university,married,34,0
10000,male,highschool,single,22,0
20000,female,graduate,married,43,0
180000,female,graduate,single,31,1
240000,female,university,single,24,0
120000,male,university,married,30,1
150000,female,graduate,single,28,0
30000,male,highschool,married,55,1
80000,male,graduate,single,31,0
50000,male,graduate,married,28,1
30000,female,highschool,married,58,1
200000,male,graduate,married,29,0
480000,female,university,single,31,1
50000,male,university,single,55,1
30000,male,university,married,23,1
300000,female,graduate,single,31,1
500000,female,university,married,36,0
350000,male,graduate,single,30,0
150000,male,graduate,married,41,0
30000,male,university,married,46,0
20000,female,graduate,single,25,0
380000,female,university,single,41,0
70000,female,graduate,married,42,1
300000,female,university,married,40,0
160000,male,highschool,single,27,1
230000,female,university,single,32,0
260000,male,graduate,married,51,0
360000,male,university,married,37,0
50000,female,university,single,26,0
20000,male,university,single,24,0
140000,female,university,single,29,0
50000,male,university,single,24,0
50000,male,highschool,single,27,0
50000,male,university,single,28,0
50000,female,graduate,single,22,1
80000,female,graduate,single,24,0
90000,female,university,married,28,0
50000,female,university,married,27,0
270000,female,university,married,32,0
60000,female,university,single,34,0
240000,female,university,married,35,0
240000,male,graduate,single,36,0
30000,male,highschool,married,43,1
50000,male,university,single,42,0
370000,male,university,single,33,0
50000,male,university,married,34,0
130000,male,university,single,35,0
20000,male,university,single,40,0
410000,male,university,single,39,0
50000,male,graduate,married,47,0
30000,male,graduate,single,42,0
20000,male,university,married,44,0
50000,male,graduate,married,41,0
360000,male,graduate,married,36,0
70000,male,university,single,45,0
160000,male,highschool,single,38,0
20000,male,university,single,38,0
110000,male,university,married,39,0
50000,male,university,married,45,0
80000,male,university,married,32,0
150000,male,graduate,married,31,0
290000,male,university,single,42,0
340000,male,highschool,married,48,0
110000,male,highschool,married,43,0
150000,male,graduate,married,46,1
280000,male,university,married,38,0
20000,male,university,married,46,1
180000,male,university,married,36,1
50000,male,graduate,single,39,1
200000,male,graduate,married,38,1
280000,male,university,single,35,0
100000,male,graduate,married,35,0
50000,male,university,single,33,0
210000,male,graduate,married,38,0
280000,male,university,married,33,0
350000,male,graduate,married,39,0
230000,male,highschool,single,39,0
100000,male,graduate,single,40,0
390000,male,graduate,married,35,0
210000,male,university,married,40,0
50000,male,highschool,single,47,0
50000,male,highschool,married,44,0
340000,male,graduate,married,42,0
300000,male,university,single,38,0
150000,male,highschool,married,37,0
200000,male,graduate,divorce,45,0
350000,male,graduate,single,34,1
20000,male,university,single,34,0
470000,male,university,married,35,1
200000,male,graduate,married,39,1
20000,male,highschool,single,40,0
230000,male,graduate,married,37,0
200000,male,university,single,33,1
70000,male,highschool,married,34,0
20000,male,highschool,married,38,1
10000,male,university,single,34,0
100000,male,highschool,single,35,1
130000,male,highschool,married,39,0
240000,male,graduate,married,46,0
590000,male,graduate,single,33,0
420000,male,graduate,single,39,0
360000,male,university,married,34,0
280000,male,graduate,married,35,0
400000,male,graduate,married,35,0
10000,male,university,married,35,0
110000,male,university,married,35,1
220000,male,graduate,single,47,0
130000,male,university,married,46,0
50000,male,university,single,33,0
520000,male,graduate,single,34,0
30000,male,university,single,47,1
50000,male,other,married,45,0
260000,male,university,married,32,0
210000,male,university,married,44,0
500000,male,graduate,single,38,0
120000,male,graduate,married,33,0
110000,male,university,single,32,0
420000,male,graduate,single,32,0
80000,male,highschool,married,41,1
300000,male,university,married,41,0
260000,male,graduate,single,35,1
500000,male,graduate,married,42,0
20000,male,university,married,37,0
160000,male,graduate,single,36,0
290000,male,graduate,single,34,0
360000,male,graduate,married,32,0
200000,male,other,married,35,0
180000,male,graduate,single,41,0
100000,male,graduate,single,35,1
500000,male,graduate,divorce,38,1
50000,male,university,married,38,0
290000,male,graduate,single,36,0
270000,male,graduate,single,32,0
250000,male,graduate,single,33,0
80000,male,highschool,married,45,1
360000,male,graduate,married,35,0
50000,male,graduate,single,40,0
420000,male,graduate,single,35,0
180000,male,graduate,married,39,0
180000,male,graduate,single,36,0
220000,male,graduate,married,45,0
210000,male,other,single,45,0
180000,male,university,married,47,0
210000,male,university,married,44,0
20000,male,university,married,50,0
50000,male,university,married,50,1
250000,male,highschool,married,51,0
50000,male,graduate,single,51,0
50000,male,university,married,56,0
50000,male,highschool,married,51,1
50000,male,graduate,divorce,51,0
50000,male,graduate,married,48,0
370000,male,university,married,55,0
20000,male,highschool,married,56,1
300000,male,highschool,married,61,0
50000,male,university,married,53,0
200000,male,graduate,married,52,0
180000,male,university,married,53,1
490000,male,university,married,50,0
330000,male,graduate,single,65,0
160000,male,university,married,50,1
80000,male,university,single,48,0
30000,male,highschool,single,52,0
150000,male,university,single,52,0
50000,male,graduate,single,50,0
50000,male,university,married,52,0
200000,male,highschool,married,50,0
240000,male,university,married,54,0
50000,male,university,single,51,0
150000,male,graduate,single,53,0
190000,male,university,married,58,0
450000,male,university,married,66,0
30000,male,highschool,married,55,1
410000,male,university,married,63,1
50000,male,highschool,married,55,1
240000,male,university,single,57,0
20000,female,highschool,single,26,0
290000,female,graduate,single,42,0
330000,female,graduate,single,28,0
170000,female,university,single,23,0
70000,female,graduate,single,23,1
120000,female,graduate,single,24,0
250000,male,graduate,married,53,1
290000,female,highschool,single,29,0
20000,female,university,single,26,0
80000,female,graduate,single,23,1
30000,female,university,single,22,0
50000,female,university,single,23,1
30000,female,university,single,21,1
200000,female,university,single,22,1
70000,female,university,single,23,0
50000,female,university,married,26,0
30000,female,university,single,22,0
70000,female,university,single,22,0
80000,female,university,single,22,1
50000,female,university,single,25,0
300000,female,university,single,26,0
30000,female,university,single,22,0
50000,female,university,single,30,0
50000,female,highschool,married,31,0
80000,female,university,single,22,0
50000,female,university,single,23,0
50000,female,university,married,23,0
40000,female,university,single,23,1
160000,female,university,single,23,0
60000,female,graduate,single,23,0
30000,female,university,single,23,1
30000,female,graduate,single,23,0
30000,female,university,single,23,0
90000,female,graduate,single,23,0
100000,female,university,single,24,0
50000,female,graduate,single,23,0
90000,female,university,single,25,0
90000,female,university,single,28,1
50000,female,university,single,23,1
80000,female,university,married,25,0
60000,female,university,single,25,0
80000,female,university,single,25,0
20000,female,university,single,25,0
30000,female,graduate,single,25,0
80000,female,university,single,24,0
160000,female,university,single,24,0
460000,female,graduate,married,34,0
90000,female,university,single,24,1
30000,female,university,single,24,0
220000,female,university,single,28,0
70000,female,highschool,single,22,0
110000,female,university,single,24,1
50000,female,university,married,25,0
120000,female,graduate,single,26,0
150000,female,university,single,26,0
140000,female,university,single,26,0
120000,female,graduate,single,26,0
40000,female,university,single,26,0
90000,female,university,single,30,1
50000,female,university,single,23,1
130000,female,university,single,26,0
180000,female,graduate,single,26,0
220000,female,graduate,single,26,0
160000,female,university,married,29,0
70000,female,highschool,single,29,0
60000,female,graduate,single,27,1
140000,female,university,single,27,0
70000,female,university,married,27,0
320000,female,university,single,28,0
60000,female,graduate,single,28,0
360000,female,graduate,single,27,1
500000,female,graduate,single,27,0
200000,female,graduate,single,28,0
160000,female,university,single,28,0
80000,female,university,single,44,0
20000,female,university,single,39,0
110000,female,highschool,single,41,0
30000,female,university,married,38,0
140000,female,university,married,31,0
150000,female,university,married,32,0
140000,female,university,single,33,0
460000,female,university,single,35,1
60000,female,university,single,28,0
90000,female,highschool,married,40,1
130000,female,other,married,44,1
300000,female,university,single,28,0
130000,female,university,married,29,0
160000,female,university,married,29,0
20000,female,university,single,36,0
20000,female,highschool,married,42,1
210000,female,graduate,single,34,0
100000,female,university,married,38,0
120000,female,graduate,married,43,1
60000,female,highschool,married,41,0
30000,female,university,single,26,1
290000,female,graduate,married,30,0
260000,female,university,single,34,0
130000,female,highschool,married,34,0
180000,female,university,married,42,0
80000,female,university,married,36,0
70000,female,university,married,38,0
290000,female,university,single,34,0
80000,female,university,married,37,0
300000,female,university,married,27,0
200000,female,graduate,married,28,0
30000,female,graduate,single,29,0
240000,female,graduate,single,35,0
500000,female,graduate,married,35,0
30000,female,university,married,45,0
180000,female,graduate,single,28,0
180000,female,university,married,31,1
180000,female,graduate,single,37,0
260000,female,university,single,26,0
80000,female,university,single,33,0
400000,female,university,single,38,0
360000,female,highschool,single,27,0
130000,female,graduate,single,29,0
50000,female,university,single,35,0
290000,female,university,single,29,0
360000,female,graduate,married,38,0
240000,female,university,single,29,0
80000,female,highschool,married,41,0
230000,female,university,single,32,1
230000,female,graduate,married,39,0
330000,female,university,married,37,0
30000,female,university,married,34,0
120000,female,university,married,33,0
60000,female,other,married,30,0
230000,female,university,married,42,1
330000,female,university,married,43,0
380000,female,university,married,44,0
150000,female,graduate,single,27,0
170000,female,highschool,single,29,1
200000,female,university,married,30,0
200000,female,university,married,31,0
260000,female,university,married,32,0
430000,female,university,married,47,0
20000,female,university,married,46,1
200000,female,university,married,30,0
290000,female,graduate,single,31,0
240000,female,graduate,single,28,0
290000,female,graduate,married,34,0
490000,female,graduate,single,41,0
230000,female,graduate,married,39,0
290000,female,university,single,26,0
20000,female,highschool,single,28,0
300000,female,graduate,single,28,0
130000,female,university,married,48,1
150000,female,university,married,37,0
50000,female,university,married,37,0
200000,female,university,married,45,0
180000,female,university,married,47,0
300000,female,graduate,married,43,0
30000,female,university,divorce,41,1
420000,female,highschool,married,44,0
320000,female,university,single,42,0
380000,female,graduate,single,31,0
270000,female,highschool,married,43,0
150000,female,university,married,40,0
180000,female,university,married,46,0
180000,female,university,single,29,1
140000,female,highschool,married,41,1
90000,female,highschool,married,38,0
100000,female,university,married,33,0
60000,female,university,married,34,1
140000,female,university,single,42,0
50000,female,highschool,married,43,0
140000,female,graduate,married,39,0
230000,female,university,single,31,0
240000,female,highschool,single,37,0
180000,female,graduate,married,46,0
80000,female,highschool,married,39,0
150000,female,graduate,married,37,0
300000,female,graduate,single,35,0
420000,female,graduate,married,45,1
60000,female,graduate,single,31,0
30000,female,highschool,married,48,0
210000,female,graduate,single,37,0
170000,female,university,single,38,1
270000,female,university,married,44,0
120000,female,graduate,single,39,0
150000,female,highschool,single,42,0
150000,female,graduate,single,37,1
240000,female,university,married,35,0
130000,female,highschool,divorce,43,0
150000,female,highschool,married,38,0
20000,female,graduate,married,37,0
390000,female,graduate,single,33,0
270000,female,university,married,39,0
180000,female,graduate,married,45,1
200000,female,graduate,single,30,0
180000,female,university,single,37,0
330000,female,graduate,single,39,0
140000,female,graduate,single,40,0
220000,female,university,married,34,0
400000,female,graduate,married,40,0
150000,female,university,married,36,0
200000,female,university,married,36,1
30000,female,university,married,43,0
170000,female,university,single,30,0
180000,female,university,married,30,0
300000,female,university,married,31,0
100000,female,university,single,32,0
500000,female,graduate,married,38,0
80000,female,highschool,married,40,0
60000,female,university,single,40,0
50000,female,university,married,37,0
500000,female,highschool,married,48,0
50000,female,highschool,divorce,37,1
160000,female,highschool,married,44,0
180000,female,university,married,46,0
520000,female,graduate,married,46,0
160000,female,graduate,married,33,0
380000,female,graduate,married,35,0
440000,female,university,married,33,0
280000,female,graduate,single,33,0
130000,female,university,married,35,0
250000,female,university,married,31,0
360000,female,university,married,39,0
470000,female,university,single,36,0
330000,female,university,married,29,0
240000,female,university,married,42,0
360000,female,graduate,married,48,0
80000,female,highschool,single,40,1
280000,female,graduate,single,29,0
60000,female,graduate,married,38,0
220000,female,graduate,married,44,1
140000,female,university,married,45,0
230000,female,graduate,single,29,0
360000,female,graduate,married,30,0
390000,female,graduate,single,30,0
280000,female,university,married,32,0
310000,female,highschool,single,32,0
500000,female,university,married,33,0
230000,female,university,single,39,0
30000,female,highschool,married,41,0
120000,female,other,married,41,0
200000,female,university,single,43,0
390000,female,graduate,single,30,0
200000,female,graduate,single,30,0
600000,female,university,married,38,0
20000,female,highschool,married,45,1
140000,female,university,married,48,0
90000,female,university,married,34,1
20000,female,highschool,married,44,0
30000,female,other,married,45,0
250000,female,graduate,single,35,0
350000,female,university,single,33,0
150000,female,university,married,49,0
300000,female,university,single,42,0
50000,female,highschool,married,53,1
390000,female,highschool,married,58,0
120000,female,highschool,single,53,0
140000,female,highschool,single,53,0
80000,female,highschool,married,51,0
50000,female,highschool,married,55,0
140000,female,university,single,49,1
330000,female,university,married,50,0
280000,female,university,married,49,0
470000,female,university,married,49,1
100000,female,other,married,54,0
160000,female,highschool,married,53,0
320000,female,highschool,married,51,0
130000,female,highschool,married,49,0
50000,female,highschool,married,53,0
540000,female,university,married,50,0
50000,female,other,single,48,0
140000,female,university,married,48,0
50000,female,university,married,53,0
360000,female,university,married,69,0
420000,female,graduate,married,45,0
360000,female,graduate,married,51,0
110000,female,highschool,married,63,1
170000,female,graduate,married,52,0
350000,female,graduate,divorce,53,0
240000,female,university,married,56,0
240000,female,university,single,51,0
80000,female,university,married,57,0
60000,female,highschool,married,59,0
220000,female,university,married,53,1
500000,female,graduate,single,54,0
20000,male,university,single,24,0
360000,male,university,married,27,1
300000,female,university,married,53,0
60000,male,university,single,38,1
360000,male,university,married,30,1
50000,male,university,single,23,0
130000,male,university,married,24,0
50000,male,graduate,married,24,0
150000,male,university,single,28,0
30000,male,graduate,single,24,0
350000,male,graduate,single,29,0
50000,male,university,single,25,0
20000,male,university,single,23,0
20000,male,university,single,23,0
180000,male,graduate,single,26,0
50000,male,highschool,single,26,0
150000,male,university,single,26,1
120000,male,graduate,single,27,0
20000,male,university,single,27,1
60000,male,university,single,24,0
80000,male,highschool,single,28,1
50000,male,highschool,single,30,0
50000,male,graduate,single,25,0
30000,male,university,single,22,0
20000,male,university,single,26,1
50000,male,university,single,27,0
150000,male,graduate,single,25,0
50000,male,university,married,26,0
500000,male,graduate,single,28,0
120000,male,graduate,single,27,0
260000,male,graduate,single,27,0
20000,male,university,single,23,1
20000,male,university,single,24,0
200000,male,graduate,single,29,0
80000,male,highschool,married,31,0
160000,male,university,single,28,0
200000,male,graduate,single,28,0
90000,male,university,single,29,0
20000,male,highschool,single,41,0
120000,male,university,single,36,0
490000,male,graduate,single,35,0
290000,male,university,married,38,0
160000,male,highschool,single,30,0
220000,male,graduate,single,30,0
290000,male,university,married,38,0
360000,male,graduate,married,37,1
120000,male,university,single,40,1
360000,male,graduate,single,30,0
80000,male,highschool,married,33,1
420000,male,university,married,37,0
360000,male,graduate,married,39,0
230000,male,university,married,45,0
50000,male,highschool,married,46,1
60000,male,university,married,48,0
200000,male,university,single,30,0
480000,male,university,married,30,0
360000,male,highschool,married,32,0
100000,male,graduate,married,33,1
150000,male,graduate,married,37,1
20000,male,highschool,married,39,0
500000,male,graduate,married,45,0
180000,male,graduate,married,36,0
230000,male,university,married,29,0
180000,male,university,single,43,0
60000,male,university,single,29,1
200000,male,graduate,married,42,1
30000,male,highschool,married,28,0
20000,male,graduate,married,31,1
110000,male,graduate,married,41,0
80000,male,highschool,married,41,1
160000,male,university,married,35,0
20000,male,university,single,35,1
30000,male,highschool,single,30,0
30000,male,university,married,48,0
150000,male,university,married,34,1
280000,male,university,married,31,0
50000,male,university,single,33,0
50000,male,university,married,28,1
280000,male,graduate,married,34,0
200000,male,university,married,41,0
210000,male,highschool,married,47,1
360000,male,highschool,married,27,0
50000,male,highschool,married,29,0
90000,male,university,single,33,0
270000,male,university,married,35,0
50000,male,highschool,married,44,0
80000,male,university,single,43,0
160000,male,highschool,married,38,0
200000,male,university,married,36,0
30000,male,university,married,37,1
260000,male,university,single,32,1
520000,male,university,married,34,0
140000,male,highschool,married,37,1
20000,male,university,single,34,1
50000,male,highschool,married,41,1
50000,male,university,single,31,0
170000,male,highschool,married,42,0
180000,male,university,single,32,0
360000,male,university,married,35,0
220000,male,university,married,39,0
500000,male,graduate,married,48,0
80000,male,university,single,36,0
150000,male,university,married,40,0
140000,male,highschool,married,47,1
190000,male,university,single,39,0
200000,male,graduate,single,32,0
260000,male,graduate,single,33,0
210000,male,graduate,single,30,0
240000,male,university,married,38,1
140000,male,graduate,married,39,1
200000,male,graduate,married,34,0
200000,male,university,single,35,0
500000,male,graduate,single,41,0
50000,male,university,married,39,1
130000,male,university,single,38,0
230000,male,university,single,31,0
260000,male,graduate,single,34,0
260000,male,university,married,46,0
160000,male,university,single,30,0
250000,male,university,married,40,1
180000,male,graduate,single,30,0
20000,male,graduate,married,32,1
270000,male,graduate,married,37,1
280000,male,graduate,married,47,0
30000,male,university,single,30,0
450000,male,university,single,36,1
360000,male,graduate,married,33,0
20000,male,university,single,36,0
200000,male,highschool,single,40,1
500000,male,graduate,married,46,0
200000,male,graduate,married,42,0
450000,male,highschool,married,39,0
20000,male,university,single,37,1
500000,male,graduate,married,42,0
260000,male,graduate,single,31,0
60000,male,graduate,married,38,1
10000,male,university,married,37,0
240000,male,university,married,34,0
480000,male,graduate,married,43,0
520000,male,graduate,married,38,0
20000,male,university,married,42,1
180000,male,graduate,single,33,0
290000,male,university,married,43,0
50000,male,highschool,single,40,1
500000,male,graduate,single,39,0
100000,male,university,single,40,0
300000,male,graduate,married,39,0
130000,male,graduate,married,40,0
500000,male,graduate,married,50,0
220000,male,university,married,55,0
260000,male,highschool,married,63,0
50000,male,university,married,51,1
110000,male,university,single,55,1
350000,male,graduate,married,49,0
180000,male,university,married,48,0
120000,male,highschool,single,50,0
460000,male,university,married,51,1
250000,male,university,married,52,1
50000,male,university,married,58,0
350000,male,graduate,married,56,0
20000,male,highschool,married,52,1
290000,male,university,married,49,0
500000,male,graduate,married,50,1
240000,male,graduate,single,57,0
50000,male,university,single,52,0
180000,male,graduate,married,50,0
500000,male,highschool,married,52,0
110000,male,university,single,51,0
500000,male,university,married,53,0
30000,male,university,married,53,0
600000,male,graduate,married,53,1
80000,male,graduate,married,60,0
270000,male,graduate,married,61,0
30000,male,highschool,single,56,0
20000,female,university,single,22,1
20000,female,graduate,single,23,0
90000,male,highschool,married,56,1
160000,male,university,married,59,0
90000,female,university,single,23,0
60000,female,university,single,24,1
20000,female,highschool,single,24,0
120000,female,university,single,25,0
20000,female,university,married,27,0
130000,female,university,single,28,1
90000,female,university,single,27,0
430000,female,graduate,single,27,0
360000,female,graduate,single,27,0
10000,female,graduate,single,22,0
210000,female,university,single,25,0
120000,female,highschool,married,30,0
120000,female,university,married,30,0
100000,female,graduate,single,30,0
60000,female,university,single,28,1
20000,female,graduate,single,25,0
200000,female,university,single,26,0
90000,female,highschool,single,26,1
220000,female,graduate,single,28,0
180000,female,university,married,40,0
320000,female,graduate,single,31,0
280000,female,university,single,29,0
130000,female,university,single,30,0
280000,female,graduate,single,30,1
50000,female,university,married,30,0
200000,female,university,single,33,0
320000,female,graduate,single,33,0
90000,female,university,married,37,0
180000,female,university,married,34,0
140000,female,university,married,35,0
330000,female,graduate,single,36,0
90000,female,university,single,25,1
180000,female,university,single,27,0
200000,female,graduate,married,38,0
270000,female,university,married,38,0
60000,female,graduate,single,23,0
80000,female,university,single,26,0
250000,female,graduate,single,29,1
270000,female,university,married,32,0
170000,female,graduate,single,40,0
250000,female,university,married,36,0
360000,female,university,married,38,0
310000,female,university,married,34,0
200000,female,university,married,39,0
130000,female,highschool,married,42,0
310000,female,university,married,49,0
200000,female,university,single,34,0
190000,female,university,married,35,0
210000,female,university,married,36,0
100000,female,university,married,36,0
90000,female,university,married,39,0
290000,female,university,single,41,0
200000,female,university,married,42,0
120000,female,graduate,single,40,0
130000,female,university,married,37,1
150000,female,highschool,married,46,0
220000,female,graduate,married,37,0
200000,female,university,married,37,0
120000,female,highschool,married,37,0
200000,female,university,single,37,0
100000,female,university,married,41,0
130000,female,university,single,43,0
10000,female,university,single,55,1
150000,female,university,married,45,0
60000,female,highschool,married,42,0
130000,male,highschool,single,27,0
50000,male,graduate,single,22,0
410000,male,graduate,single,27,0
210000,male,graduate,single,29,0
140000,male,university,single,30,0
80000,male,highschool,married,31,1
30000,male,university,single,31,1
200000,male,graduate,married,32,0
550000,male,graduate,single,31,0
80000,male,university,single,24,1
50000,male,graduate,single,25,0
30000,male,graduate,single,26,0
100000,male,graduate,single,26,0
70000,male,graduate,single,27,0
220000,male,graduate,single,32,0
30000,male,university,single,25,1
250000,male,university,single,28,0
20000,male,highschool,single,28,0
210000,male,university,single,29,0
360000,male,graduate,single,29,0
170000,male,university,single,29,0
10000,male,university,single,29,0
280000,male,university,single,30,1
30000,male,university,single,22,1
20000,male,university,single,24,0
10000,male,graduate,single,26,1
80000,male,university,single,26,0
360000,male,graduate,single,29,0
250000,male,graduate,single,31,0
170000,male,university,single,33,0
80000,male,graduate,single,33,1
130000,male,university,married,33,0
260000,male,university,single,34,0
20000,male,university,married,31,0
400000,male,graduate,married,32,1
220000,male,graduate,married,33,0
180000,male,highschool,single,27,0
10000,male,university,single,29,0
500000,male,highschool,single,53,0
50000,male,university,single,35,0
180000,male,university,married,36,0
370000,male,university,married,39,0
360000,male,graduate,married,37,0
230000,male,university,married,41,0
270000,male,graduate,married,45,0
150000,male,graduate,married,35,0
170000,male,university,married,37,0
10000,male,university,married,41,0
210000,male,graduate,married,47,0
270000,male,graduate,married,39,0
50000,male,university,single,44,0
250000,male,university,married,34,0
50000,male,graduate,single,35,1
280000,male,university,married,35,0
210000,male,university,married,35,0
360000,male,graduate,married,45,0
250000,male,university,married,44,0
170000,male,other,married,40,0
140000,male,university,single,38,0
30000,female,university,single,21,0
20000,female,university,married,22,1
50000,female,university,single,22,0
50000,female,graduate,single,21,0
60000,female,university,single,22,1
170000,male,graduate,married,51,0
220000,male,graduate,married,42,0
50000,female,university,married,30,0
20000,female,university,single,23,0
20000,female,university,married,38,0
50000,female,university,single,30,1
160000,female,graduate,married,27,0
400000,female,university,single,27,0
140000,female,university,single,27,0
80000,female,graduate,single,27,0
140000,female,university,single,27,0
340000,female,graduate,married,27,0
70000,female,university,single,26,0
130000,female,graduate,single,26,0
30000,female,highschool,single,22,1
90000,female,university,single,23,0
30000,female,university,married,23,0
100000,female,university,single,22,0
20000,female,university,married,23,0
30000,female,graduate,single,24,0
90000,female,graduate,single,23,0
20000,female,graduate,single,23,1
30000,female,university,single,22,0
80000,female,graduate,single,22,0
200000,female,highschool,single,25,0
60000,female,highschool,single,23,0
60000,female,university,single,22,0
80000,female,university,married,22,1
20000,female,graduate,divorce,22,1
130000,female,university,single,22,0
20000,female,university,single,22,1
50000,female,graduate,single,23,0
60000,female,university,married,23,1
100000,female,university,single,23,0
70000,female,highschool,single,24,0
30000,female,highschool,single,22,1
10000,female,graduate,single,22,0
10000,female,university,single,23,0
50000,female,highschool,single,23,1
30000,female,university,single,24,0
30000,female,university,single,24,1
100000,female,highschool,single,24,0
30000,female,highschool,single,24,1
90000,female,university,single,24,0
140000,female,university,single,24,1
50000,female,university,married,24,0
70000,female,university,single,24,0
10000,female,university,single,25,1
20000,female,university,single,24,1
100000,female,university,single,44,0
130000,female,graduate,single,27,0
130000,female,university,single,24,0
80000,female,university,single,23,0
50000,female,university,single,23,0
50000,female,graduate,single,23,1
150000,female,university,married,24,0
50000,female,university,divorce,24,0
70000,female,university,single,26,0
30000,female,university,married,26,1
390000,female,graduate,single,25,0
80000,female,university,single,25,0
70000,female,graduate,single,26,0
30000,female,university,single,23,1
60000,female,university,single,23,0
20000,female,highschool,married,24,0
70000,female,university,single,25,1
200000,female,university,single,25,0
50000,female,university,single,23,0
50000,female,university,married,27,0
20000,female,university,single,23,0
50000,female,graduate,single,23,0
90000,female,university,single,24,0
100000,female,university,single,24,0
70000,female,university,single,24,0
90000,female,university,single,24,0
30000,female,highschool,married,23,0
100000,female,graduate,single,27,0
280000,female,university,single,25,0
100000,female,university,single,28,0
140000,female,university,married,28,0
10000,female,graduate,single,27,1
50000,female,university,married,28,0
120000,female,graduate,single,28,0
20000,female,university,married,27,1
30000,female,university,married,27,0
130000,female,university,single,26,0
150000,female,graduate,single,27,0
180000,female,university,married,27,0
400000,female,university,single,26,0
300000,female,graduate,single,27,0
30000,female,graduate,single,27,0
130000,female,graduate,single,27,0
20000,female,highschool,married,26,1
50000,female,university,married,27,0
80000,female,university,single,27,0
20000,female,university,single,26,0
50000,female,university,single,27,1
80000,female,university,single,26,0
340000,female,graduate,single,26,0
30000,female,university,married,27,0
120000,female,university,single,27,0
50000,female,graduate,single,27,1
50000,female,university,single,27,0
500000,female,graduate,single,28,0
360000,female,university,single,27,1
60000,female,graduate,single,27,0
50000,female,university,single,27,0
130000,female,graduate,single,27,0
360000,female,university,single,29,0
160000,female,university,single,27,0
360000,female,university,married,27,0
210000,female,university,single,28,0
230000,female,university,single,28,1
70000,female,university,single,27,1
50000,female,university,married,25,0
80000,female,university,single,25,0
100000,female,university,single,26,1
200000,female,university,married,28,0
70000,female,university,single,28,0
110000,female,graduate,married,28,0
50000,female,graduate,single,28,1
50000,female,graduate,single,28,0
70000,female,university,single,27,0
60000,female,university,single,27,1
130000,female,university,married,27,0
150000,female,university,single,25,1
30000,female,university,single,27,0
200000,female,university,single,26,0
50000,female,university,married,29,0
260000,female,graduate,single,29,0
360000,female,graduate,single,29,0
30000,female,university,single,29,1
100000,female,university,married,29,1
80000,female,university,married,29,0
30000,female,university,married,29,0
400000,female,graduate,single,28,0
240000,female,graduate,single,29,0
110000,female,university,single,30,1
220000,female,graduate,single,28,0
200000,female,graduate,single,28,0
360000,female,university,single,28,0
30000,female,university,single,28,0
110000,female,graduate,single,28,0
80000,female,graduate,single,29,0
50000,female,university,single,35,0
100000,female,graduate,single,22,1
50000,female,university,single,23,0
350000,female,highschool,single,28,1
80000,female,highschool,married,28,1
90000,female,graduate,married,29,0
120000,female,graduate,single,27,0
50000,female,graduate,single,25,0
50000,female,university,single,23,0
90000,female,university,single,24,0
70000,female,university,single,25,0
10000,female,university,married,31,0
130000,female,university,single,29,0
360000,female,graduate,single,27,0
80000,female,university,married,35,0
70000,female,university,single,27,0
30000,female,graduate,single,22,1
80000,female,university,single,24,0
80000,female,university,single,24,0
150000,female,graduate,single,29,0
260000,female,university,single,29,0
20000,female,university,married,29,0
20000,female,university,single,25,1
200000,female,university,single,27,0
110000,female,university,married,25,1
160000,female,graduate,married,24,0
20000,female,university,married,24,0
110000,female,university,single,26,0
200000,female,graduate,single,30,1
50000,female,highschool,single,29,1
340000,female,university,single,30,0
220000,female,graduate,single,30,0
180000,female,university,single,30,0
110000,female,other,single,32,0
50000,female,university,married,32,0
50000,female,highschool,single,28,0
240000,female,university,single,29,0
200000,female,graduate,single,29,0
90000,female,highschool,married,29,0
20000,female,university,married,29,1
300000,female,graduate,single,30,1
290000,female,university,single,30,0
20000,female,university,married,30,1
200000,female,university,single,31,0
130000,female,graduate,married,31,0
10000,female,university,single,27,0
210000,female,graduate,single,28,0
130000,female,university,married,28,0
80000,female,university,married,29,1
410000,female,graduate,married,37,0
60000,female,university,married,31,1
30000,female,university,single,31,0
320000,female,university,married,32,0
80000,female,university,married,32,0
210000,female,university,married,32,0
60000,female,university,married,32,1
310000,female,university,married,29,0
130000,female,university,single,25,0
60000,female,university,single,26,0
30000,female,university,single,29,0
150000,female,university,single,25,0
30000,female,university,married,25,1
130000,female,university,single,42,0
50000,female,university,single,26,0
170000,female,university,single,27,0
30000,female,university,married,32,1
250000,female,highschool,married,32,0
110000,female,university,single,32,0
160000,female,graduate,single,29,0
340000,female,graduate,single,33,0
100000,female,highschool,married,36,0
230000,female,university,single,28,0
200000,female,graduate,married,31,0
30000,female,university,married,30,1
120000,female,university,single,30,0
120000,female,university,single,28,0
50000,female,university,married,31,1
20000,female,highschool,single,31,0
500000,female,university,single,30,0
100000,female,graduate,single,31,0
50000,female,graduate,single,38,1
210000,female,graduate,single,30,0
50000,female,university,married,30,0
200000,female,highschool,married,29,1
150000,female,university,single,27,0
50000,female,university,married,34,1
300000,female,graduate,single,30,0
120000,female,graduate,single,31,0
190000,female,university,single,36,0
70000,female,university,married,35,0
50000,female,university,married,39,1
50000,female,university,single,38,0
80000,female,highschool,married,38,0
30000,female,university,divorce,35,1
140000,female,university,married,41,0
20000,female,highschool,married,49,1
30000,female,university,married,38,1
260000,female,highschool,married,44,0
30000,female,graduate,married,48,1
50000,female,university,single,41,1
50000,female,university,married,35,0
60000,female,highschool,married,35,1
50000,female,university,married,48,1
80000,female,university,married,38,0
80000,female,university,married,41,1
100000,female,highschool,married,40,0
30000,female,highschool,married,37,0
30000,female,university,married,49,0
30000,female,highschool,married,46,0
50000,female,university,married,31,1
240000,female,university,single,48,1
30000,female,highschool,married,44,0
240000,female,university,single,35,0
50000,female,university,single,31,1
70000,female,graduate,single,23,1
80000,female,highschool,married,28,0
120000,female,university,single,30,0
100000,female,highschool,married,32,0
50000,female,university,married,44,0
320000,female,university,married,39,0
220000,female,graduate,married,36,0
140000,female,graduate,single,33,0
140000,female,graduate,married,37,1
50000,female,university,single,24,0
60000,female,graduate,single,25,1
90000,female,university,single,47,0
20000,female,university,divorce,44,1
130000,female,university,single,29,0
80000,female,university,married,34,1
230000,female,university,married,37,0
180000,female,university,married,29,0
20000,female,university,single,34,0
210000,female,university,married,34,0
70000,female,university,single,22,0
50000,female,graduate,single,22,0
140000,female,university,married,30,0
100000,female,university,married,32,0
80000,female,university,single,37,0
300000,female,graduate,married,36,0
200000,female,highschool,single,26,0
100000,female,university,single,29,0
50000,female,university,married,45,0
140000,female,highschool,married,47,0
50000,female,university,married,28,0
500000,female,graduate,single,28,0
360000,female,university,single,31,0
240000,female,university,single,34,0
200000,female,graduate,married,35,0
280000,female,graduate,married,35,0
330000,female,graduate,married,36,0
100000,female,highschool,single,32,0
30000,female,highschool,married,35,1
130000,female,university,single,37,1
30000,female,university,single,41,0
50000,female,highschool,divorce,43,1
80000,female,university,married,39,1
570000,female,graduate,single,30,0
20000,female,university,married,32,0
90000,female,university,single,35,0
150000,female,highschool,married,43,1
110000,female,university,married,41,0
170000,female,highschool,married,37,0
90000,female,university,single,26,0
110000,female,university,single,26,0
20000,female,university,married,28,0
200000,female,university,married,31,1
50000,female,university,married,34,0
50000,female,highschool,married,45,0
30000,female,highschool,married,46,0
50000,female,highschool,married,46,1
80000,female,highschool,married,26,0
160000,female,graduate,single,26,0
10000,female,university,single,40,1
20000,female,university,single,26,0
70000,female,graduate,married,34,0
110000,female,highschool,divorce,37,0
150000,female,university,married,45,0
500000,female,graduate,married,39,0
30000,female,university,married,48,1
160000,female,highschool,married,46,0
300000,female,university,married,36,0
200000,female,highschool,married,46,0
50000,female,university,single,35,0
80000,female,university,single,29,0
140000,female,university,single,29,0
60000,female,highschool,married,32,1
50000,female,highschool,married,47,0
30000,female,university,single,39,0
80000,female,university,married,45,0
50000,female,university,married,43,0
90000,female,university,single,39,0
120000,female,university,married,46,0
50000,female,university,married,39,1
80000,female,university,single,31,0
160000,female,graduate,married,31,0
140000,female,university,single,33,0
50000,female,university,married,33,0
50000,female,university,married,35,0
50000,female,highschool,single,40,0
360000,female,university,married,47,0
120000,female,university,married,38,0
160000,female,highschool,married,38,1
100000,female,university,married,42,0
110000,female,university,married,46,0
300000,female,highschool,single,30,1
110000,female,university,single,31,0
220000,female,graduate,married,31,0
100000,female,university,single,31,0
50000,female,university,single,28,0
140000,female,university,single,28,0
50000,female,university,married,43,0
30000,female,highschool,married,28,1
170000,female,university,single,30,0
260000,female,university,married,32,1
290000,female,university,married,33,1
80000,female,university,single,37,1
160000,female,university,married,35,0
100000,female,graduate,married,40,1
40000,female,university,married,37,1
290000,female,graduate,single,35,0
160000,female,university,single,42,1
140000,female,university,married,36,0
80000,female,university,single,45,0
30000,female,university,married,42,1
70000,female,university,married,46,1
30000,female,university,married,29,1
50000,female,university,married,30,1
570000,female,graduate,single,32,0
200000,female,other,married,33,0
10000,female,university,married,37,0
60000,female,highschool,married,48,1
220000,female,university,single,46,1
60000,female,university,single,42,1
280000,female,university,married,42,1
10000,female,university,single,31,0
200000,female,graduate,single,31,0
200000,female,university,married,33,1
220000,female,university,married,37,0
370000,female,university,married,45,0
100000,female,university,married,36,0
290000,female,university,married,45,0
20000,female,highschool,married,43,1
200000,female,university,single,36,1
110000,female,highschool,single,33,0
80000,female,university,married,41,0
100000,female,university,married,36,0
50000,female,university,married,39,0
20000,female,university,divorce,30,1
300000,female,graduate,single,33,0
160000,female,university,single,41,0
80000,female,highschool,married,40,1
30000,female,university,married,34,1
30000,female,university,married,37,0
60000,female,university,married,36,0
200000,female,university,single,32,1
50000,female,university,married,41,0
50000,female,highschool,single,45,0
270000,female,university,married,42,0
30000,female,highschool,married,40,1
60000,female,university,married,41,1
60000,female,university,single,28,1
50000,female,graduate,married,39,1
220000,female,university,married,37,0
50000,female,highschool,married,36,1
30000,female,highschool,single,33,1
280000,female,university,single,33,0
120000,female,university,married,35,0
120000,female,highschool,married,39,0
70000,female,highschool,married,41,0
550000,female,university,married,39,0
220000,female,university,single,36,0
340000,female,university,married,45,0
110000,female,highschool,single,32,0
140000,female,highschool,married,34,0
360000,female,university,single,41,1
290000,female,graduate,single,30,0
200000,female,university,married,48,0
60000,female,university,married,38,0
40000,female,university,married,43,0
120000,female,university,single,29,0
80000,female,university,married,38,1
300000,female,university,married,43,1
20000,female,university,married,25,1
30000,female,university,married,46,1
180000,female,graduate,single,30,0
110000,female,university,single,39,0
250000,female,university,married,40,0
140000,female,university,single,32,0
80000,female,university,married,29,1
20000,female,highschool,married,32,0
50000,female,highschool,single,47,0
90000,female,highschool,married,40,0
20000,female,university,married,33,0
150000,female,university,single,34,0
150000,female,graduate,married,34,0
50000,female,highschool,single,41,1
90000,female,university,single,47,0
350000,female,university,single,40,0
30000,female,university,single,38,0
150000,female,graduate,married,28,0
190000,female,graduate,single,29,1
340000,female,university,married,36,0
50000,female,university,married,47,0
50000,female,university,single,29,1
280000,female,university,single,30,0
230000,female,graduate,single,31,1
400000,female,graduate,single,31,0
190000,female,highschool,married,37,1
170000,female,graduate,single,31,0
150000,female,graduate,single,30,1
140000,female,graduate,single,32,1
110000,female,university,single,23,0
260000,female,graduate,single,31,0
30000,female,university,single,37,0
130000,female,highschool,married,42,1
190000,female,highschool,single,37,0
10000,female,university,single,36,1
30000,female,university,married,42,1
300000,female,graduate,single,45,0
200000,female,university,married,40,0
130000,female,highschool,married,36,0
400000,female,highschool,single,35,1
220000,female,university,single,32,0
100000,female,graduate,married,34,0
80000,female,university,married,38,0
50000,female,highschool,single,34,0
200000,female,graduate,married,34,0
400000,female,university,married,43,0
50000,female,university,single,48,0
140000,female,highschool,married,37,0
10000,female,university,married,49,0
80000,female,highschool,married,41,0
220000,female,graduate,married,38,0
80000,female,university,single,45,0
360000,female,graduate,married,35,1
20000,female,university,married,46,1
20000,female,university,married,46,0
20000,female,highschool,single,34,0
70000,female,university,married,38,0
210000,female,university,married,33,0
240000,female,university,married,32,0
50000,female,university,married,34,0
50000,female,university,married,31,0
230000,female,graduate,single,38,0
120000,female,graduate,single,45,0
180000,female,graduate,single,44,1
290000,female,graduate,married,38,0
160000,female,graduate,married,47,0
80000,female,highschool,married,43,1
50000,female,university,single,31,1
20000,female,highschool,married,33,1
50000,female,university,divorce,34,1
80000,female,university,married,34,1
30000,female,highschool,married,43,0
10000,female,university,married,37,1
200000,female,university,single,41,0
50000,female,university,married,33,0
480000,female,university,single,34,1
260000,female,university,married,46,0
200000,female,graduate,single,34,0
210000,female,graduate,married,40,0
70000,female,university,married,41,1
50000,female,university,married,43,0
20000,female,university,single,45,1
80000,female,university,married,35,0
200000,female,highschool,married,37,0
210000,female,graduate,married,38,0
210000,female,highschool,married,35,0
360000,female,graduate,divorce,35,0
80000,female,university,single,56,1
50000,female,highschool,married,43,0
20000,female,university,single,40,0
40000,female,university,married,38,1
50000,female,university,married,38,1
170000,female,university,married,45,0
310000,female,graduate,married,37,0
50000,female,university,married,24,0
30000,female,graduate,single,25,0
200000,female,university,married,45,0
260000,female,university,married,38,0
80000,female,university,single,29,1
180000,female,university,single,27,0
130000,female,graduate,single,28,0
190000,female,graduate,married,30,1
110000,female,university,married,33,0
60000,female,university,married,40,1
40000,female,highschool,married,49,0
80000,female,university,married,32,0
100000,female,other,single,33,0
400000,female,university,married,34,0
70000,female,university,married,40,1
500000,female,university,married,49,0
190000,female,highschool,single,46,0
200000,female,university,single,35,0
210000,female,university,married,42,0
340000,female,university,single,47,0
180000,female,graduate,single,38,0
110000,female,university,single,28,0
80000,female,highschool,single,42,0
30000,female,highschool,married,31,0
200000,female,graduate,single,31,0
80000,female,university,married,31,0
300000,female,graduate,single,31,1
280000,female,graduate,single,32,0
110000,female,university,single,32,0
130000,female,university,single,33,0
500000,female,other,married,32,0
150000,female,university,married,32,0
450000,female,university,single,36,0
230000,female,university,married,34,0
80000,female,university,single,34,0
260000,female,graduate,married,34,0
150000,female,university,married,34,0
50000,female,university,married,35,0
30000,female,highschool,married,35,1
100000,female,highschool,married,41,1
190000,female,university,married,43,1
130000,female,university,married,34,0
30000,female,university,married,38,1
30000,female,university,single,38,0
110000,female,graduate,married,44,1
120000,female,highschool,married,39,0
30000,female,highschool,married,41,0
30000,female,highschool,married,36,1
30000,female,university,single,42,0
10000,female,highschool,single,45,1
400000,female,university,married,32,0
20000,female,highschool,divorce,32,0
20000,female,university,married,36,1
500000,female,graduate,single,33,0
30000,female,university,married,33,1
50000,female,university,married,33,1
30000,female,university,single,33,0
30000,female,university,single,33,1
110000,female,university,single,33,0
100000,female,university,married,34,0
200000,female,university,married,36,0
110000,female,highschool,married,40,0
140000,female,university,single,38,0
70000,female,university,divorce,45,0
130000,female,highschool,single,37,0
30000,female,university,married,45,0
160000,female,highschool,married,36,0
50000,female,other,single,36,0
80000,female,university,married,36,0
50000,female,highschool,married,44,0
50000,female,highschool,married,40,0
180000,female,university,single,44,0
130000,female,university,married,42,1
420000,female,graduate,married,47,0
140000,female,university,married,44,1
20000,female,university,married,42,0
200000,female,university,divorce,40,1
180000,female,graduate,married,49,0
120000,female,highschool,married,37,0
210000,female,university,married,43,0
30000,female,university,married,45,1
80000,female,university,single,43,0
110000,female,university,married,35,0
60000,female,university,married,36,1
60000,female,university,married,36,0
140000,female,graduate,single,37,0
60000,female,university,married,35,0
500000,female,graduate,single,39,1
420000,female,university,married,41,1
30000,female,university,married,43,1
170000,female,highschool,married,38,0
200000,female,graduate,married,49,0
160000,female,graduate,married,45,0
200000,female,graduate,married,35,1
20000,female,university,married,43,0
190000,female,other,single,39,0
70000,female,graduate,married,45,1
220000,female,university,single,33,0
500000,female,graduate,single,34,0
210000,female,graduate,single,37,1
50000,female,university,married,31,0
160000,female,other,married,38,0
20000,female,graduate,single,39,1
70000,female,university,married,37,1
220000,female,graduate,married,40,0
200000,female,university,married,48,0
130000,female,highschool,married,44,0
30000,female,university,single,34,0
260000,female,graduate,married,45,0
230000,female,highschool,married,32,0
240000,female,graduate,single,33,0
260000,female,graduate,married,32,0
360000,female,university,married,33,0
260000,female,graduate,married,36,0
230000,female,university,married,34,0
300000,female,graduate,single,35,0
140000,female,graduate,married,45,0
380000,female,highschool,married,38,1
190000,female,graduate,single,31,0
500000,female,graduate,single,31,0
200000,female,graduate,married,39,0
310000,female,university,married,37,0
30000,female,highschool,married,49,0
280000,female,university,married,49,0
80000,female,graduate,married,42,1
150000,female,university,married,35,1
30000,female,university,married,48,1
170000,female,graduate,married,41,0
110000,female,graduate,married,42,0
30000,female,highschool,married,46,1
90000,female,graduate,single,33,1
50000,female,university,single,40,1
120000,female,graduate,married,36,1
20000,female,highschool,single,46,0
220000,female,graduate,married,42,0
230000,female,university,married,42,0
160000,female,graduate,single,29,1
450000,female,university,married,38,0
390000,female,graduate,married,46,0
90000,female,university,single,29,0
60000,female,university,married,33,1
180000,female,university,married,34,1
80000,female,highschool,married,40,0
180000,female,university,single,43,0
320000,female,university,married,46,0
320000,female,graduate,single,36,0
100000,female,university,married,39,0
20000,female,highschool,married,42,0
140000,female,highschool,single,34,0
100000,female,highschool,single,39,0
10000,female,highschool,single,44,1
30000,female,university,married,36,0
50000,female,highschool,married,39,0
20000,female,university,married,44,0
200000,female,university,single,31,0
320000,female,university,married,32,1
360000,female,university,single,37,1
200000,female,graduate,married,33,0
140000,female,highschool,married,34,0
420000,female,graduate,single,31,0
150000,female,graduate,single,36,0
200000,female,university,single,38,0
230000,female,university,married,42,0
30000,female,university,married,38,0
30000,female,university,married,41,0
50000,female,graduate,single,36,0
410000,female,graduate,married,44,0
280000,female,university,single,43,0
200000,female,university,married,46,0
270000,female,graduate,married,45,0
320000,female,graduate,single,32,0
60000,female,university,married,32,0
130000,female,university,married,35,0
30000,female,highschool,married,54,1
200000,female,highschool,married,50,0
170000,female,university,married,51,0
80000,female,other,married,50,0
500000,female,graduate,single,50,0
50000,female,highschool,married,47,0
90000,female,university,married,50,0
350000,female,other,married,50,0
110000,female,highschool,single,52,0
120000,female,highschool,single,50,1
30000,female,highschool,married,55,1
30000,female,university,married,53,1
250000,female,graduate,married,51,0
50000,female,highschool,married,52,0
160000,female,highschool,married,53,0
140000,female,university,married,49,1
80000,female,highschool,married,51,1
10000,female,highschool,single,53,1
300000,female,other,married,50,0
90000,female,university,married,50,0
20000,female,university,single,51,0
30000,female,university,married,53,0
80000,female,highschool,single,50,0
20000,female,graduate,single,54,1
20000,female,highschool,married,55,0
50000,female,university,married,53,1
120000,female,graduate,married,60,0
30000,female,university,married,47,0
30000,female,university,married,56,1
80000,female,highschool,married,55,0
50000,female,university,married,55,0
80000,female,university,married,56,1
100000,female,university,married,52,0
30000,female,highschool,married,62,1
130000,female,graduate,single,51,0
20000,female,highschool,married,54,0
80000,female,university,married,57,1
100000,female,graduate,married,51,0
20000,female,highschool,single,50,1
120000,female,university,married,51,0
50000,female,university,single,53,1
80000,female,highschool,married,59,0
90000,female,highschool,married,54,0
60000,female,highschool,single,47,0
100000,female,highschool,married,50,1
50000,female,university,married,50,0
30000,female,highschool,married,53,1
240000,female,graduate,married,58,0
200000,female,graduate,married,47,0
130000,female,highschool,single,50,0
110000,female,highschool,married,50,0
50000,female,university,married,51,0
20000,female,highschool,married,56,1
50000,female,highschool,married,69,0
80000,female,university,married,54,1
20000,female,highschool,married,52,1
20000,female,highschool,married,56,1
30000,female,highschool,married,53,1
240000,female,other,married,59,0
50000,female,highschool,single,56,1
80000,female,highschool,single,53,0
180000,female,graduate,single,56,1
240000,female,highschool,married,55,0
120000,female,university,married,54,0
20000,male,university,single,21,1
100000,male,university,single,33,0
30000,male,university,single,22,1
30000,male,university,single,23,1
50000,male,university,single,22,0
100000,male,university,single,23,0
80000,male,graduate,single,23,0
60000,female,highschool,married,54,0
120000,male,university,single,25,1
20000,male,highschool,single,32,0
20000,male,university,single,26,0
50000,male,graduate,single,26,0
50000,male,university,single,23,0
50000,male,university,married,24,1
10000,male,university,single,23,0
20000,male,university,single,24,1
30000,male,university,single,25,0
10000,male,highschool,single,25,0
10000,male,highschool,single,22,1
150000,male,university,single,23,1
80000,male,university,single,24,1
20000,male,university,single,24,0
120000,male,graduate,single,24,1
40000,male,graduate,single,24,0
20000,male,highschool,single,24,1
100000,male,university,married,24,1
160000,male,graduate,single,25,0
20000,male,graduate,single,24,1
60000,male,university,single,24,1
150000,male,university,single,27,0
40000,male,university,single,24,1
30000,male,university,single,26,0
420000,male,university,single,26,1
20000,male,university,single,26,0
50000,male,university,single,25,1
20000,male,university,single,23,0
20000,male,highschool,single,24,0
20000,male,university,married,28,0
300000,male,graduate,single,26,0
30000,male,graduate,single,25,0
140000,male,graduate,single,27,0
20000,male,university,married,27,0
390000,male,graduate,single,27,0
50000,male,university,single,27,0
50000,male,university,single,26,0
50000,male,university,married,26,0
320000,male,university,single,26,0
280000,male,graduate,married,26,0
50000,male,graduate,single,26,1
500000,male,university,single,26,0
200000,male,graduate,single,28,0
50000,male,graduate,single,28,0
300000,male,university,single,27,0
30000,male,university,single,27,0
50000,male,university,single,27,1
10000,male,university,married,27,1
20000,male,highschool,single,28,1
50000,male,highschool,single,27,0
30000,male,university,single,26,0
100000,male,graduate,single,30,1
130000,male,graduate,single,29,0
20000,male,university,single,30,0
150000,male,graduate,single,29,0
220000,male,university,married,28,0
100000,male,university,single,29,0
130000,male,university,single,25,1
40000,male,university,single,29,0
10000,male,graduate,single,30,1
290000,male,graduate,married,30,0
180000,male,university,single,27,0
280000,male,university,single,27,0
30000,male,university,single,27,1
310000,male,graduate,married,29,1
70000,male,graduate,single,28,0
120000,male,graduate,single,28,1
240000,male,university,single,29,0
50000,male,university,married,27,0
320000,male,graduate,married,28,0
80000,male,university,single,29,0
20000,male,university,single,29,1
80000,male,university,single,29,0
360000,male,university,married,28,0
50000,male,university,single,29,0
20000,male,university,single,23,1
10000,male,university,single,25,0
100000,male,university,single,28,0
50000,male,university,divorce,30,0
30000,male,university,single,24,0
20000,male,university,single,24,0
70000,male,university,single,28,0
490000,male,graduate,single,29,0
30000,male,graduate,single,29,1
20000,male,graduate,single,29,0
290000,male,graduate,single,29,0
20000,male,highschool,other,29,0
180000,male,graduate,single,26,1
100000,male,university,single,27,0
30000,male,university,single,26,1
470000,male,graduate,single,27,0
200000,male,university,single,29,0
400000,male,graduate,single,29,0
400000,male,university,single,29,0
50000,male,university,single,25,0
70000,male,university,single,25,0
80000,male,highschool,married,31,0
70000,male,graduate,single,29,1
20000,male,university,single,28,0
10000,male,university,single,28,1
430000,male,university,single,30,1
40000,male,university,single,30,0
450000,male,university,married,29,0
10000,male,highschool,married,30,1
10000,male,university,single,29,0
10000,male,university,married,29,0
80000,male,graduate,single,29,0
80000,male,highschool,married,29,1
240000,male,university,single,29,0
280000,male,university,single,31,0
50000,male,university,single,31,0
80000,male,graduate,single,32,0
20000,male,highschool,married,29,0
90000,male,university,single,29,1
200000,male,graduate,single,29,0
360000,male,graduate,single,30,0
50000,male,university,married,31,0
130000,male,graduate,single,27,1
80000,male,highschool,married,31,0
200000,male,university,single,29,1
150000,male,university,married,39,0
370000,male,graduate,married,34,0
310000,male,university,single,45,0
240000,male,graduate,single,41,0
320000,male,graduate,married,35,0
50000,male,university,single,39,0
50000,male,university,married,41,0
50000,male,highschool,married,30,1
80000,male,graduate,single,31,0
420000,male,graduate,single,32,0
50000,male,graduate,single,32,1
150000,male,university,single,32,1
130000,male,graduate,single,34,1
170000,male,university,married,34,0
170000,male,highschool,married,45,0
120000,male,university,single,25,0
30000,male,highschool,single,35,1
220000,male,university,single,30,0
50000,male,university,single,25,1
30000,male,university,single,34,1
250000,male,graduate,single,30,0
20000,male,university,single,29,1
10000,male,highschool,married,30,1
50000,male,university,single,41,0
30000,male,highschool,married,48,1
20000,male,university,single,31,1
200000,male,university,single,32,0
50000,male,graduate,single,33,0
120000,male,graduate,single,35,0
210000,male,graduate,single,40,1
180000,male,highschool,married,32,0
50000,male,university,married,32,0
70000,male,highschool,married,40,0
200000,male,graduate,married,44,0
50000,male,highschool,married,46,1
230000,male,university,married,47,0
30000,male,graduate,married,42,1
30000,male,university,single,32,0
150000,male,university,single,34,0
10000,male,university,single,30,1
150000,male,graduate,single,29,0
360000,male,graduate,single,34,0
340000,male,graduate,single,38,0
50000,male,university,single,34,0
30000,male,university,married,39,0
360000,male,graduate,single,34,0
150000,male,graduate,married,46,0
160000,male,highschool,single,28,1
30000,male,university,married,39,0
480000,male,graduate,married,47,0
200000,male,university,married,45,0
50000,male,highschool,single,39,1
20000,male,university,married,32,1
60000,male,university,married,44,0
200000,male,graduate,single,26,0
20000,male,university,married,27,0
440000,male,highschool,married,35,0
100000,male,graduate,single,34,0
100000,male,university,single,38,0
100000,male,university,married,48,0
230000,male,highschool,married,46,0
50000,male,graduate,single,37,0
50000,male,university,married,32,0
30000,male,university,married,41,0
140000,male,university,single,32,1
60000,male,highschool,single,43,0
50000,male,highschool,married,41,0
350000,male,university,single,36,0
20000,male,highschool,married,44,1
20000,male,university,single,30,0
50000,male,university,single,36,0
20000,male,university,married,41,1
110000,male,highschool,married,34,0
200000,male,graduate,married,44,1
260000,male,university,married,46,1
150000,male,university,married,36,1
50000,male,university,single,33,0
150000,male,university,single,35,0
250000,male,graduate,single,35,1
50000,male,other,single,49,0
50000,male,university,married,47,0
50000,male,highschool,divorce,44,0
80000,male,highschool,single,40,0
20000,male,highschool,married,49,0
220000,male,university,married,47,1
120000,male,highschool,married,39,1
200000,male,highschool,single,39,0
30000,male,highschool,married,47,0
50000,male,university,single,43,0
50000,male,highschool,single,42,0
230000,male,university,married,45,0
280000,male,university,single,33,0
70000,male,graduate,single,43,0
120000,male,university,married,40,0
170000,male,graduate,single,39,0
30000,male,highschool,married,41,0
20000,male,university,married,33,1
20000,male,highschool,single,35,0
220000,male,graduate,single,39,1
50000,male,university,single,44,0
300000,male,other,married,46,0
430000,male,university,single,29,0
30000,male,university,married,36,1
20000,male,highschool,divorce,46,0
210000,male,graduate,married,40,0
80000,male,university,married,31,1
30000,male,highschool,single,31,0
220000,male,graduate,married,47,1
80000,male,university,single,32,0
480000,male,university,married,31,0
150000,male,graduate,single,33,0
60000,male,highschool,married,31,0
80000,male,university,single,33,1
50000,male,university,married,32,0
50000,male,highschool,single,34,1
180000,male,highschool,married,42,0
100000,male,university,married,39,1
240000,male,highschool,married,42,0
50000,male,highschool,married,49,1
20000,male,highschool,married,40,0
50000,male,university,married,30,0
200000,male,university,married,31,0
180000,male,university,single,32,0
320000,male,graduate,single,33,1
200000,male,highschool,single,48,0
20000,male,university,single,41,1
200000,male,graduate,single,38,0
20000,male,highschool,single,40,0
50000,male,university,single,39,0
50000,male,university,single,25,1
80000,male,university,married,43,0
180000,male,graduate,single,33,0
80000,male,highschool,married,42,0
150000,male,university,single,36,0
20000,male,university,single,37,0
300000,male,graduate,married,42,0
30000,male,university,single,35,0
140000,male,university,married,49,0
80000,male,graduate,married,36,1
20000,male,university,married,45,0
70000,male,university,married,35,1
320000,male,university,single,36,0
80000,male,university,married,46,0
50000,male,university,married,33,0
80000,male,university,married,41,0
110000,male,highschool,single,38,0
50000,male,university,married,45,0
50000,male,highschool,married,42,1
20000,male,university,married,38,0
120000,male,graduate,married,42,0
30000,male,university,single,37,0
50000,male,university,divorce,34,0
100000,male,highschool,single,35,1
50000,male,university,single,35,0
30000,male,university,single,34,0
40000,male,university,married,38,1
190000,male,university,married,39,1
10000,male,highschool,married,39,1
50000,male,highschool,married,43,0
20000,male,university,single,34,0
120000,male,highschool,single,37,0
50000,male,highschool,single,43,0
310000,male,graduate,single,31,0
240000,male,highschool,single,45,0
50000,male,university,married,47,1
210000,male,graduate,single,40,1
60000,male,university,married,31,0
20000,male,university,single,31,1
50000,male,university,single,43,1
30000,male,university,single,39,1
60000,male,graduate,single,29,1
90000,male,university,single,29,0
30000,male,university,married,32,1
30000,male,university,single,37,1
220000,male,highschool,married,39,1
250000,male,other,married,39,0
450000,male,graduate,married,42,0
30000,male,university,single,34,0
220000,male,university,married,37,0
300000,male,graduate,single,30,0
500000,male,university,single,30,0
20000,male,university,single,34,0
110000,male,university,single,32,0
10000,male,highschool,married,41,0
20000,male,university,single,47,1
230000,male,university,married,34,0
20000,male,university,single,35,1
50000,male,university,married,38,0
200000,male,graduate,single,40,0
80000,male,university,married,37,0
50000,male,highschool,single,43,0
50000,male,university,married,49,1
110000,male,graduate,single,29,1
110000,male,university,married,38,0
220000,male,university,married,36,0
140000,male,highschool,married,38,0
50000,male,university,single,43,0
100000,male,university,married,40,1
20000,male,graduate,single,38,1
50000,male,highschool,single,32,1
40000,male,university,single,33,0
180000,male,university,married,34,0
80000,male,highschool,single,34,0
30000,male,university,single,34,0
230000,male,university,married,35,0
20000,male,other,single,41,0
350000,male,highschool,married,44,0
20000,male,university,married,38,0
130000,male,university,single,36,0
50000,male,university,married,37,1
100000,male,university,single,44,1
20000,male,university,married,40,1
150000,male,graduate,married,43,0
230000,male,university,married,46,0
470000,male,graduate,married,38,1
50000,male,university,married,46,0
120000,male,highschool,married,49,1
20000,male,university,married,43,1
10000,male,university,married,45,0
50000,male,graduate,single,29,1
360000,male,graduate,single,30,0
100000,male,other,married,38,0
170000,male,graduate,single,36,0
30000,male,university,single,43,1
230000,male,graduate,married,37,1
150000,male,graduate,single,35,0
260000,male,university,single,37,0
80000,male,highschool,married,48,0
20000,male,university,single,43,0
240000,male,graduate,married,36,1
50000,male,university,married,40,1
50000,male,graduate,single,45,0
100000,male,university,single,45,1
20000,male,highschool,single,40,0
150000,male,graduate,married,41,1
230000,male,university,divorce,37,0
20000,male,university,married,45,0
390000,male,university,single,33,0
80000,male,university,married,36,1
270000,male,graduate,single,35,0
20000,male,university,married,37,0
150000,male,university,married,45,0
50000,male,graduate,single,36,0
160000,male,graduate,married,47,1
360000,male,graduate,single,33,0
150000,male,highschool,married,40,0
500000,male,graduate,married,46,0
220000,male,graduate,married,35,1
280000,male,graduate,married,46,1
30000,male,graduate,single,38,0
500000,male,highschool,single,36,0
360000,male,university,married,40,0
400000,male,graduate,married,38,0
350000,male,university,married,43,0
20000,male,university,single,36,1
110000,male,university,married,36,0
30000,male,highschool,single,31,1
20000,male,university,single,45,1
180000,male,graduate,married,42,0
140000,male,university,single,48,0
300000,male,graduate,single,43,0
240000,male,highschool,single,41,0
160000,male,university,married,41,1
500000,male,university,married,38,0
50000,male,university,married,45,0
50000,male,university,married,39,0
100000,male,other,single,37,0
150000,male,university,single,38,0
290000,male,graduate,married,36,0
20000,male,university,single,37,1
50000,male,university,married,33,0
80000,male,university,married,39,0
140000,male,university,married,42,0
260000,male,university,single,33,0
150000,male,graduate,single,37,1
300000,male,university,single,37,0
120000,male,graduate,single,33,0
90000,male,university,single,38,0
200000,male,graduate,married,42,0
140000,male,graduate,single,32,1
50000,male,university,married,45,1
200000,male,other,single,40,0
280000,male,graduate,single,33,0
430000,male,graduate,single,34,0
190000,male,highschool,married,34,0
50000,male,highschool,single,38,0
110000,male,university,single,40,0
20000,male,highschool,single,46,0
100000,male,highschool,single,45,0
370000,male,graduate,single,37,0
320000,male,other,single,36,0
80000,male,graduate,married,33,0
100000,male,graduate,married,35,1
180000,male,university,married,42,1
90000,male,highschool,married,46,0
170000,male,university,married,39,0
80000,male,university,married,50,0
20000,male,highschool,married,50,0
50000,male,university,single,60,0
20000,male,university,single,50,1
390000,male,graduate,married,64,0
80000,male,highschool,married,59,0
350000,male,university,married,51,0
320000,male,graduate,married,51,0
50000,male,highschool,married,52,0
260000,male,university,married,62,0
200000,male,university,married,55,0
30000,male,university,married,49,1
20000,male,university,single,55,0
320000,male,university,married,50,0
30000,male,highschool,divorce,52,1
90000,male,highschool,single,50,0
180000,male,university,married,52,0
50000,male,graduate,single,50,0
60000,male,university,married,52,0
50000,male,university,single,53,0
50000,male,highschool,married,55,0
20000,male,highschool,married,53,1
80000,male,highschool,married,53,0
350000,male,graduate,married,58,0
200000,male,university,married,52,0
360000,male,university,married,50,0
20000,male,highschool,single,59,1
90000,male,highschool,married,55,0
370000,male,highschool,single,66,0
180000,male,graduate,single,51,1
20000,male,highschool,divorce,59,1
30000,male,graduate,married,57,1
60000,male,highschool,married,54,0
330000,male,university,married,52,0
230000,male,university,married,51,0
50000,male,highschool,married,57,0
30000,male,other,married,56,0
80000,male,graduate,married,53,0
50000,male,university,married,58,1
10000,male,university,married,50,0
170000,male,other,married,56,0
50000,male,university,married,61,1
20000,male,highschool,single,57,0
20000,male,university,single,50,0
190000,male,highschool,married,50,0
270000,male,graduate,married,50,0
480000,male,university,single,51,0
380000,male,highschool,married,52,0
20000,male,highschool,married,49,1
50000,male,university,married,48,1
280000,male,highschool,married,52,1
240000,male,graduate,married,65,0
110000,male,university,married,54,1
200000,male,graduate,married,53,0
140000,male,graduate,married,56,0
260000,male,graduate,married,53,0
130000,male,university,single,57,0
50000,male,highschool,married,54,0
300000,male,graduate,single,55,1
30000,male,highschool,married,54,1
50000,male,highschool,single,58,0
450000,male,graduate,married,67,1
170000,female,university,single,27,0
60000,female,university,single,29,1
30000,female,highschool,single,26,0
200000,female,graduate,single,28,0
30000,female,university,married,30,0
100000,female,graduate,married,30,1
30000,female,highschool,married,35,0
150000,female,highschool,single,24,0
210000,female,graduate,single,25,0
300000,female,graduate,single,28,0
50000,female,highschool,single,22,0
360000,female,university,married,33,0
240000,female,graduate,single,28,0
260000,female,graduate,single,30,1
140000,female,graduate,married,33,1
10000,female,graduate,single,21,0
50000,female,highschool,single,22,0
50000,female,university,single,22,0
50000,female,university,single,22,1
140000,female,graduate,single,23,1
20000,female,university,single,27,0
50000,female,university,single,24,1
30000,female,highschool,single,23,0
50000,female,university,single,22,0
130000,female,university,single,23,0
80000,female,graduate,single,23,0
30000,female,university,single,21,0
50000,female,university,single,22,0
20000,female,university,single,22,1
90000,female,highschool,single,22,0
30000,female,graduate,single,22,0
50000,female,university,single,22,0
150000,female,graduate,single,24,0
20000,female,highschool,married,24,1
30000,female,graduate,single,24,1
50000,female,university,single,24,0
400000,female,graduate,single,30,0
20000,female,university,single,23,0
70000,female,university,single,23,0
20000,female,graduate,single,23,0
30000,female,graduate,single,23,0
30000,female,university,single,23,0
80000,female,graduate,single,24,1
80000,female,graduate,single,24,0
40000,female,university,single,24,1
70000,female,university,single,23,0
10000,female,graduate,single,22,1
60000,female,university,married,24,1
50000,female,graduate,single,22,0
80000,female,university,single,23,0
70000,female,graduate,single,23,1
30000,female,highschool,single,22,0
30000,female,university,single,22,1
20000,female,university,single,25,1
50000,female,graduate,single,25,1
30000,female,university,single,29,0
50000,female,university,single,24,0
50000,female,graduate,single,22,0
50000,female,highschool,single,23,1
50000,female,graduate,single,23,0
10000,female,graduate,single,23,1
10000,female,university,married,24,1
110000,female,university,single,24,0
140000,female,university,single,24,0
20000,female,graduate,single,24,0
30000,female,graduate,single,24,0
100000,female,university,single,24,1
20000,female,graduate,single,24,0
190000,female,university,single,25,0
300000,female,university,single,24,0
50000,female,university,married,26,1
30000,female,highschool,single,26,0
20000,female,graduate,single,25,1
60000,female,university,single,25,1
70000,female,university,married,25,0
60000,female,university,married,24,1
60000,female,university,married,25,1
30000,female,university,single,22,1
100000,female,university,married,24,1
70000,female,highschool,single,25,1
20000,female,university,single,22,1
50000,female,university,single,22,0
50000,female,highschool,married,22,0
30000,female,university,married,22,0
30000,female,highschool,single,22,1
30000,female,university,single,22,1
60000,female,university,single,23,1
20000,female,university,married,22,1
50000,female,highschool,single,23,0
30000,female,graduate,single,24,0
30000,female,graduate,single,23,1
70000,female,graduate,single,24,0
100000,female,university,single,24,0
100000,female,university,single,24,0
250000,female,university,single,25,0
130000,female,university,married,25,0
50000,female,graduate,single,25,1
250000,female,university,single,26,0
50000,female,university,married,26,1
50000,female,graduate,single,25,0
230000,female,university,single,24,0
200000,female,university,single,25,0
50000,female,university,single,23,0
100000,female,university,single,24,1
140000,female,university,single,24,0
20000,female,university,single,24,0
100000,female,university,single,25,0
240000,female,university,single,25,0
20000,female,university,single,25,0
50000,female,graduate,single,25,0
50000,female,graduate,single,25,0
60000,female,university,single,25,0
10000,female,university,single,22,1
30000,female,graduate,single,23,0
30000,female,graduate,single,23,1
60000,female,graduate,single,23,0
80000,female,university,single,25,0
130000,female,university,single,25,0
30000,female,university,single,25,0
60000,female,university,single,23,1
80000,female,university,married,24,0
230000,female,university,single,24,0
80000,female,graduate,single,25,0
70000,female,graduate,single,24,0
220000,female,university,married,25,0
50000,female,university,single,25,0
210000,female,university,single,24,0
60000,female,university,single,24,1
30000,female,university,married,25,1
50000,female,university,single,24,0
50000,female,university,married,24,0
80000,female,graduate,single,26,0
60000,female,highschool,married,25,1
20000,female,university,single,25,1
50000,female,highschool,married,26,0
260000,female,graduate,single,27,0
170000,female,university,single,27,1
20000,female,university,single,27,0
20000,female,university,married,26,0
130000,female,university,married,26,0
70000,female,university,married,25,0
120000,female,graduate,single,26,0
210000,female,graduate,single,26,0
50000,female,university,married,27,0
30000,female,graduate,single,27,0
150000,female,university,single,27,0
300000,female,highschool,single,27,0
150000,female,university,single,27,0
30000,female,university,married,27,1
50000,female,university,single,27,0
80000,female,graduate,single,26,0
80000,female,university,married,26,0
60000,female,university,single,26,0
200000,female,graduate,married,27,0
280000,female,university,single,31,0
50000,female,university,single,24,0
80000,female,university,single,24,1
50000,female,university,single,23,0
20000,female,graduate,single,24,0
80000,female,graduate,single,24,1
20000,female,highschool,married,27,1
110000,female,university,single,28,0
50000,female,graduate,single,28,0
130000,female,highschool,single,24,1
20000,female,graduate,single,25,1
130000,female,university,single,25,1
50000,female,highschool,single,25,1
50000,female,university,single,25,1
130000,female,university,single,26,0
80000,female,university,married,26,1
230000,female,university,married,28,0
500000,female,graduate,single,28,0
160000,female,graduate,single,27,0
150000,female,university,married,27,1
60000,female,university,single,27,0
50000,female,graduate,single,27,0
10000,female,graduate,married,27,0
140000,female,graduate,single,28,0
180000,female,graduate,single,30,0
260000,female,graduate,single,28,0
90000,female,university,married,27,1
20000,female,university,married,29,1
30000,female,highschool,married,26,1
420000,female,university,single,26,0
230000,female,university,single,27,0
90000,female,university,married,28,0
210000,female,university,married,27,1
230000,female,university,single,27,0
100000,female,university,single,30,0
20000,female,highschool,married,30,0
20000,female,highschool,single,27,0
150000,female,highschool,single,28,0
180000,female,graduate,single,29,0
20000,female,graduate,single,26,0
280000,female,graduate,single,27,0
50000,female,highschool,single,26,0
50000,female,highschool,single,26,0
100000,female,university,single,26,0
10000,female,university,single,27,0
90000,female,graduate,single,27,0
120000,female,graduate,single,29,0
250000,female,university,single,29,1
180000,female,graduate,single,29,0
350000,female,university,single,29,0
250000,female,university,single,31,0
140000,female,university,married,29,0
50000,female,graduate,single,28,1
150000,female,graduate,single,28,1
160000,female,graduate,single,28,0
130000,female,highschool,married,28,0
340000,female,university,married,26,0
260000,female,university,single,26,0
110000,female,graduate,single,26,0
400000,female,graduate,single,29,0
70000,female,graduate,single,29,0
20000,female,highschool,married,31,1
60000,female,university,married,28,1
80000,female,graduate,single,29,0
150000,female,university,married,31,0
200000,female,other,single,29,0
110000,female,graduate,single,29,1
450000,female,university,single,29,0
160000,female,university,single,29,0
150000,female,university,single,28,0
30000,female,graduate,married,28,0
160000,female,university,single,29,0
140000,female,graduate,single,29,0
50000,female,graduate,single,28,0
390000,female,graduate,single,27,1
300000,female,university,married,28,0
50000,female,university,single,29,1
70000,male,university,single,29,0
170000,female,university,single,28,0
160000,female,highschool,married,45,0
50000,female,graduate,single,27,1
50000,female,university,married,28,0
90000,female,graduate,single,28,0
200000,female,graduate,single,25,0
20000,female,university,single,26,0
50000,female,university,married,30,0
50000,female,university,married,24,1
60000,female,highschool,single,26,0
30000,female,university,married,33,0
360000,female,highschool,single,30,0
20000,female,university,single,22,0
30000,female,university,single,23,0
80000,female,university,single,25,1
20000,female,university,married,22,0
70000,female,university,single,25,0
120000,female,graduate,single,26,0
20000,female,graduate,single,26,0
20000,female,university,single,22,0
170000,female,university,single,23,0
130000,female,university,single,24,0
180000,female,highschool,single,32,0
240000,female,university,single,30,0
50000,female,university,married,27,0
100000,female,graduate,married,39,1
80000,female,graduate,single,33,0
10000,female,university,divorce,46,1
50000,female,university,single,35,0
80000,female,university,married,35,1
40000,female,highschool,married,39,1
90000,female,university,married,40,1
170000,female,highschool,married,40,0
50000,female,highschool,single,49,0
10000,female,university,married,41,1
70000,female,highschool,married,34,0
20000,female,university,single,38,0
120000,female,university,single,36,0
110000,female,university,married,38,0
50000,female,university,married,36,1
110000,female,university,single,34,0
50000,female,university,married,37,0
360000,female,graduate,single,31,1
20000,female,university,married,38,1
180000,female,graduate,married,42,1
100000,female,university,married,37,0
20000,female,highschool,married,37,1
150000,female,highschool,married,39,0
60000,female,university,married,27,0
80000,female,graduate,single,29,1
60000,female,highschool,married,47,1
20000,female,highschool,married,43,1
110000,female,university,single,33,1
100000,female,highschool,married,41,0
280000,female,university,married,37,0
130000,female,highschool,single,36,0
50000,female,highschool,single,29,0
60000,female,university,married,33,0
70000,female,highschool,married,34,0
240000,female,university,married,46,1
310000,female,university,single,31,1
20000,female,highschool,single,33,0
50000,female,university,married,37,0
50000,female,highschool,single,33,0
130000,female,university,married,34,0
230000,female,university,single,30,0
380000,female,university,married,31,0
160000,female,highschool,single,32,0
20000,female,highschool,married,32,0
150000,female,graduate,single,33,1
90000,female,graduate,single,32,0
400000,female,graduate,married,33,0
70000,female,university,married,34,0
50000,female,university,married,34,0
30000,female,university,married,35,0
20000,female,university,married,46,0
20000,female,highschool,single,39,1
130000,female,highschool,married,37,1
80000,female,graduate,married,41,0
360000,female,graduate,married,41,1
120000,female,highschool,other,47,0
200000,female,highschool,married,41,0
150000,female,university,married,38,0
50000,female,university,single,44,0
170000,female,highschool,married,40,1
230000,female,university,married,34,0
50000,female,university,single,46,1
280000,female,graduate,married,36,0
50000,female,university,married,44,0
30000,female,highschool,married,31,0
360000,female,graduate,married,32,0
400000,female,university,single,32,1
80000,female,highschool,single,33,0
150000,female,university,single,34,0
260000,female,university,married,36,0
110000,female,highschool,married,39,0
50000,female,graduate,married,41,0
300000,female,university,single,40,0
20000,female,university,married,37,1
290000,female,university,single,37,1
120000,female,university,married,45,0
20000,female,university,single,40,0
360000,female,university,single,36,1
150000,female,graduate,married,41,0
100000,female,graduate,married,42,1
170000,female,graduate,married,45,0
200000,female,highschool,single,49,1
60000,female,highschool,married,48,1
80000,female,university,married,29,0
40000,female,highschool,married,30,0
50000,female,graduate,married,30,1
50000,female,highschool,single,39,1
40000,female,university,married,39,0
120000,female,university,single,25,0
200000,female,graduate,single,25,1
30000,female,university,single,29,0
260000,female,other,married,33,0
390000,female,university,single,31,0
140000,female,graduate,married,31,1
150000,female,university,single,32,0
30000,female,highschool,married,32,0
90000,female,university,divorce,36,0
150000,female,university,married,39,0
30000,female,university,married,39,0
200000,female,university,single,36,0
30000,female,graduate,single,38,0
30000,female,highschool,married,48,1
50000,female,university,married,29,0
310000,female,university,married,29,0
500000,female,graduate,married,37,0
500000,female,highschool,married,36,0
300000,female,university,married,36,0
430000,female,highschool,single,30,0
30000,female,graduate,married,30,0
30000,female,highschool,single,31,0
200000,female,graduate,single,32,0
130000,female,highschool,married,32,0
120000,female,graduate,single,33,0
170000,female,university,single,31,0
210000,female,graduate,married,34,0
130000,female,university,married,34,0
420000,female,university,married,35,0
180000,female,university,married,39,0
240000,female,university,single,40,0
100000,female,university,married,44,1
130000,female,highschool,single,45,0
20000,female,university,married,43,1
50000,female,university,single,46,0
70000,female,university,married,38,0
30000,female,highschool,married,41,0
50000,female,highschool,married,48,1
500000,female,highschool,married,41,0
200000,female,graduate,single,41,0
120000,female,university,married,42,1
200000,female,university,married,49,0
150000,female,university,single,36,1
100000,female,university,married,42,0
50000,female,university,single,38,0
50000,female,university,married,36,1
50000,female,graduate,married,43,1
550000,female,graduate,single,33,0
30000,female,university,married,35,0
150000,female,highschool,married,39,0
140000,female,university,single,27,0
50000,female,university,single,48,0
160000,female,highschool,single,39,0
50000,female,university,married,26,0
50000,female,graduate,married,28,0
110000,female,graduate,single,33,0
50000,female,highschool,married,46,1
350000,female,university,single,31,0
70000,female,university,married,42,0
210000,female,graduate,married,38,0
180000,female,university,married,36,0
30000,female,highschool,married,28,0
630000,female,graduate,married,31,0
220000,female,university,married,41,0
280000,female,graduate,married,44,0
340000,female,university,married,40,0
180000,female,graduate,single,33,1
250000,female,university,married,35,0
20000,female,university,single,48,1
140000,female,university,married,40,0
130000,female,university,single,44,1
120000,female,graduate,married,38,0
360000,female,graduate,married,42,0
240000,female,university,married,43,0
310000,female,university,married,40,0
100000,female,highschool,married,46,1
200000,female,graduate,married,37,0
80000,female,university,married,29,0
210000,female,graduate,single,32,0
180000,female,graduate,single,31,0
70000,female,university,married,33,0
60000,female,university,single,36,0
200000,female,graduate,married,49,0
50000,female,university,single,48,0
50000,female,highschool,married,46,1
70000,female,university,married,41,0
130000,female,university,married,48,0
140000,female,university,married,47,0
350000,female,highschool,married,36,0
150000,female,graduate,single,30,0
50000,female,university,married,39,0
50000,female,highschool,married,47,0
30000,female,university,single,36,0
20000,female,highschool,married,38,0
50000,female,university,single,33,0
30000,female,university,single,47,1
230000,female,other,single,47,0
70000,female,highschool,married,43,1
30000,female,university,single,49,0
150000,female,highschool,married,33,0
40000,female,university,married,38,0
250000,female,university,married,31,0
200000,female,university,married,46,0
190000,female,university,married,31,0
390000,female,graduate,married,33,0
20000,female,highschool,married,36,1
200000,female,university,married,47,0
60000,female,university,married,38,0
30000,female,university,single,39,0
230000,female,university,single,38,0
130000,female,university,married,33,0
140000,female,university,married,44,1
360000,female,graduate,married,45,0
20000,female,graduate,single,31,1
100000,female,university,single,35,0
210000,female,university,single,45,0
50000,female,highschool,married,32,0
380000,female,graduate,married,44,0
50000,female,graduate,single,39,0
200000,female,university,single,30,0
50000,female,graduate,married,30,0
150000,female,graduate,married,31,0
30000,female,university,married,32,1
30000,female,university,single,34,1
110000,female,university,married,39,0
30000,female,university,married,38,0
130000,female,university,married,39,0
260000,female,university,married,39,1
30000,female,university,married,43,1
220000,female,university,single,47,0
120000,female,graduate,married,33,1
100000,female,university,single,43,0
100000,female,university,married,38,1
70000,female,university,single,44,1
20000,female,university,married,46,1
320000,female,graduate,married,36,0
210000,female,university,married,45,0
90000,female,highschool,married,37,0
120000,female,highschool,married,36,0
360000,female,university,married,35,0
140000,female,highschool,married,30,0
300000,female,graduate,married,32,0
90000,female,university,married,43,1
170000,female,highschool,single,44,1
190000,female,university,married,46,0
140000,female,university,married,40,1
200000,female,graduate,married,37,0
500000,female,university,married,43,0
300000,female,graduate,married,38,0
180000,female,university,single,29,0
360000,female,highschool,married,44,0
90000,female,university,married,32,0
150000,female,university,married,44,0
500000,female,graduate,married,30,0
80000,female,university,single,29,0
10000,female,highschool,single,46,1
180000,female,graduate,married,46,0
150000,female,other,single,36,0
80000,female,graduate,married,44,0
60000,female,university,married,30,1
240000,female,graduate,married,35,0
50000,female,highschool,married,35,0
230000,female,graduate,single,33,0
40000,female,university,single,33,0
250000,female,university,married,33,1
50000,female,university,married,32,0
120000,female,highschool,married,39,1
50000,female,highschool,single,41,1
60000,female,university,married,38,0
160000,female,highschool,single,35,0
50000,female,university,married,43,1
400000,female,graduate,married,48,0
50000,female,university,divorce,39,0
100000,female,highschool,single,31,0
100000,female,university,single,34,0
360000,female,graduate,single,35,0
30000,female,highschool,single,41,0
50000,female,university,married,32,0
80000,female,university,married,28,1
150000,female,university,single,28,0
10000,female,highschool,married,33,0
200000,female,university,married,35,0
30000,female,university,single,42,0
220000,female,graduate,married,37,0
180000,female,graduate,single,28,0
220000,female,graduate,single,30,0
220000,female,graduate,single,29,0
390000,female,university,single,33,0
350000,female,university,married,36,0
560000,female,university,married,45,1
240000,female,graduate,married,37,1
410000,female,university,married,43,0
90000,female,university,single,36,1
30000,female,graduate,single,31,0
40000,female,university,married,33,1
60000,female,university,single,46,0
390000,female,university,married,41,0
130000,female,university,married,35,0
90000,female,university,single,32,1
300000,female,university,married,36,0
220000,female,graduate,married,33,0
20000,female,graduate,single,33,0
140000,female,highschool,married,35,0
150000,female,other,married,47,0
120000,female,highschool,married,44,0
200000,female,university,married,37,0
20000,female,university,married,40,1
110000,female,university,married,41,1
290000,female,university,single,34,0
210000,female,highschool,married,45,0
370000,female,university,single,40,0
80000,female,highschool,other,41,0
200000,female,highschool,married,42,0
180000,female,university,married,35,0
260000,female,university,single,35,0
50000,female,university,married,43,1
150000,female,highschool,married,40,0
190000,female,highschool,married,45,0
160000,female,university,single,42,0
180000,female,university,married,37,0
130000,female,university,single,32,0
30000,female,university,married,47,0
100000,female,university,married,36,1
20000,female,university,single,37,1
100000,female,university,married,43,0
20000,female,university,married,40,0
20000,female,university,married,35,1
20000,female,highschool,single,48,0
50000,female,highschool,married,42,1
110000,female,university,married,38,1
60000,female,university,married,48,1
50000,female,university,single,35,0
200000,female,graduate,single,40,1
360000,female,university,married,48,0
110000,female,university,married,35,0
230000,female,university,married,46,0
180000,female,university,single,39,0
180000,female,university,single,31,0
50000,female,university,single,42,0
570000,female,graduate,married,39,0
30000,female,university,married,45,0
140000,female,university,married,46,0
50000,female,university,married,44,1
50000,female,graduate,married,35,1
120000,female,graduate,single,35,1
120000,female,graduate,single,35,1
50000,female,university,single,45,0
180000,female,university,married,40,0
80000,female,highschool,married,42,0
300000,female,graduate,married,43,0
80000,female,graduate,married,37,0
70000,female,university,single,34,1
320000,female,university,married,40,0
500000,female,graduate,single,35,0
250000,female,graduate,single,35,0
230000,female,university,married,46,0
80000,female,highschool,married,45,0
170000,female,university,married,40,1
110000,female,highschool,other,31,0
240000,female,graduate,single,31,0
150000,female,highschool,married,46,0
90000,female,highschool,married,37,0
100000,female,university,married,36,1
30000,female,university,married,42,1
80000,female,university,married,40,1
260000,female,university,married,49,1
200000,female,highschool,married,43,0
20000,female,highschool,married,39,1
160000,female,graduate,single,31,1
70000,female,university,single,38,0
20000,female,university,married,43,0
200000,female,graduate,married,45,0
440000,female,highschool,married,49,0
20000,female,highschool,married,43,0
110000,female,graduate,married,35,0
130000,female,highschool,married,44,0
50000,female,university,married,33,0
290000,female,graduate,married,35,1
480000,female,university,married,38,0
310000,female,graduate,single,29,0
30000,female,university,married,30,1
500000,female,other,married,39,0
80000,female,university,single,31,0
100000,female,university,married,32,0
70000,female,highschool,married,37,0
210000,female,university,married,43,0
180000,female,highschool,married,43,0
50000,female,university,married,43,0
60000,female,graduate,single,34,0
50000,female,university,married,40,0
70000,female,highschool,married,38,0
50000,female,university,single,36,0
350000,female,graduate,married,42,0
170000,female,university,married,45,0
180000,female,university,married,32,0
220000,female,graduate,single,30,0
80000,female,highschool,married,30,1
360000,female,university,married,33,0
500000,female,graduate,single,31,0
410000,female,graduate,single,31,0
80000,female,graduate,married,32,1
180000,female,graduate,single,33,1
280000,female,graduate,single,31,0
20000,female,graduate,single,31,0
30000,female,university,single,31,1
200000,female,graduate,married,31,0
180000,female,graduate,single,32,1
140000,female,graduate,single,33,0
130000,female,university,single,29,0
20000,female,university,married,30,0
120000,female,graduate,single,29,1
50000,female,university,single,30,0
310000,female,university,married,30,0
420000,female,graduate,single,30,0
60000,female,university,single,30,0
140000,female,graduate,married,30,0
80000,female,university,single,30,1
220000,female,university,married,31,0
360000,female,university,married,33,0
290000,female,graduate,single,29,0
260000,female,graduate,single,30,0
170000,female,graduate,single,29,0
200000,female,graduate,single,34,1
140000,female,university,married,35,0
170000,female,university,single,39,0
220000,female,graduate,married,45,0
230000,female,graduate,married,44,1
360000,female,highschool,single,38,0
340000,female,graduate,married,36,0
360000,female,graduate,married,37,1
90000,female,highschool,single,42,0
130000,female,university,married,47,1
80000,female,university,married,41,1
400000,female,graduate,married,41,0
240000,female,university,single,43,0
10000,female,university,married,46,1
240000,female,graduate,married,41,0
130000,female,graduate,married,40,0
20000,female,highschool,married,44,0
80000,female,university,married,40,0
250000,female,university,married,39,0
30000,female,university,married,44,0
280000,female,university,married,42,0
290000,female,university,married,49,0
500000,female,highschool,single,46,0
80000,female,university,married,40,0
120000,female,university,married,47,0
80000,female,university,married,48,0
210000,female,university,single,41,0
100000,female,university,single,30,1
210000,female,graduate,married,41,0
500000,female,university,married,44,0
230000,female,graduate,married,39,0
110000,female,university,married,40,0
210000,female,graduate,married,46,0
320000,female,university,single,35,0
140000,female,university,single,37,0
40000,female,graduate,married,48,0
280000,female,graduate,married,35,0
220000,female,graduate,married,47,0
250000,female,university,married,37,0
70000,female,graduate,single,34,0
70000,female,graduate,married,35,0
300000,female,graduate,married,47,1
50000,female,highschool,married,40,0
70000,female,graduate,single,36,0
50000,female,highschool,married,35,0
250000,female,university,married,35,1
120000,female,university,married,34,0
70000,female,graduate,married,35,1
440000,female,graduate,married,40,0
280000,female,graduate,married,41,0
360000,female,graduate,married,42,0
150000,female,graduate,married,43,0
300000,female,highschool,single,44,1
20000,female,university,married,42,0
380000,female,university,married,38,0
340000,female,university,married,44,0
210000,female,university,single,41,0
60000,female,university,married,41,1
130000,female,graduate,married,46,0
340000,female,graduate,married,43,0
170000,female,university,married,49,0
360000,female,university,married,43,0
60000,female,university,married,35,0
360000,female,graduate,married,37,0
280000,female,university,married,41,0
240000,female,graduate,married,34,0
120000,female,graduate,single,34,0
90000,female,graduate,single,33,0
100000,female,graduate,married,34,0
410000,female,graduate,married,34,0
190000,female,graduate,married,43,0
220000,female,graduate,married,36,0
90000,female,university,single,44,1
120000,female,graduate,single,30,0
10000,female,highschool,single,50,1
500000,female,graduate,married,50,0
120000,female,university,married,51,0
120000,female,university,married,50,0
220000,female,graduate,married,51,1
240000,female,university,married,50,0
150000,female,graduate,single,36,0
500000,female,graduate,married,50,0
150000,female,graduate,married,50,0
60000,female,university,married,49,0
30000,female,highschool,married,50,1
320000,female,university,married,53,0
470000,female,graduate,married,61,0
440000,female,graduate,single,51,0
50000,female,university,married,51,0
220000,female,university,married,51,0
360000,female,graduate,married,54,0
90000,female,highschool,married,58,0
50000,female,highschool,single,60,1
50000,female,university,married,56,0
290000,female,highschool,married,58,0
350000,female,university,married,50,1
110000,female,highschool,married,52,0
40000,female,university,married,53,1
50000,female,highschool,married,59,1
110000,female,graduate,married,55,0
360000,female,highschool,married,70,0
200000,female,highschool,single,63,1
140000,female,university,single,53,0
80000,female,university,single,61,1
260000,female,university,married,56,0
340000,female,graduate,married,56,1
30000,female,university,married,58,1
30000,female,highschool,married,54,0
440000,female,highschool,married,50,0
10000,female,highschool,married,52,0
230000,female,university,married,55,0
50000,female,highschool,married,61,0
150000,female,university,divorce,54,0
330000,female,highschool,married,55,0
370000,female,highschool,single,50,0
130000,female,highschool,single,53,0
10000,female,highschool,married,51,1
360000,female,university,married,54,0
20000,female,highschool,married,61,1
180000,female,highschool,single,52,0
80000,female,highschool,married,62,0
50000,female,university,married,55,1
150000,female,graduate,single,64,0
30000,female,highschool,married,56,0
50000,female,highschool,married,52,0
20000,female,university,divorce,56,0
130000,female,highschool,single,55,0
320000,female,highschool,single,53,0
300000,female,highschool,married,62,0
330000,female,graduate,married,53,0
50000,female,university,single,53,0
70000,female,highschool,single,60,0
70000,female,highschool,divorce,58,0
100000,female,highschool,married,58,0
110000,female,university,married,54,1
100000,female,university,married,58,1
160000,female,highschool,married,53,0
70000,female,highschool,single,55,0
60000,female,university,married,59,0
80000,female,university,married,61,0
100000,female,highschool,married,60,0
230000,female,graduate,married,66,1
60000,female,highschool,divorce,64,0
160000,female,university,married,58,0
30000,female,university,married,55,1
310000,female,graduate,married,62,0
60000,male,university,married,46,0
50000,male,university,married,64,0
140000,male,highschool,married,58,0
20000,male,university,single,27,0
10000,male,university,single,38,0
80000,male,university,single,29,0
50000,male,highschool,single,24,0
160000,female,university,married,51,1
500000,female,graduate,single,51,0
470000,female,university,married,54,0
210000,female,graduate,married,54,0
50000,male,highschool,single,23,1
30000,male,graduate,single,24,1
50000,male,graduate,single,23,0
80000,male,graduate,single,24,0
30000,male,university,married,23,1
80000,male,other,single,24,0
150000,male,graduate,single,28,0
170000,male,university,single,27,0
220000,male,university,single,30,0
30000,male,university,single,35,1
100000,male,university,single,23,0
10000,male,university,single,24,1
140000,male,university,single,24,1
50000,male,university,single,24,0
20000,male,university,single,22,0
10000,male,university,single,22,1
50000,male,university,single,24,0
10000,male,highschool,single,22,0
30000,male,university,single,23,0
50000,male,university,single,23,0
100000,male,university,single,24,1
20000,male,highschool,single,24,0
20000,male,university,single,25,0
100000,male,university,single,25,0
50000,male,university,single,25,1
100000,male,graduate,single,24,0
30000,male,highschool,single,25,1
50000,male,university,married,25,1
50000,male,university,single,25,1
50000,male,graduate,single,25,0
50000,male,other,single,23,0
50000,male,graduate,single,25,0
50000,male,university,single,25,0
380000,male,university,single,26,0
50000,male,graduate,single,24,1
30000,male,university,single,24,0
150000,male,university,married,25,0
180000,male,university,single,25,0
80000,male,highschool,single,26,1
110000,male,university,single,24,1
30000,male,highschool,single,25,0
110000,male,university,single,25,1
280000,male,university,single,26,0
10000,male,university,single,23,1
10000,male,university,single,23,0
20000,male,university,single,24,0
170000,male,university,single,26,0
20000,male,highschool,single,26,1
130000,male,university,single,22,0
200000,male,graduate,single,26,1
250000,male,university,single,26,0
80000,male,university,single,27,0
180000,male,graduate,single,27,0
120000,male,university,single,28,0
20000,male,university,single,26,0
150000,male,graduate,single,26,0
190000,male,university,single,26,0
210000,male,graduate,single,27,0
180000,male,university,single,27,0
50000,male,university,single,28,0
140000,male,graduate,single,25,0
80000,male,university,single,26,0
80000,male,university,single,27,1
80000,male,university,single,25,0
20000,male,university,single,28,0
10000,male,university,married,26,1
30000,male,university,single,26,1
240000,male,graduate,single,27,0
50000,male,university,single,28,0
90000,male,university,single,26,1
60000,male,graduate,single,28,0
100000,male,university,single,28,1
120000,male,graduate,single,28,0
10000,male,university,married,28,0
70000,male,university,single,28,1
60000,male,graduate,single,28,0
130000,male,graduate,single,29,0
30000,male,highschool,married,30,1
360000,male,graduate,single,30,0
80000,male,university,single,30,0
20000,male,university,single,27,0
50000,male,university,single,28,0
80000,male,highschool,single,27,1
150000,male,graduate,married,27,0
60000,male,university,single,27,0
220000,male,university,single,28,0
10000,male,highschool,single,23,0
50000,male,university,single,26,0
50000,male,graduate,single,26,0
220000,male,graduate,single,28,0
450000,male,graduate,single,29,0
240000,male,university,married,33,0
500000,male,university,single,29,0
170000,male,graduate,single,28,0
100000,male,university,single,29,1
60000,male,graduate,single,29,0
200000,male,graduate,single,30,0
200000,male,university,single,27,1
20000,male,graduate,single,28,0
40000,male,university,single,27,1
110000,male,graduate,single,27,0
10000,male,university,married,27,0
100000,male,university,single,28,0
50000,male,university,single,28,0
30000,male,highschool,single,28,0
30000,male,university,single,28,0
50000,male,university,married,29,0
20000,male,highschool,single,29,1
50000,male,university,single,30,0
60000,male,university,single,28,1
50000,male,university,single,32,1
130000,male,highschool,married,34,1
20000,male,university,single,25,1
100000,male,university,single,28,1
20000,male,university,married,38,1
150000,male,highschool,single,44,0
70000,male,graduate,single,33,0
250000,male,graduate,married,40,0
50000,male,highschool,married,32,1
90000,male,university,married,34,1
90000,male,university,single,32,0
120000,male,graduate,single,33,1
240000,male,university,single,25,0
50000,male,university,single,25,1
100000,male,university,married,29,1
390000,male,highschool,married,49,0
50000,male,highschool,married,36,1
40000,male,university,married,44,1
190000,male,university,married,38,0
10000,male,university,married,40,1
10000,male,university,married,44,0
180000,male,graduate,single,30,0
230000,male,university,single,31,0
20000,male,university,single,31,0
230000,male,university,single,32,1
200000,male,graduate,single,32,0
470000,male,graduate,single,34,0
150000,male,graduate,divorce,45,0
70000,male,highschool,married,37,0
50000,male,university,single,37,0
80000,male,graduate,single,35,0
330000,male,graduate,married,40,0
140000,male,university,single,33,0
70000,male,university,single,44,1
280000,male,university,single,32,0
150000,male,highschool,single,30,0
80000,male,university,married,35,0
120000,male,graduate,married,42,1
50000,male,university,married,45,0
230000,male,university,married,43,0
160000,male,university,single,36,0
50000,male,highschool,single,37,0
100000,male,highschool,married,49,0
200000,male,university,married,43,1
170000,male,university,married,36,0
50000,male,university,married,43,0
200000,male,highschool,married,46,0
200000,male,university,married,39,0
50000,male,highschool,single,41,0
50000,male,highschool,single,45,0
300000,male,university,married,39,0
130000,male,university,single,32,0
80000,male,graduate,single,33,1
120000,male,graduate,single,34,0
140000,male,graduate,single,32,1
220000,male,graduate,single,48,0
70000,male,university,single,32,1
20000,male,highschool,single,45,0
200000,male,graduate,married,49,0
20000,male,university,married,31,1
510000,male,graduate,single,32,0
450000,male,graduate,single,34,0
50000,male,university,married,34,0
120000,male,university,divorce,48,0
50000,male,highschool,married,45,1
280000,male,university,single,31,0
30000,male,graduate,single,33,1
20000,male,university,married,35,0
80000,male,university,married,42,0
120000,male,university,married,45,0
370000,male,university,married,38,0
50000,male,university,single,45,0
20000,male,highschool,single,39,0
160000,male,university,married,36,0
170000,male,highschool,single,44,0
100000,male,university,single,36,0
210000,male,graduate,married,42,0
100000,male,highschool,single,32,0
230000,male,graduate,married,33,1
240000,male,graduate,married,38,0
240000,male,highschool,single,36,0
50000,male,university,divorce,48,1
80000,male,university,married,46,0
50000,male,highschool,single,41,0
50000,male,university,married,36,0
440000,male,graduate,single,37,0
220000,male,highschool,single,42,0
70000,male,graduate,single,30,0
240000,male,graduate,single,32,0
360000,male,highschool,single,42,0
360000,male,graduate,single,32,0
80000,male,graduate,single,33,0
30000,male,university,single,36,1
160000,male,university,single,37,1
150000,male,university,single,39,1
100000,male,university,single,30,0
70000,male,university,single,33,0
300000,male,university,single,35,0
90000,male,university,married,39,1
800000,male,graduate,single,46,0
360000,male,university,single,40,0
90000,male,university,married,41,1
300000,male,highschool,single,43,1
30000,male,highschool,married,46,1
50000,male,university,single,37,0
110000,male,university,married,30,1
80000,male,graduate,single,37,0
140000,male,university,married,31,0
50000,male,university,married,44,0
20000,male,highschool,single,40,0
50000,male,highschool,single,46,0
50000,male,graduate,single,34,0
130000,male,university,married,48,1
90000,male,university,married,45,0
30000,male,highschool,married,44,0
50000,male,university,married,49,1
170000,male,graduate,married,39,0
290000,male,graduate,single,31,1
20000,male,highschool,married,47,0
180000,male,graduate,single,38,1
360000,male,graduate,married,35,0
20000,male,highschool,single,31,0
140000,male,university,single,33,0
90000,male,university,married,34,0
120000,male,university,married,40,0
160000,male,graduate,married,31,0
280000,male,university,married,32,1
500000,male,graduate,married,46,0
100000,male,university,single,38,1
160000,male,highschool,single,31,0
20000,male,university,married,42,0
400000,male,graduate,single,39,0
30000,male,university,married,45,0
50000,male,highschool,married,47,0
70000,male,university,single,40,0
110000,male,university,married,42,0
50000,male,university,single,44,0
170000,male,university,married,40,0
30000,male,graduate,married,33,0
50000,male,highschool,married,29,0
50000,male,university,single,30,1
90000,male,highschool,married,44,1
110000,male,university,married,40,0
240000,male,university,single,46,0
360000,male,highschool,married,42,0
290000,male,university,single,45,0
180000,male,graduate,married,39,0
180000,male,university,married,43,0
50000,male,university,single,43,0
500000,male,graduate,single,47,0
50000,male,university,married,35,1
50000,male,highschool,married,37,0
400000,male,graduate,single,32,0
240000,male,university,married,34,0
150000,male,university,married,31,0
50000,male,highschool,single,31,1
150000,male,graduate,married,34,0
50000,male,highschool,married,41,1
360000,male,graduate,single,40,0
100000,male,graduate,married,38,1
30000,male,university,single,44,0
260000,male,graduate,single,36,0
140000,male,university,married,29,0
30000,male,highschool,married,48,0
60000,male,university,single,36,1
10000,male,university,single,29,0
110000,male,highschool,single,34,1
40000,male,graduate,single,34,1
50000,male,highschool,married,47,1
50000,male,university,single,40,0
350000,male,university,single,32,1
450000,male,graduate,single,34,0
50000,male,university,single,42,0
170000,male,highschool,married,39,0
100000,male,university,married,41,0
140000,male,graduate,married,36,0
250000,male,graduate,single,29,0
130000,male,graduate,single,29,0
130000,male,university,single,33,0
360000,male,highschool,married,36,1
270000,male,university,married,39,0
140000,male,university,married,40,0
150000,male,university,single,32,0
200000,male,graduate,single,33,0
280000,male,graduate,married,34,0
80000,male,highschool,single,35,1
240000,male,highschool,single,40,0
20000,male,graduate,single,42,1
300000,male,graduate,married,38,0
250000,male,graduate,single,41,1
50000,male,graduate,single,49,1
50000,male,highschool,married,41,0
30000,male,university,single,39,1
240000,male,graduate,married,38,1
200000,male,university,married,40,1
50000,male,graduate,single,39,0
210000,male,graduate,single,38,0
280000,male,graduate,married,42,0
200000,male,highschool,single,33,0
300000,male,university,married,41,0
420000,male,graduate,single,36,0
350000,male,graduate,single,34,0
120000,male,highschool,married,43,1
110000,male,university,married,48,1
20000,male,graduate,single,31,0
100000,male,graduate,single,32,0
240000,male,graduate,married,36,1
130000,male,other,single,37,0
170000,male,graduate,single,48,0
60000,male,university,married,42,1
200000,male,highschool,married,42,0
210000,male,university,married,48,0
100000,male,university,single,35,0
380000,male,graduate,married,37,0
240000,male,graduate,single,38,0
150000,male,university,single,33,0
60000,male,university,single,35,0
350000,male,university,married,37,0
300000,male,graduate,married,33,0
160000,male,highschool,married,42,0
130000,male,graduate,single,37,0
50000,male,highschool,single,38,0
270000,male,university,married,40,1
90000,male,graduate,single,36,0
240000,male,graduate,married,37,0
450000,male,graduate,married,45,0
280000,male,graduate,single,36,1
270000,male,graduate,married,38,0
10000,male,highschool,single,46,1
50000,male,graduate,divorce,37,0
100000,male,graduate,married,33,0
190000,male,graduate,single,32,1
240000,male,graduate,single,33,0
220000,male,graduate,married,33,0
500000,male,graduate,married,42,0
300000,male,graduate,single,32,1
500000,male,graduate,single,30,0
200000,male,graduate,single,30,0
260000,male,university,single,31,0
160000,male,highschool,single,31,0
340000,male,graduate,single,31,0
500000,male,graduate,single,32,0
310000,male,graduate,married,32,0
360000,male,university,married,30,0
110000,male,graduate,married,36,1
390000,male,graduate,married,36,0
140000,male,graduate,single,31,0
30000,male,highschool,single,32,0
200000,male,graduate,single,33,0
110000,male,graduate,single,40,0
20000,male,graduate,married,35,1
210000,male,university,married,41,1
380000,male,university,married,42,0
70000,male,graduate,married,42,0
20000,male,university,single,32,0
260000,male,graduate,single,32,0
200000,male,graduate,married,46,0
190000,male,university,single,36,1
50000,male,university,single,42,0
20000,male,university,single,35,0
400000,male,graduate,married,49,0
280000,male,university,married,49,0
60000,male,highschool,married,38,1
250000,male,graduate,married,47,0
400000,male,graduate,single,41,0
180000,male,university,married,46,0
50000,male,university,married,45,0
220000,male,university,single,39,0
50000,male,university,married,35,0
20000,male,highschool,single,61,0
100000,male,university,married,44,0
500000,male,graduate,married,44,0
120000,male,university,single,38,0
360000,male,graduate,married,37,0
440000,male,university,married,48,0
240000,male,university,single,30,0
200000,male,graduate,married,45,0
50000,male,university,married,46,0
260000,male,university,married,44,1
300000,male,university,married,35,1
130000,male,university,married,37,0
50000,male,university,single,48,1
20000,male,highschool,single,36,0
20000,male,graduate,married,36,0
50000,male,highschool,married,45,0
70000,male,university,single,39,1
70000,male,university,married,45,0
450000,male,highschool,single,38,0
70000,male,university,married,40,0
120000,male,university,single,45,0
80000,male,university,single,33,0
20000,male,university,single,40,1
230000,male,university,married,42,0
480000,male,graduate,single,49,0
490000,male,graduate,married,42,0
310000,male,university,married,42,0
100000,male,graduate,single,33,0
260000,male,graduate,single,39,0
360000,male,graduate,married,43,0
500000,male,graduate,single,48,0
160000,male,graduate,single,34,0
360000,male,highschool,single,34,0
320000,male,university,married,36,0
210000,male,university,married,42,0
140000,male,graduate,married,41,0
20000,male,university,single,39,1
300000,male,graduate,divorce,50,1
130000,male,university,married,50,0
200000,male,highschool,married,50,0
120000,male,university,single,51,1
50000,male,university,divorce,52,0
180000,male,graduate,married,51,0
230000,male,graduate,married,53,1
10000,male,highschool,married,50,0
20000,male,university,married,49,1
200000,male,university,single,48,0
360000,male,university,married,49,0
210000,male,university,married,53,0
80000,male,university,married,53,1
60000,male,university,single,51,0
100000,male,highschool,married,56,0
20000,male,highschool,married,62,0
50000,male,university,married,54,1
300000,male,highschool,married,56,0
140000,male,highschool,married,50,0
120000,male,highschool,married,59,0
400000,male,highschool,married,57,0
50000,male,highschool,single,58,0
90000,male,graduate,married,56,0
60000,male,university,married,57,0
260000,male,graduate,married,51,0
80000,male,highschool,married,52,0
160000,male,university,married,55,0
10000,male,highschool,single,51,0
190000,male,university,married,50,1
160000,male,graduate,married,51,0
20000,male,highschool,single,49,0
300000,male,highschool,married,57,0
440000,male,graduate,married,79,0
50000,male,highschool,married,54,0
350000,male,graduate,married,50,0
60000,male,highschool,married,50,0
50000,male,university,married,47,1
30000,male,university,single,52,1
150000,male,graduate,single,52,0
100000,male,graduate,married,60,1
350000,male,graduate,married,55,0
80000,male,university,married,52,0
80000,male,highschool,married,55,0
10000,male,highschool,married,54,1
210000,male,university,married,66,1
500000,male,graduate,married,62,0
20000,male,university,married,61,1
330000,male,graduate,single,54,0
250000,male,graduate,married,58,0
420000,male,graduate,married,54,0
90000,male,university,married,53,1
180000,male,highschool,single,52,0
50000,male,highschool,married,51,0
200000,male,university,married,53,1
100000,male,graduate,married,63,0
150000,male,graduate,married,55,0
360000,male,graduate,married,62,0
50000,male,university,single,57,0
30000,male,university,divorce,58,0
330000,male,highschool,married,56,0
70000,male,university,divorce,47,1
420000,male,graduate,married,51,0
130000,male,graduate,married,51,0
200000,male,university,married,55,0
180000,male,highschool,married,58,1
170000,male,university,married,59,1
190000,male,graduate,married,54,0
200000,male,graduate,married,54,0
30000,male,highschool,married,54,1
460000,male,university,married,55,0
190000,male,graduate,married,54,0
10000,male,university,single,54,0
90000,male,university,married,57,0
440000,male,graduate,married,54,0
480000,male,university,married,58,0
360000,male,highschool,married,56,0
500000,male,graduate,married,69,0
30000,female,highschool,married,28,0
80000,female,highschool,married,33,1
200000,male,university,married,66,1
350000,male,graduate,married,57,0
150000,male,university,married,55,0
360000,male,highschool,single,54,1
20000,female,highschool,married,31,1
310000,female,university,married,47,0
200000,female,graduate,single,31,0
210000,female,highschool,married,40,0
30000,female,highschool,married,47,0
110000,female,graduate,single,31,0
50000,female,highschool,single,27,0
50000,female,graduate,single,26,1
50000,female,university,married,33,0
20000,female,graduate,single,23,0
230000,female,highschool,other,30,0
80000,female,university,single,32,0
150000,female,university,married,53,0
240000,female,university,married,28,0
450000,female,graduate,married,36,0
180000,female,university,single,24,1
30000,female,university,single,22,0
50000,female,university,married,22,1
20000,female,university,married,31,0
150000,female,university,single,25,0
20000,female,university,married,29,1
40000,female,university,married,25,1
180000,female,university,married,30,0
80000,female,university,single,29,0
50000,female,university,single,24,0
480000,female,graduate,single,32,0
20000,female,graduate,single,23,0
150000,female,graduate,single,24,0
20000,female,university,single,22,0
360000,female,graduate,single,29,0
200000,female,graduate,single,33,1
20000,female,graduate,single,28,0
50000,female,university,single,23,0
70000,female,university,single,23,1
120000,female,university,single,23,0
50000,female,highschool,married,46,0
310000,female,graduate,married,36,0
60000,female,university,single,24,0
20000,female,graduate,single,22,0
20000,female,university,single,22,1
50000,female,graduate,single,22,1
80000,female,university,single,22,0
20000,female,university,single,22,0
20000,female,other,single,22,1
10000,female,graduate,married,23,0
20000,female,university,married,21,0
20000,female,university,single,21,0
30000,female,university,single,22,0
20000,female,graduate,single,21,0
20000,female,graduate,single,22,0
20000,female,university,single,22,0
50000,female,university,single,22,0
50000,female,graduate,single,23,0
50000,female,highschool,single,23,1
20000,female,university,single,22,1
20000,female,university,single,22,1
80000,female,graduate,single,23,0
80000,female,university,single,23,0
130000,female,university,single,23,0
200000,female,graduate,single,24,0
50000,female,graduate,single,24,0
20000,female,graduate,single,22,0
20000,female,university,single,22,1
50000,female,university,single,22,1
60000,female,university,single,23,0
130000,female,university,single,22,0
80000,female,university,single,22,1
170000,female,university,single,34,0
90000,female,graduate,single,23,0
20000,female,university,married,23,0
20000,female,graduate,single,23,0
80000,female,university,single,23,0
30000,female,university,single,22,1
30000,female,graduate,single,22,0
30000,female,highschool,married,23,1
150000,female,university,single,23,0
50000,female,graduate,single,23,1
80000,female,university,single,23,0
30000,female,graduate,single,23,1
60000,female,graduate,single,23,1
100000,female,university,single,23,0
140000,female,graduate,single,23,0
140000,female,graduate,single,23,0
70000,female,other,married,23,0
70000,female,university,single,22,0
30000,female,university,married,28,1
50000,female,highschool,single,22,1
50000,female,university,single,22,1
30000,female,highschool,married,22,0
30000,female,highschool,single,23,1
30000,female,graduate,single,24,0
20000,female,graduate,single,25,0
60000,female,other,single,23,0
200000,female,graduate,single,23,0
80000,female,graduate,single,23,1
170000,female,graduate,single,23,0
230000,female,university,single,24,1
90000,female,graduate,single,24,1
290000,female,university,single,24,1
60000,female,university,single,24,0
20000,female,graduate,single,24,1
50000,female,university,married,23,0
210000,female,university,single,23,0
290000,female,university,single,29,0
90000,female,university,single,23,0
50000,female,university,single,23,0
50000,female,university,single,23,0
20000,female,highschool,single,24,0
360000,female,university,single,23,0
230000,female,graduate,single,23,0
30000,female,graduate,single,24,0
30000,female,graduate,single,23,0
70000,female,university,single,23,0
20000,female,university,single,25,1
80000,female,university,single,25,0
80000,female,university,single,24,0
50000,female,university,single,25,0
30000,female,other,single,22,0
30000,female,graduate,single,22,0
70000,female,university,single,22,0
30000,female,university,single,24,0
110000,female,university,married,24,0
160000,female,university,single,24,0
30000,female,university,single,22,1
40000,female,university,single,24,1
160000,female,university,single,25,1
50000,female,university,single,23,1
160000,female,graduate,single,23,1
30000,female,university,single,22,0
70000,female,university,single,23,0
150000,female,university,married,24,0
50000,female,university,married,24,0
80000,female,graduate,married,24,0
50000,female,university,single,24,1
50000,female,university,single,24,0
30000,female,highschool,married,25,0
250000,female,highschool,married,27,0
70000,female,graduate,married,23,0
150000,female,university,single,23,0
320000,female,graduate,single,25,0
80000,female,other,single,25,0
30000,female,highschool,single,26,1
50000,female,graduate,single,23,0
30000,female,highschool,single,23,0
20000,female,university,single,23,0
200000,female,university,married,25,1
20000,female,university,single,22,1
100000,female,university,single,24,1
20000,female,graduate,single,26,1
130000,female,university,single,24,0
50000,female,other,single,24,0
200000,female,other,married,25,1
20000,female,university,married,25,1
20000,female,university,married,26,0
100000,female,graduate,single,26,0
170000,female,university,single,24,0
80000,female,graduate,single,22,0
130000,female,graduate,single,26,1
50000,female,highschool,married,26,1
280000,female,university,single,26,0
130000,female,university,single,27,0
150000,female,university,married,27,0
130000,female,graduate,single,23,0
30000,female,university,single,23,0
50000,female,graduate,single,23,0
120000,female,university,single,24,0
30000,female,university,single,24,0
80000,female,university,single,25,0
80000,female,graduate,single,23,0
20000,female,graduate,single,23,1
80000,female,highschool,married,23,0
30000,female,university,married,27,0
120000,female,graduate,single,26,0
110000,female,graduate,single,26,0
70000,female,graduate,single,25,0
300000,female,graduate,single,25,0
160000,female,university,single,25,0
150000,female,university,single,25,0
210000,female,university,married,47,1
20000,female,university,single,26,0
240000,female,university,single,26,0
60000,female,university,single,25,0
20000,female,university,single,25,0
130000,female,university,single,25,0
330000,female,university,married,25,0
50000,female,graduate,married,25,1
110000,female,graduate,single,24,0
50000,female,highschool,married,24,0
90000,female,university,single,24,0
130000,female,university,single,26,0
150000,female,highschool,married,26,0
140000,female,university,single,27,0
150000,female,university,single,24,0
50000,female,university,single,26,1
40000,female,graduate,single,26,1
170000,female,university,single,27,0
60000,female,university,single,24,0
200000,female,university,single,25,0
80000,female,graduate,single,25,0
100000,female,graduate,single,25,0
170000,female,university,single,25,0
140000,female,graduate,single,26,0
90000,female,university,single,26,0
70000,female,other,married,26,0
120000,female,graduate,single,26,0
60000,female,university,married,26,0
150000,female,university,single,26,0
50000,female,highschool,married,24,0
80000,female,highschool,married,26,0
310000,female,university,single,27,0
50000,female,graduate,single,23,0
20000,female,university,married,23,1
80000,female,graduate,single,24,1
180000,female,graduate,single,25,0
50000,female,university,married,23,0
70000,female,university,single,22,1
20000,female,university,married,25,0
60000,female,university,married,24,1
30000,female,university,single,25,0
20000,female,university,single,24,1
280000,female,other,single,25,0
30000,female,university,single,25,0
40000,female,graduate,single,26,1
130000,female,university,single,25,0
90000,female,university,single,25,0
260000,female,university,single,25,0
100000,female,graduate,single,26,1
50000,female,graduate,single,24,1
190000,female,highschool,single,24,0
70000,female,university,single,22,0
50000,female,university,married,26,0
40000,female,university,single,26,0
200000,female,graduate,single,26,0
100000,female,graduate,single,26,0
220000,female,university,single,26,0
200000,female,university,married,27,0
50000,female,highschool,married,27,0
360000,female,university,single,27,0
170000,female,graduate,single,25,0
250000,female,highschool,other,26,0
80000,female,university,single,26,0
110000,female,university,single,23,0
20000,female,university,single,23,0
20000,female,university,married,25,1
60000,female,university,single,24,0
170000,female,university,single,24,0
150000,female,university,single,24,0
210000,female,university,single,24,0
230000,female,university,single,25,0
160000,female,university,single,25,0
150000,female,university,single,25,0
210000,female,university,single,26,0
300000,female,university,single,28,0
340000,female,graduate,single,27,0
150000,female,graduate,single,24,1
50000,female,university,single,25,0
160000,female,graduate,single,27,1
50000,female,graduate,single,25,1
70000,female,university,single,25,1
120000,female,university,married,25,0
200000,female,graduate,single,25,0
50000,female,university,single,25,0
310000,female,graduate,single,26,0
50000,female,university,single,24,0
300000,female,other,single,24,0
160000,female,university,single,25,0
90000,female,university,single,25,0
160000,female,university,married,25,0
500000,female,graduate,single,25,0
390000,female,graduate,single,26,0
320000,female,university,single,26,0
50000,female,graduate,single,26,0
200000,female,other,single,27,0
90000,female,university,single,27,0
360000,female,university,single,27,0
180000,female,graduate,single,27,0
60000,female,university,single,24,0
250000,female,university,single,24,1
20000,female,graduate,single,25,0
10000,female,graduate,single,24,0
110000,female,graduate,single,24,0
150000,female,university,single,25,0
160000,female,university,single,25,0
30000,female,university,single,25,0
30000,female,graduate,single,24,0
280000,female,graduate,married,26,0
120000,female,graduate,single,28,0
360000,female,highschool,married,27,0
80000,female,university,married,27,0
310000,female,highschool,single,27,0
80000,female,university,married,27,0
180000,female,graduate,single,28,0
130000,female,graduate,single,26,0
70000,female,highschool,married,24,0
400000,female,university,single,24,0
20000,female,graduate,single,22,1
30000,female,graduate,single,23,0
80000,female,university,single,25,0
150000,female,university,single,26,0
20000,female,highschool,single,24,0
20000,female,graduate,single,25,0
150000,female,graduate,single,26,0
60000,female,university,single,27,0
320000,female,graduate,single,27,0
80000,female,university,single,27,0
130000,female,graduate,single,25,0
400000,female,university,married,24,0
20000,female,graduate,single,25,0
60000,female,graduate,single,24,0
80000,female,graduate,single,24,0
50000,female,graduate,married,24,1
20000,female,graduate,single,25,0
100000,female,university,married,25,0
80000,female,graduate,single,25,1
140000,female,graduate,single,25,1
110000,female,graduate,single,25,0
350000,female,graduate,single,27,0
60000,female,graduate,single,27,0
50000,female,graduate,single,24,1
210000,female,university,single,26,0
50000,female,highschool,single,25,0
80000,female,other,married,25,0
30000,female,university,single,26,1
150000,female,university,single,26,0
20000,female,graduate,single,26,0
270000,female,graduate,single,26,0
50000,female,university,single,27,1
380000,female,university,single,27,0
60000,female,graduate,single,28,0
50000,female,highschool,single,26,1
120000,female,university,married,26,0
260000,female,graduate,single,26,0
190000,female,university,single,26,0
50000,female,graduate,single,26,0
80000,female,graduate,single,26,0
110000,female,university,single,26,1
50000,female,university,single,26,0
150000,female,graduate,single,27,0
50000,female,university,married,27,1
80000,female,university,single,25,0
20000,female,graduate,single,24,0
200000,female,university,single,24,0
80000,female,graduate,single,25,0
70000,female,university,single,25,1
280000,female,graduate,single,26,0
160000,female,highschool,single,26,0
90000,female,university,single,26,0
200000,female,graduate,single,27,0
150000,female,graduate,single,28,0
80000,female,university,single,27,0
390000,female,graduate,single,28,0
190000,female,university,married,28,0
240000,female,graduate,single,28,0
200000,female,graduate,single,29,0
130000,female,university,married,29,0
100000,female,university,married,29,0
190000,female,university,single,29,0
90000,female,graduate,single,29,0
20000,female,highschool,married,27,1
90000,female,university,single,26,0
90000,female,university,single,26,0
80000,female,university,single,27,0
40000,female,university,married,28,0
50000,female,university,married,22,0
150000,female,graduate,single,25,0
200000,female,graduate,single,27,0
20000,female,university,married,27,0
160000,female,graduate,single,27,0
80000,female,university,single,28,0
30000,female,university,single,22,0
50000,female,graduate,single,23,0
310000,female,university,married,25,0
50000,female,university,single,26,1
200000,female,university,single,26,0
20000,female,university,single,22,1
30000,female,highschool,married,22,0
20000,female,graduate,single,23,1
50000,female,university,single,22,0
230000,female,university,single,28,0
130000,female,graduate,single,29,0
500000,female,graduate,single,29,0
200000,female,university,married,29,0
110000,female,graduate,single,29,0
230000,female,graduate,married,30,0
80000,female,university,married,30,0
20000,female,graduate,single,27,1
120000,female,university,single,27,1
200000,female,graduate,single,27,0
70000,female,university,married,28,0
230000,female,university,single,28,0
60000,female,highschool,married,28,0
60000,female,university,single,28,0
360000,female,university,married,28,1
100000,female,university,single,25,0
240000,female,graduate,single,25,0
130000,female,graduate,single,25,0
130000,female,university,divorce,25,1
50000,female,graduate,single,25,0
150000,female,graduate,married,26,1
300000,female,university,single,28,1
200000,female,graduate,single,28,0
320000,female,graduate,single,28,0
160000,female,university,single,27,0
210000,female,graduate,single,26,0
70000,female,graduate,single,25,1
250000,female,university,single,25,0
130000,female,graduate,single,27,0
30000,female,graduate,single,27,0
210000,female,graduate,single,27,0
170000,female,university,single,27,1
100000,female,highschool,married,28,0
50000,female,university,married,28,0
130000,female,graduate,single,27,0
30000,female,university,single,26,1
130000,female,university,single,30,0
70000,female,graduate,single,26,0
210000,female,graduate,single,26,0
170000,female,graduate,single,25,0
420000,female,graduate,single,28,0
80000,female,university,married,26,0
150000,female,university,single,26,0
200000,female,graduate,single,26,0
70000,female,university,single,26,1
90000,female,university,single,26,1
130000,female,university,married,27,0
360000,female,university,single,28,0
260000,female,university,single,28,0
160000,female,university,single,28,0
20000,female,university,married,28,0
140000,female,highschool,married,28,1
200000,female,university,single,29,0
200000,female,university,married,29,0
120000,female,university,single,28,0
210000,female,university,single,29,0
50000,female,university,married,23,1
80000,female,graduate,single,23,1
60000,female,university,single,23,0
50000,female,university,married,24,0
50000,female,university,single,25,0
70000,female,graduate,single,25,0
80000,female,university,single,25,1
50000,female,university,married,25,1
30000,female,graduate,single,25,1
300000,female,graduate,single,26,0
240000,female,university,single,26,0
140000,female,other,single,26,0
30000,female,graduate,single,27,0
70000,female,university,married,29,0
220000,female,university,single,29,0
230000,female,university,single,29,0
20000,female,university,married,29,0
130000,female,university,single,25,0
60000,female,university,single,26,1
200000,female,university,single,26,0
310000,female,university,single,26,0
240000,female,university,single,26,0
200000,female,graduate,single,26,0
440000,female,university,single,27,0
180000,female,university,single,27,0
300000,female,graduate,single,29,0
160000,female,university,single,30,0
160000,female,graduate,single,30,0
230000,female,university,single,30,0
160000,female,graduate,married,30,1
200000,female,graduate,single,28,0
240000,female,university,single,29,0
420000,female,graduate,single,29,0
210000,female,graduate,single,30,0
220000,female,graduate,single,28,0
200000,female,graduate,married,28,0
230000,female,university,single,28,0
250000,female,graduate,single,28,0
80000,female,university,married,28,0
80000,female,university,married,26,0
50000,female,highschool,married,26,1
20000,female,university,single,26,1
60000,female,university,married,27,1
50000,female,university,single,27,1
310000,female,graduate,single,28,0
140000,female,graduate,single,29,0
220000,female,graduate,single,27,0
130000,female,university,single,27,0
300000,female,graduate,single,29,0
140000,female,highschool,single,28,0
400000,female,graduate,single,29,0
200000,female,graduate,married,30,0
150000,female,graduate,single,29,0
420000,female,graduate,single,27,0
230000,female,university,single,26,0
210000,female,graduate,single,27,0
120000,female,graduate,single,27,0
50000,female,graduate,single,28,0
200000,female,university,single,28,0
180000,female,university,single,28,0
30000,female,university,married,28,0
110000,female,university,single,29,1
50000,female,university,married,29,0
120000,female,university,single,29,0
230000,female,graduate,single,29,0
80000,female,university,married,29,1
320000,female,university,single,29,0
50000,female,highschool,married,29,0
110000,female,university,married,29,0
150000,female,graduate,single,25,0
30000,female,graduate,single,26,0
80000,female,university,single,26,0
150000,female,university,single,26,0
270000,female,graduate,single,26,0
160000,female,graduate,single,26,0
150000,female,graduate,single,29,0
170000,female,highschool,single,31,0
70000,female,university,married,31,0
210000,female,graduate,single,31,0
50000,female,graduate,single,30,0
70000,female,graduate,single,27,0
180000,female,graduate,single,28,0
260000,female,university,single,27,1
50000,female,university,married,27,0
140000,female,graduate,single,27,0
100000,female,university,married,30,1
420000,female,university,single,29,0
300000,female,university,single,30,0
30000,female,university,single,25,1
150000,female,other,married,26,0
180000,female,university,married,26,0
330000,female,graduate,single,26,1
360000,female,university,single,26,0
210000,female,university,single,27,1
90000,female,graduate,single,27,0
250000,female,university,married,28,1
80000,female,highschool,single,24,0
290000,female,graduate,single,27,0
280000,female,graduate,single,29,0
340000,female,graduate,married,29,0
120000,female,graduate,single,29,0
110000,female,highschool,single,31,0
30000,female,university,single,22,0
70000,female,university,single,24,0
20000,female,highschool,married,24,0
80000,female,university,single,25,0
120000,female,university,married,25,1
500000,female,graduate,single,26,0
320000,female,university,single,27,0
150000,female,graduate,single,27,0
190000,female,university,single,27,1
130000,female,university,married,29,0
70000,female,university,married,34,0
350000,female,graduate,single,30,0
210000,female,graduate,single,27,1
120000,female,university,married,27,1
130000,female,university,married,28,0
170000,female,university,single,27,0
100000,female,highschool,married,30,0
200000,female,graduate,single,28,0
270000,female,graduate,single,28,0
30000,female,university,married,30,1
160000,female,university,single,24,0
80000,female,highschool,married,26,0
310000,female,graduate,single,26,0
20000,female,graduate,single,23,0
80000,female,graduate,single,27,1
180000,female,graduate,single,28,0
80000,female,graduate,single,29,0
140000,female,university,single,28,0
150000,female,other,single,26,0
100000,female,university,single,27,0
50000,female,graduate,single,27,1
200000,female,graduate,single,28,0
130000,female,university,married,28,0
150000,female,graduate,married,29,0
170000,female,university,married,30,0
180000,female,university,single,28,1
320000,female,university,single,28,1
50000,female,graduate,single,28,0
50000,female,university,single,27,0
80000,female,highschool,married,27,0
100000,female,graduate,single,27,0
80000,female,university,single,23,0
120000,female,graduate,single,26,0
230000,female,graduate,single,31,0
60000,female,university,married,31,1
220000,female,graduate,single,30,0
80000,female,university,single,30,0
300000,female,graduate,single,28,0
400000,female,graduate,single,30,0
50000,female,university,single,31,0
200000,female,graduate,single,30,0
120000,female,graduate,single,32,0
360000,female,graduate,married,31,0
220000,female,university,single,30,0
280000,female,university,married,31,0
500000,female,university,single,31,0
240000,female,highschool,single,31,0
310000,female,university,married,30,0
200000,female,graduate,single,28,1
260000,female,university,single,28,0
200000,female,university,single,28,1
180000,female,graduate,single,27,0
270000,female,university,married,27,0
30000,female,university,single,28,0
180000,female,university,single,28,0
340000,female,university,married,29,0
140000,female,other,single,28,1
180000,female,graduate,single,28,1
150000,female,university,single,27,0
110000,female,graduate,single,27,0
50000,female,university,married,28,0
140000,female,graduate,single,28,0
360000,female,graduate,single,28,0
280000,female,university,single,29,0
310000,female,graduate,single,28,0
290000,female,university,married,28,0
210000,female,graduate,single,28,0
210000,female,graduate,married,29,0
110000,female,university,single,29,1
50000,female,graduate,single,28,0
280000,female,graduate,single,28,0
50000,female,university,single,28,1
120000,female,university,married,28,1
80000,female,university,married,28,0
50000,female,graduate,single,29,0
60000,female,university,single,28,1
190000,female,graduate,single,28,1
150000,female,graduate,single,28,1
170000,female,graduate,single,28,0
150000,female,university,single,28,0
390000,female,graduate,single,28,0
70000,female,university,single,29,0
120000,female,university,single,29,0
30000,female,university,married,29,0
200000,female,university,married,26,0
300000,female,university,single,28,1
90000,female,graduate,single,29,1
200000,female,graduate,married,30,0
210000,female,graduate,single,31,0
230000,female,university,single,31,0
200000,female,graduate,single,31,0
420000,female,university,married,32,0
60000,female,highschool,married,28,0
50000,female,university,married,34,0
60000,female,university,married,28,0
210000,female,graduate,single,28,0
50000,female,university,married,28,0
390000,female,highschool,married,28,1
150000,female,graduate,single,28,0
200000,female,university,single,30,0
150000,female,graduate,married,31,0
470000,female,university,single,30,0
200000,female,graduate,married,30,0
160000,female,graduate,single,31,0
220000,female,university,single,30,1
290000,female,university,married,32,0
50000,female,highschool,other,32,0
290000,female,university,married,32,0
30000,female,university,single,23,1
40000,female,highschool,married,23,1
70000,female,graduate,single,26,0
100000,female,university,single,23,0
20000,female,graduate,single,23,0
50000,female,university,single,23,1
130000,female,other,single,39,0
140000,female,university,married,28,1
230000,female,graduate,married,30,0
300000,female,university,single,30,0
200000,female,graduate,single,29,1
100000,female,graduate,single,29,0
100000,female,university,single,30,0
80000,female,university,single,29,1
170000,female,university,single,29,0
420000,female,graduate,single,29,0
70000,female,graduate,single,29,0
480000,female,university,single,30,1
250000,female,other,married,27,0
180000,female,graduate,single,28,0
240000,female,graduate,single,28,0
210000,female,graduate,single,28,0
100000,female,graduate,single,28,0
50000,female,graduate,single,28,0
300000,female,graduate,single,28,0
70000,female,graduate,single,28,0
490000,female,graduate,single,29,0
170000,female,graduate,single,29,0
100000,female,graduate,single,29,0
200000,female,university,single,32,0
80000,female,university,single,32,0
220000,female,university,single,32,0
300000,female,highschool,single,33,1
120000,female,university,married,33,0
240000,female,university,single,30,0
200000,female,graduate,single,30,0
40000,female,university,married,30,0
200000,female,graduate,single,30,0
100000,female,graduate,single,30,0
50000,female,university,married,31,0
40000,female,university,married,32,0
70000,female,university,married,32,0
210000,female,graduate,single,31,0
30000,female,university,single,28,0
100000,female,graduate,single,30,0
20000,female,university,married,30,0
400000,female,university,married,36,0
330000,female,university,married,28,0
240000,female,university,single,30,1
70000,female,graduate,single,29,1
240000,female,graduate,single,29,0
200000,female,graduate,married,27,0
100000,female,graduate,single,27,0
180000,female,graduate,single,29,0
360000,female,university,single,30,0
130000,female,university,single,29,0
120000,female,university,single,30,0
230000,female,graduate,single,30,0
340000,female,other,single,30,0
320000,female,graduate,single,29,0
330000,female,highschool,single,29,0
80000,female,highschool,single,30,1
150000,female,graduate,married,30,0
160000,female,highschool,married,31,1
50000,female,highschool,married,37,0
300000,female,other,married,48,0
190000,female,university,married,36,0
50000,female,university,single,27,0
90000,female,graduate,single,28,0
210000,female,graduate,single,28,0
240000,female,graduate,single,28,0
60000,female,university,married,34,1
440000,female,university,single,35,0
30000,female,university,married,42,1
230000,female,university,single,26,0
440000,female,university,single,28,1
80000,female,university,married,29,1
30000,female,university,married,30,0
250000,female,university,single,35,0
30000,female,graduate,married,45,1
50000,female,highschool,divorce,49,0
50000,female,university,single,34,0
30000,female,university,single,34,0
30000,female,university,married,45,1
500000,female,university,married,42,0
50000,female,university,married,41,1
50000,female,university,married,36,0
50000,female,graduate,single,22,0
90000,female,university,single,26,0
30000,female,graduate,single,26,1
150000,female,highschool,married,43,0
50000,female,university,married,23,0
70000,female,university,single,23,1
80000,female,university,single,23,0
280000,female,graduate,single,29,0
90000,female,university,married,30,0
330000,female,graduate,married,39,0
190000,female,university,married,46,0
210000,female,graduate,married,40,0
100000,female,graduate,married,30,1
20000,female,university,single,30,1
260000,female,graduate,married,31,0
20000,female,university,married,26,1
80000,female,highschool,married,37,1
50000,female,university,married,42,0
70000,female,highschool,married,35,1
30000,female,university,married,38,0
100000,female,graduate,single,25,1
50000,female,graduate,single,25,0
80000,female,university,married,27,1
50000,female,university,married,27,1
150000,female,other,married,28,0
140000,female,graduate,single,29,0
70000,female,graduate,married,31,0
30000,female,university,married,31,0
80000,female,university,married,32,1
40000,female,university,married,41,0
100000,female,university,married,37,0
50000,female,university,married,40,0
30000,female,highschool,married,35,1
120000,female,graduate,married,35,0
260000,female,highschool,married,39,0
90000,female,university,married,35,0
30000,female,university,married,33,0
260000,female,graduate,married,37,0
170000,female,graduate,married,39,0
150000,female,university,married,36,0
90000,female,highschool,married,40,0
50000,female,highschool,single,45,0
70000,female,graduate,single,29,0
210000,female,graduate,single,29,0
450000,female,graduate,single,31,0
70000,female,highschool,married,32,1
70000,female,highschool,single,32,1
300000,female,highschool,single,34,0
70000,female,graduate,married,29,0
180000,female,university,married,37,0
50000,female,highschool,married,29,1
20000,female,university,single,27,0
260000,female,graduate,single,31,0
70000,female,highschool,married,34,0
50000,female,university,divorce,31,1
150000,female,university,married,34,0
150000,female,highschool,married,45,0
20000,female,university,married,37,0
60000,female,university,single,45,0
50000,female,university,married,30,0
50000,female,graduate,single,25,0
80000,female,graduate,married,27,1
140000,female,graduate,single,27,0
20000,female,highschool,single,28,1
10000,female,university,married,49,1
120000,female,university,married,45,0
50000,female,university,married,40,1
30000,female,university,married,39,1
210000,female,university,married,49,1
150000,female,graduate,single,27,1
180000,female,highschool,married,28,0
590000,female,university,married,29,1
260000,female,graduate,married,30,0
90000,female,highschool,married,35,0
110000,female,university,married,28,0
140000,female,graduate,single,28,0
210000,female,graduate,single,30,0
80000,female,university,married,31,0
30000,female,highschool,married,36,0
120000,female,highschool,married,28,0
20000,female,highschool,married,44,0
80000,female,highschool,single,42,0
110000,female,university,single,35,0
240000,female,university,married,34,0
100000,female,university,married,49,0
200000,female,university,single,32,0
450000,female,graduate,single,32,0
150000,female,university,single,32,0
120000,female,university,married,39,0
70000,female,university,single,26,1
190000,female,graduate,single,31,0
50000,female,highschool,married,45,0
60000,female,highschool,married,44,0
90000,female,graduate,single,30,1
300000,female,university,married,33,0
210000,female,highschool,married,32,0
50000,female,university,married,34,0
350000,female,graduate,married,34,0
30000,female,university,married,34,0
280000,female,highschool,married,34,0
380000,female,highschool,married,35,0
360000,female,university,single,34,0
260000,female,university,married,37,0
160000,female,university,married,37,0
250000,female,highschool,married,43,0
320000,female,graduate,single,27,0
140000,female,university,single,31,0
80000,female,highschool,married,32,0
100000,female,graduate,married,40,1
210000,female,other,married,41,0
200000,female,highschool,single,29,0
110000,female,highschool,married,37,0
70000,female,graduate,married,36,1
240000,female,university,married,46,0
80000,female,university,married,38,0
150000,female,highschool,single,47,0
50000,female,university,single,42,0
230000,female,university,married,37,0
290000,female,graduate,married,43,0
350000,female,graduate,single,36,0
100000,female,highschool,single,39,0
50000,female,highschool,married,46,0
360000,female,university,married,43,0
210000,female,university,single,38,0
500000,female,university,married,39,0
290000,female,university,married,47,0
350000,female,highschool,married,36,0
190000,female,university,married,33,0
180000,female,graduate,single,34,0
110000,female,university,married,35,1
200000,female,highschool,single,33,1
210000,female,university,married,40,0
100000,female,highschool,married,36,0
130000,female,university,married,43,0
70000,female,highschool,single,38,0
100000,female,university,married,33,0
150000,female,highschool,married,35,0
160000,female,highschool,married,39,0
30000,female,highschool,married,48,0
80000,female,university,married,36,0
200000,female,university,married,44,0
180000,female,highschool,married,41,1
180000,female,university,married,34,0
170000,female,university,married,35,0
50000,female,graduate,single,35,0
160000,female,highschool,married,40,0
160000,female,university,married,40,1
20000,female,graduate,single,22,0
70000,female,university,married,24,0
240000,female,university,single,38,0
300000,female,university,married,45,0
420000,female,university,married,37,0
200000,female,highschool,married,43,1
50000,female,university,married,47,0
50000,female,university,married,38,0
200000,female,graduate,married,38,0
200000,female,graduate,single,32,0
380000,female,university,married,33,0
50000,female,graduate,single,27,0
50000,female,graduate,single,28,0
500000,female,university,single,35,0
300000,female,university,married,40,0
170000,female,university,single,32,1
20000,female,university,married,46,1
20000,female,university,married,43,0
280000,female,university,single,36,0
80000,female,university,single,22,0
20000,female,university,single,24,0
70000,female,graduate,single,24,0
30000,female,university,married,25,1
170000,female,university,single,37,0
320000,female,university,single,30,0
210000,female,graduate,single,30,0
310000,female,university,single,31,0
230000,female,graduate,single,29,0
90000,female,university,married,31,1
200000,female,graduate,single,31,0
150000,female,university,single,34,0
60000,female,graduate,single,27,0
50000,female,university,single,38,0
200000,female,graduate,single,40,0
220000,female,university,married,35,0
300000,female,highschool,married,34,0
30000,female,university,married,47,1
330000,female,other,married,36,0
280000,female,graduate,married,42,0
330000,female,graduate,single,38,1
390000,female,highschool,single,45,0
200000,female,university,married,38,0
20000,female,highschool,single,45,0
140000,female,university,married,32,0
30000,female,graduate,married,32,0
210000,female,university,married,41,0
100000,female,highschool,married,44,0
50000,female,university,married,38,0
30000,female,highschool,single,42,1
30000,female,other,single,45,1
150000,female,graduate,single,37,0
180000,female,graduate,single,39,0
230000,female,university,married,49,0
220000,female,graduate,single,36,0
200000,female,graduate,single,35,0
80000,female,university,married,35,0
380000,female,highschool,married,44,0
30000,female,university,married,42,1
160000,female,university,married,41,0
60000,female,university,married,47,1
100000,female,highschool,married,42,0
150000,female,university,married,37,0
100000,female,university,married,38,0
30000,female,university,single,44,0
220000,female,graduate,married,36,1
220000,female,graduate,single,38,0
400000,female,university,single,30,1
680000,female,graduate,single,30,1
280000,female,graduate,single,30,0
70000,female,university,married,44,0
300000,female,university,married,39,1
250000,female,university,single,41,0
200000,female,graduate,single,31,0
450000,female,graduate,single,31,0
30000,female,graduate,single,33,1
210000,female,university,single,29,0
250000,female,graduate,single,29,1
70000,female,university,single,31,0
230000,female,graduate,single,31,0
150000,female,university,married,37,0
70000,female,highschool,married,47,0
150000,female,university,married,35,1
200000,female,university,married,37,0
200000,female,other,single,42,0
300000,female,highschool,married,42,0
80000,female,highschool,married,39,1
30000,female,university,single,43,1
100000,female,university,married,40,0
360000,female,graduate,single,32,0
150000,female,university,single,32,0
180000,female,graduate,single,32,0
210000,female,graduate,married,33,0
110000,female,highschool,married,41,0
80000,female,university,married,41,0
50000,female,university,single,39,0
150000,female,university,married,32,0
260000,female,graduate,single,40,0
200000,female,graduate,single,33,0
230000,female,university,single,29,0
70000,female,graduate,married,32,1
70000,female,graduate,single,32,1
160000,female,university,single,32,1
200000,female,highschool,single,34,0
270000,female,university,single,35,0
100000,female,university,married,36,0
410000,female,graduate,married,42,0
160000,female,university,married,33,0
120000,female,university,single,39,1
50000,female,university,married,37,0
450000,female,graduate,married,38,0
200000,female,university,single,36,0
360000,female,university,single,41,0
340000,female,university,married,40,0
300000,female,highschool,married,40,1
220000,female,highschool,single,40,0
370000,female,graduate,single,37,0
170000,female,university,married,39,0
500000,female,university,single,39,0
100000,female,graduate,married,36,0
110000,female,graduate,single,31,0
230000,female,graduate,married,31,0
230000,female,graduate,single,31,0
150000,female,university,married,33,0
210000,female,graduate,married,32,0
100000,female,highschool,married,32,0
230000,female,graduate,married,42,0
360000,female,graduate,single,33,1
360000,female,university,married,34,0
200000,female,graduate,single,34,1
200000,female,graduate,married,34,0
150000,female,university,single,33,0
110000,female,graduate,married,41,0
320000,female,university,married,38,0
50000,female,highschool,married,44,1
160000,female,university,single,39,0
80000,female,university,married,42,1
100000,female,university,married,35,0
150000,female,university,married,36,0
60000,female,university,married,38,0
200000,female,graduate,single,39,0
160000,female,highschool,married,38,0
230000,female,university,married,38,0
230000,female,university,married,40,0
90000,female,highschool,married,39,0
140000,female,highschool,married,40,1
30000,female,highschool,single,41,0
320000,female,graduate,married,41,0
20000,female,highschool,married,35,0
50000,female,highschool,single,35,0
30000,female,highschool,married,38,0
160000,female,highschool,single,36,0
280000,female,university,married,48,0
390000,female,university,single,35,0
100000,female,highschool,married,44,1
200000,female,other,single,48,0
110000,female,highschool,married,43,0
50000,female,university,married,45,0
100000,female,university,married,41,0
200000,female,highschool,other,31,0
250000,female,graduate,married,34,0
20000,female,highschool,married,48,1
260000,female,university,married,35,0
20000,female,highschool,married,31,1
320000,female,university,married,44,0
30000,female,graduate,married,37,0
50000,female,university,single,41,0
80000,female,university,single,36,1
120000,female,university,married,40,1
290000,female,university,married,49,0
50000,female,university,married,43,0
30000,female,highschool,married,39,1
580000,female,university,single,33,0
270000,female,graduate,married,41,0
30000,female,highschool,married,42,0
160000,female,graduate,married,31,0
180000,female,university,single,31,0
20000,female,university,married,34,1
210000,female,university,married,33,0
200000,female,highschool,married,43,0
130000,female,highschool,married,43,0
30000,female,other,married,36,0
130000,female,university,married,40,0
180000,female,highschool,married,43,0
110000,female,university,married,39,0
20000,female,university,married,39,0
150000,female,university,single,35,0
210000,female,highschool,single,37,0
90000,female,university,single,42,0
500000,female,university,married,42,0
300000,female,university,married,37,0
370000,female,highschool,married,33,0
200000,female,university,single,35,0
500000,female,other,single,38,0
50000,female,university,single,41,1
120000,female,university,married,36,0
270000,female,university,married,38,0
300000,female,graduate,married,43,0
90000,female,university,married,37,0
120000,female,university,married,48,0
90000,female,university,married,47,0
350000,female,graduate,single,41,0
180000,female,university,married,29,0
30000,female,highschool,other,30,0
240000,female,university,single,29,1
80000,female,university,married,38,0
50000,female,university,married,37,1
370000,female,graduate,married,42,0
150000,female,university,married,43,0
410000,female,graduate,single,31,0
230000,female,university,married,32,0
80000,female,highschool,single,32,0
140000,female,graduate,single,32,0
180000,female,university,married,32,0
240000,female,graduate,married,33,0
160000,female,university,single,30,0
320000,female,graduate,single,31,0
80000,female,university,married,35,0
230000,female,university,married,36,0
230000,female,university,married,40,0
20000,female,university,married,38,0
220000,female,university,married,37,0
180000,female,graduate,married,42,0
260000,female,university,married,36,0
360000,female,university,married,37,0
210000,female,university,married,36,1
200000,female,graduate,single,32,0
350000,female,graduate,single,35,0
360000,female,graduate,married,35,0
60000,female,university,single,27,0
190000,female,graduate,single,47,0
180000,female,graduate,single,35,0
230000,female,graduate,married,37,1
270000,female,graduate,married,45,1
220000,female,highschool,married,45,0
80000,female,graduate,married,36,0
90000,female,graduate,single,29,0
500000,female,graduate,married,35,0
210000,female,university,married,35,1
110000,female,graduate,single,27,0
150000,female,graduate,single,31,0
90000,female,graduate,single,33,0
190000,female,university,married,34,0
180000,female,university,single,43,0
240000,female,university,married,37,0
200000,female,university,single,28,0
200000,female,highschool,married,49,0
160000,female,university,single,38,0
240000,female,graduate,single,27,0
80000,female,university,married,25,0
180000,female,university,married,39,1
80000,female,university,single,26,0
70000,female,university,single,26,0
160000,female,university,married,38,0
200000,female,graduate,single,30,0
20000,female,graduate,single,34,0
300000,female,university,married,35,0
150000,female,graduate,married,42,0
30000,female,graduate,single,45,0
360000,female,university,single,37,1
280000,female,graduate,married,39,0
30000,female,highschool,single,23,0
50000,female,graduate,single,24,0
160000,female,other,married,28,0
80000,female,graduate,single,28,0
100000,female,graduate,single,29,0
60000,female,university,married,47,0
420000,female,graduate,single,27,0
140000,female,university,single,27,0
270000,female,graduate,single,32,1
160000,female,graduate,married,35,1
230000,female,graduate,single,31,0
100000,female,graduate,divorce,47,0
260000,female,graduate,single,36,0
200000,female,graduate,single,37,0
380000,female,university,married,44,0
130000,female,university,married,33,0
70000,female,university,single,33,0
270000,female,university,married,33,0
30000,female,university,married,49,1
290000,female,graduate,married,37,0
50000,female,university,single,40,0
30000,female,university,married,40,1
210000,female,highschool,married,38,0
220000,female,highschool,single,43,0
340000,female,university,married,32,0
500000,female,graduate,married,41,0
30000,female,university,married,31,0
180000,female,university,married,32,1
60000,female,university,single,24,0
100000,female,graduate,single,32,0
270000,female,university,married,33,1
200000,female,university,married,47,0
240000,female,university,married,38,0
110000,female,university,married,40,0
360000,female,graduate,single,32,0
50000,female,highschool,single,35,0
60000,female,university,married,39,0
50000,female,university,married,38,0
120000,female,graduate,single,28,0
140000,female,university,married,48,0
100000,female,university,married,46,0
280000,female,highschool,married,46,1
180000,female,graduate,married,28,0
180000,female,graduate,single,28,0
150000,female,university,married,37,0
180000,female,graduate,single,42,1
180000,female,graduate,single,35,0
30000,female,university,married,41,0
380000,female,university,married,48,0
130000,female,highschool,single,36,0
170000,female,graduate,single,28,0
220000,female,graduate,married,43,1
150000,female,graduate,married,49,0
180000,female,other,single,34,0
180000,female,graduate,single,46,1
360000,female,graduate,single,27,0
150000,female,graduate,married,30,0
170000,female,other,married,39,0
50000,female,graduate,single,44,0
300000,female,graduate,single,39,0
450000,female,graduate,single,40,0
210000,female,university,married,29,0
80000,female,university,married,30,0
240000,female,university,married,32,0
110000,female,university,single,32,0
400000,female,highschool,married,40,0
90000,female,university,married,49,1
210000,female,graduate,single,29,0
260000,female,graduate,single,31,0
170000,female,graduate,single,27,0
210000,female,university,single,30,0
200000,female,graduate,married,38,0
560000,female,graduate,married,45,0
540000,female,graduate,single,34,0
100000,female,university,married,29,0
80000,female,university,married,26,1
30000,female,university,married,35,1
80000,female,university,married,28,1
50000,female,graduate,single,28,1
120000,female,graduate,single,26,0
240000,female,university,married,32,0
260000,female,university,married,33,0
280000,female,university,single,33,0
30000,female,university,married,35,1
150000,female,highschool,single,38,0
350000,female,university,married,36,1
100000,female,university,single,34,0
320000,female,graduate,married,46,0
380000,female,university,married,41,1
40000,female,university,single,43,0
100000,female,highschool,married,43,0
270000,female,graduate,single,30,0
30000,female,highschool,married,44,1
50000,female,university,single,40,0
180000,female,graduate,single,30,0
150000,female,graduate,single,31,0
360000,female,graduate,married,32,0
170000,female,graduate,married,38,0
140000,female,university,single,37,0
90000,female,university,married,41,0
20000,female,highschool,single,46,0
160000,female,highschool,married,28,0
30000,female,university,single,36,0
300000,female,university,married,38,1
80000,female,university,single,24,1
360000,female,graduate,single,32,1
460000,female,graduate,single,41,0
30000,female,highschool,single,46,0
80000,female,university,married,37,1
140000,female,other,single,25,0
280000,female,university,married,43,0
300000,female,university,married,28,0
30000,female,university,married,29,1
500000,female,graduate,married,37,0
180000,female,university,married,42,0
160000,female,highschool,married,37,0
200000,female,graduate,married,40,0
130000,female,university,married,37,0
230000,female,highschool,single,30,0
230000,female,graduate,single,34,1
60000,female,highschool,married,48,1
80000,female,university,married,47,0
240000,female,university,married,47,0
240000,female,university,single,30,0
220000,female,highschool,married,33,0
50000,female,university,married,44,1
50000,female,highschool,married,42,0
50000,female,university,married,38,0
90000,female,university,married,39,1
80000,female,university,single,46,0
190000,female,highschool,married,43,0
210000,female,graduate,married,31,0
370000,female,university,married,45,0
80000,female,university,married,45,1
220000,female,university,married,32,0
230000,female,university,married,44,0
200000,female,university,married,39,0
400000,female,graduate,single,31,0
80000,female,university,single,44,0
360000,female,university,married,36,0
310000,female,graduate,single,35,1
150000,female,graduate,single,29,0
80000,female,university,single,30,0
40000,female,university,married,30,1
320000,female,graduate,single,30,0
170000,female,university,single,38,0
80000,female,university,single,36,0
420000,female,graduate,married,33,0
170000,female,university,married,45,0
230000,female,graduate,married,40,0
200000,female,graduate,married,35,0
430000,female,university,married,42,1
100000,female,university,married,32,0
210000,female,graduate,single,32,0
50000,female,graduate,married,40,0
290000,female,graduate,single,36,0
200000,female,graduate,single,32,0
170000,female,graduate,single,37,0
30000,female,university,single,38,0
360000,female,university,married,48,1
110000,female,graduate,single,31,0
180000,female,graduate,married,31,0
220000,female,university,single,34,0
190000,female,university,single,34,0
150000,female,other,single,29,0
350000,female,university,married,38,0
240000,female,university,married,47,0
230000,female,university,single,30,0
500000,female,graduate,married,29,0
160000,female,university,married,30,0
290000,female,graduate,single,30,0
50000,male,university,single,30,0
270000,female,graduate,single,30,1
260000,female,university,single,30,0
180000,female,highschool,married,31,0
180000,female,university,single,32,0
50000,female,other,married,33,0
50000,female,university,married,34,1
80000,female,graduate,married,37,1
250000,female,university,married,37,0
80000,female,university,married,45,0
160000,female,university,married,37,0
30000,female,university,single,42,0
100000,female,university,married,44,0
100000,female,university,married,46,0
130000,female,university,married,45,0
80000,female,university,married,35,0
170000,female,graduate,married,41,0
280000,female,graduate,married,42,0
500000,female,highschool,married,44,1
300000,female,university,single,41,0
310000,female,university,married,42,0
120000,female,graduate,single,29,0
50000,female,highschool,married,49,1
340000,female,other,single,29,0
90000,female,graduate,single,31,0
60000,female,graduate,single,32,1
380000,female,graduate,single,29,0
200000,female,graduate,single,29,0
460000,female,graduate,single,29,0
300000,female,university,married,30,0
360000,female,graduate,single,30,0
120000,female,university,married,30,0
500000,female,university,married,31,0
210000,female,graduate,married,33,1
180000,female,university,married,33,1
200000,female,university,married,32,0
240000,female,university,married,32,0
50000,female,university,married,32,0
240000,female,graduate,single,32,0
160000,female,highschool,married,33,1
150000,female,graduate,single,33,0
100000,female,graduate,single,33,0
50000,female,university,single,33,0
180000,female,graduate,single,33,0
50000,female,university,married,33,1
20000,female,highschool,divorce,44,1
120000,female,university,single,39,0
320000,female,graduate,single,44,0
370000,female,university,married,36,0
210000,female,university,single,37,0
220000,female,highschool,single,40,0
220000,female,university,single,41,0
210000,female,highschool,single,36,0
200000,female,university,married,34,0
180000,female,university,married,41,0
60000,female,university,married,44,0
430000,female,university,married,37,0
20000,female,university,married,34,0
50000,female,university,married,35,0
500000,female,graduate,single,38,0
340000,female,graduate,single,37,0
80000,female,highschool,married,40,1
230000,female,graduate,married,41,0
170000,female,university,single,37,0
260000,female,university,married,40,0
120000,female,university,married,34,0
110000,female,university,married,39,0
200000,female,university,married,46,0
80000,female,highschool,married,46,1
420000,female,highschool,single,35,0
50000,female,graduate,married,38,1
30000,female,university,married,39,1
210000,female,highschool,married,40,0
240000,female,graduate,married,33,0
240000,female,graduate,married,45,0
390000,female,university,married,37,0
30000,female,university,single,33,0
50000,female,highschool,married,37,0
70000,female,university,married,49,1
180000,female,university,married,38,0
180000,female,highschool,married,49,0
470000,female,graduate,married,37,0
120000,female,university,married,38,1
390000,female,university,married,33,0
50000,female,highschool,married,48,1
50000,female,highschool,married,39,0
140000,female,graduate,single,32,0
160000,female,graduate,married,40,0
30000,female,highschool,married,37,0
20000,female,university,married,31,0
100000,female,university,married,47,1
80000,female,university,married,47,0
40000,female,university,single,24,1
180000,female,graduate,single,28,0
80000,female,university,married,34,0
300000,female,other,married,41,0
220000,female,graduate,single,29,1
80000,female,graduate,single,27,0
290000,female,graduate,single,27,0
360000,female,graduate,single,28,0
500000,female,university,married,32,0
430000,female,graduate,single,34,0
280000,female,highschool,single,35,0
150000,female,graduate,married,28,0
200000,female,graduate,married,32,0
110000,female,highschool,single,27,0
150000,female,highschool,single,30,0
120000,female,graduate,married,39,0
500000,female,graduate,married,44,0
270000,female,university,single,28,0
50000,female,university,single,29,0
300000,female,highschool,single,30,0
140000,female,university,single,30,1
170000,female,graduate,single,32,0
320000,female,university,married,35,0
200000,female,highschool,married,39,0
50000,female,university,married,31,0
120000,female,university,married,32,0
170000,female,university,single,38,0
150000,female,graduate,single,40,0
200000,female,graduate,single,27,0
110000,female,graduate,married,30,0
50000,female,university,married,35,0
50000,female,highschool,married,42,0
50000,female,university,married,46,1
110000,female,university,married,30,0
160000,female,graduate,single,32,0
20000,female,university,single,43,1
200000,female,university,married,48,0
460000,female,graduate,married,45,0
50000,female,highschool,single,43,0
80000,female,university,single,35,0
180000,female,graduate,married,40,0
440000,female,university,single,39,0
300000,female,university,single,31,0
180000,female,university,single,33,1
80000,female,university,single,47,0
20000,female,university,married,41,1
310000,female,graduate,married,36,0
180000,female,graduate,married,41,0
20000,female,university,married,42,1
480000,female,graduate,married,38,0
90000,female,university,married,33,0
310000,female,graduate,single,35,0
310000,female,graduate,married,35,0
200000,female,university,married,34,0
100000,female,university,married,34,1
100000,female,highschool,married,35,0
370000,female,university,married,35,0
60000,female,highschool,married,46,0
50000,female,university,single,39,0
280000,female,graduate,single,35,0
90000,female,highschool,married,46,1
360000,female,highschool,single,45,0
100000,female,highschool,married,47,0
30000,female,highschool,married,37,1
230000,female,other,single,40,0
180000,female,university,married,44,0
150000,female,highschool,married,48,0
240000,female,graduate,married,37,0
110000,female,university,married,42,0
180000,female,graduate,single,36,0
50000,female,university,married,42,0
170000,female,highschool,single,44,0
120000,female,graduate,married,42,0
400000,female,university,married,45,0
240000,female,university,married,40,0
50000,female,university,single,37,1
290000,female,university,married,35,0
150000,female,university,single,36,1
170000,female,graduate,single,40,0
230000,female,graduate,married,46,0
180000,female,graduate,single,38,0
260000,female,graduate,married,41,0
90000,female,university,married,41,0
520000,female,graduate,single,35,0
50000,female,highschool,married,40,1
320000,female,graduate,married,45,0
60000,female,highschool,married,42,0
180000,female,university,married,39,0
290000,female,university,single,43,0
300000,female,university,married,40,0
220000,female,graduate,married,47,0
70000,female,university,married,32,1
150000,female,highschool,married,40,0
80000,female,university,married,40,0
10000,female,highschool,married,41,1
280000,female,university,married,46,0
450000,female,university,married,43,0
230000,female,university,single,34,0
320000,female,graduate,single,35,1
200000,female,university,married,42,0
60000,female,university,married,37,0
50000,female,highschool,married,31,0
30000,female,highschool,married,47,0
260000,female,graduate,single,36,0
210000,female,university,married,42,0
290000,female,university,single,41,0
20000,female,highschool,married,41,0
100000,female,highschool,married,45,1
230000,female,university,married,40,0
300000,female,graduate,married,36,0
20000,female,university,single,33,1
30000,female,highschool,married,42,1
170000,female,university,single,43,0
200000,female,university,married,46,1
50000,female,highschool,single,46,0
20000,female,university,married,41,0
60000,female,university,married,32,0
20000,female,university,married,46,1
220000,female,university,single,35,0
20000,female,highschool,married,43,0
70000,female,university,single,33,0
380000,female,graduate,married,43,0
30000,female,highschool,married,48,0
200000,female,university,single,35,0
80000,female,university,single,36,1
150000,female,university,single,38,0
210000,female,university,married,40,0
70000,female,highschool,married,43,0
280000,female,university,single,38,0
140000,female,university,married,35,0
200000,female,other,married,44,0
170000,female,university,single,40,0
50000,female,university,married,49,0
90000,female,university,married,32,0
130000,female,graduate,married,33,0
250000,female,graduate,married,40,0
120000,female,graduate,single,35,1
490000,female,graduate,married,37,0
200000,female,graduate,married,43,1
200000,female,university,married,42,0
100000,female,university,married,30,0
280000,female,graduate,single,31,0
290000,female,graduate,single,34,0
160000,female,other,married,45,0
230000,female,university,married,45,0
130000,female,university,married,49,0
420000,female,graduate,married,42,1
20000,female,university,single,46,0
70000,female,university,married,38,1
230000,female,graduate,married,47,0
340000,female,graduate,single,38,0
420000,female,graduate,single,34,0
140000,female,graduate,married,34,0
30000,female,highschool,married,26,0
50000,female,university,single,27,1
430000,female,university,single,27,0
260000,female,highschool,married,41,1
180000,female,graduate,single,34,0
100000,female,university,married,33,0
160000,female,university,married,39,0
260000,female,graduate,married,38,0
200000,female,university,married,33,0
450000,female,graduate,single,34,0
390000,female,university,married,34,0
390000,female,graduate,married,35,0
40000,female,university,married,38,1
500000,female,university,married,46,0
180000,female,university,married,39,0
100000,female,highschool,married,39,0
50000,female,university,single,42,0
40000,female,university,married,38,0
350000,female,graduate,single,46,0
360000,female,graduate,married,37,0
200000,female,university,single,36,1
230000,female,graduate,single,38,0
200000,female,university,single,39,0
230000,female,university,married,42,0
500000,female,graduate,single,31,0
230000,female,university,married,32,0
340000,female,graduate,single,34,0
20000,female,graduate,married,47,1
20000,female,highschool,married,48,0
310000,female,highschool,married,35,0
160000,female,university,married,36,0
230000,female,highschool,married,41,0
200000,female,graduate,single,40,0
120000,female,university,married,42,0
350000,female,university,single,37,0
170000,female,university,married,32,1
240000,female,highschool,single,35,0
100000,female,university,married,49,0
130000,female,graduate,single,33,1
410000,female,university,married,41,1
200000,female,highschool,married,42,0
60000,female,university,married,45,0
400000,female,university,married,44,0
380000,female,graduate,married,40,0
210000,female,university,single,43,0
500000,female,graduate,single,45,0
100000,female,university,married,42,1
80000,female,university,married,44,0
80000,female,university,single,31,1
200000,female,graduate,single,33,0
260000,female,university,single,31,0
310000,female,university,single,31,0
30000,female,university,single,32,1
50000,female,highschool,married,33,0
310000,female,university,married,46,0
500000,female,highschool,single,40,0
30000,female,graduate,married,49,0
160000,female,university,married,45,0
350000,female,university,married,44,0
350000,female,graduate,married,44,1
50000,female,other,married,40,0
30000,female,university,single,44,0
110000,female,university,single,31,1
50000,female,university,married,31,0
320000,female,university,married,34,0
80000,female,graduate,single,34,1
40000,female,highschool,married,42,1
330000,female,university,married,39,0
160000,female,highschool,married,36,0
210000,female,university,married,49,0
50000,female,university,married,36,0
50000,female,highschool,single,49,1
120000,female,graduate,single,36,0
150000,female,graduate,married,45,0
100000,female,university,single,31,0
50000,female,university,single,31,0
240000,female,graduate,single,36,0
230000,female,graduate,married,39,1
290000,female,university,married,45,0
230000,female,graduate,married,42,0
360000,female,graduate,married,39,0
320000,female,university,married,38,0
360000,female,university,married,45,0
90000,female,graduate,married,38,0
500000,female,graduate,single,34,0
210000,female,university,married,36,0
90000,female,university,married,39,0
80000,female,highschool,married,44,0
390000,female,university,single,39,0
170000,female,university,single,33,0
300000,female,highschool,married,37,0
30000,female,highschool,married,38,0
260000,female,university,married,39,0
500000,female,graduate,married,44,0
240000,female,university,single,35,0
100000,female,university,married,35,0
180000,female,graduate,married,45,0
50000,female,university,married,45,0
200000,female,university,married,35,0
20000,female,highschool,married,45,0
20000,female,university,married,46,1
60000,female,university,married,35,0
260000,female,graduate,married,42,0
180000,female,highschool,married,41,0
210000,female,graduate,single,44,0
270000,female,university,married,36,0
370000,female,graduate,married,36,0
200000,female,graduate,single,35,0
270000,female,graduate,married,31,0
350000,female,graduate,single,32,0
230000,female,university,single,37,0
130000,female,university,married,41,0
260000,female,graduate,married,31,0
400000,female,graduate,married,32,0
180000,female,university,single,36,0
220000,female,graduate,married,41,0
210000,female,graduate,single,32,0
240000,female,university,married,32,0
240000,female,university,single,35,0
150000,female,university,married,45,0
300000,female,graduate,single,31,0
180000,female,university,divorce,43,0
300000,female,graduate,married,47,1
70000,female,university,married,34,0
60000,female,highschool,single,43,1
260000,female,graduate,single,33,0
400000,female,university,married,37,0
490000,female,graduate,married,48,0
50000,female,graduate,single,42,1
130000,female,graduate,single,32,0
150000,female,university,married,32,0
70000,female,university,married,33,0
240000,female,university,married,34,0
250000,female,graduate,married,49,0
440000,female,university,married,41,0
130000,female,university,married,40,0
60000,female,university,married,37,1
290000,female,university,married,41,0
150000,female,university,married,41,0
240000,female,university,married,37,0
220000,female,graduate,married,43,1
100000,female,graduate,single,38,0
200000,female,graduate,married,39,0
400000,female,graduate,married,37,0
500000,female,graduate,married,47,0
230000,female,graduate,married,45,1
50000,female,university,single,43,0
180000,female,university,married,46,0
200000,female,graduate,single,31,0
230000,female,graduate,single,37,0
210000,female,university,married,34,1
170000,female,highschool,single,33,0
200000,female,graduate,single,41,0
350000,female,graduate,married,42,0
360000,female,highschool,single,41,0
160000,female,graduate,single,35,0
230000,female,graduate,married,36,0
110000,female,university,married,44,0
520000,female,university,single,42,0
280000,female,graduate,single,30,0
240000,female,graduate,single,30,0
20000,female,highschool,single,31,0
210000,female,university,single,30,0
250000,female,graduate,single,30,0
90000,female,highschool,married,44,0
70000,female,university,single,30,1
90000,female,graduate,single,36,1
180000,female,graduate,married,39,0
210000,female,graduate,married,43,1
250000,female,university,single,30,0
200000,female,other,single,30,0
240000,female,university,single,36,0
500000,female,highschool,single,32,0
20000,female,university,married,32,0
160000,female,highschool,married,44,0
250000,female,graduate,married,32,0
360000,female,university,married,44,0
300000,female,university,married,44,0
500000,female,university,married,45,0
420000,female,university,married,40,0
30000,female,university,single,36,0
260000,female,university,married,48,0
360000,female,university,married,45,0
220000,female,university,single,32,0
20000,female,highschool,married,35,0
230000,female,graduate,single,37,1
100000,female,university,married,41,0
180000,female,graduate,married,44,0
300000,female,university,married,45,0
160000,female,highschool,married,46,0
10000,female,university,divorce,43,0
300000,female,graduate,married,39,0
80000,female,graduate,married,37,0
440000,female,graduate,married,39,1
80000,female,university,single,33,0
230000,female,graduate,married,45,0
340000,female,university,married,47,0
50000,female,university,single,48,0
80000,female,graduate,married,37,0
150000,female,graduate,married,47,0
160000,female,graduate,married,43,1
390000,female,other,married,40,0
500000,female,graduate,married,37,0
100000,female,university,married,32,0
310000,female,graduate,married,41,0
30000,female,graduate,single,43,0
20000,female,university,single,45,0
500000,female,graduate,single,45,0
150000,female,graduate,single,37,0
360000,female,graduate,single,38,1
200000,female,graduate,single,31,0
270000,female,graduate,single,36,0
230000,female,university,single,32,0
150000,female,graduate,married,40,0
240000,female,graduate,married,41,0
250000,female,university,married,49,0
240000,female,graduate,married,35,1
340000,female,graduate,single,34,0
160000,female,graduate,single,35,0
180000,female,university,married,33,0
240000,female,university,married,41,0
120000,female,university,single,43,0
150000,female,other,married,40,0
210000,female,graduate,single,31,0
500000,female,university,married,31,0
80000,female,highschool,married,49,0
30000,female,highschool,single,45,0
60000,female,university,married,33,0
370000,female,university,single,35,0
30000,female,university,married,33,0
150000,female,graduate,married,30,1
100000,female,graduate,single,42,0
80000,female,university,married,39,0
200000,female,graduate,single,32,0
80000,female,university,married,33,1
140000,female,university,married,42,0
290000,female,university,single,40,0
350000,female,graduate,married,36,0
310000,female,graduate,married,39,0
80000,female,university,married,42,1
30000,female,highschool,married,37,1
230000,female,university,single,47,0
150000,female,graduate,married,37,0
110000,female,university,married,29,0
170000,female,university,married,29,0
200000,female,graduate,single,30,0
260000,female,university,married,30,0
50000,female,university,single,47,0
50000,female,university,divorce,42,0
420000,female,graduate,married,46,0
220000,female,graduate,single,36,1
230000,female,graduate,married,36,0
280000,female,university,single,49,0
20000,female,university,married,45,1
200000,female,graduate,single,44,0
280000,female,graduate,married,37,0
170000,female,university,married,45,1
50000,female,university,married,42,0
240000,female,graduate,single,33,0
200000,female,highschool,other,45,0
100000,female,university,single,42,1
230000,female,graduate,single,30,0
240000,female,university,married,32,0
240000,female,university,single,32,0
80000,female,university,married,36,0
80000,female,university,single,30,0
50000,female,highschool,married,48,0
180000,female,university,married,38,1
150000,female,graduate,single,31,0
140000,female,graduate,married,42,1
80000,female,university,married,43,0
300000,female,university,married,43,0
350000,female,university,single,34,0
110000,female,highschool,single,46,1
130000,female,university,married,37,0
130000,female,university,married,45,0
170000,female,university,single,48,0
310000,female,graduate,married,43,0
500000,female,highschool,single,36,0
230000,female,graduate,single,35,0
50000,female,university,married,35,1
390000,female,highschool,married,44,0
200000,female,highschool,single,43,0
380000,female,graduate,single,34,0
140000,female,university,single,41,0
420000,female,university,single,49,0
50000,female,university,married,42,1
100000,female,highschool,single,46,0
50000,female,university,single,36,1
140000,female,university,married,37,0
50000,female,graduate,married,40,0
20000,female,university,married,48,1
260000,female,university,married,45,0
240000,female,university,married,37,1
20000,female,highschool,married,49,0
200000,female,university,single,38,0
150000,female,university,married,40,0
280000,female,graduate,single,35,0
280000,female,graduate,single,34,0
120000,female,graduate,married,34,1
160000,female,university,single,47,0
80000,female,university,married,37,0
500000,female,university,married,43,0
50000,female,university,single,42,1
120000,female,graduate,married,36,1
150000,female,graduate,married,34,0
150000,female,university,married,34,0
200000,female,university,single,31,0
160000,female,graduate,single,31,0
200000,female,university,married,33,0
280000,female,university,married,43,1
120000,female,university,single,39,1
360000,female,graduate,married,42,0
150000,female,university,married,49,0
390000,female,graduate,married,39,0
200000,female,university,married,34,0
200000,female,university,single,37,0
60000,female,university,married,43,0
300000,female,graduate,married,30,0
420000,female,university,single,32,0
170000,female,graduate,married,33,0
170000,female,graduate,single,28,0
160000,female,graduate,single,28,0
210000,female,graduate,single,28,0
200000,female,other,single,29,0
200000,female,university,single,30,0
60000,female,graduate,single,32,0
500000,female,graduate,single,33,0
150000,female,graduate,married,33,0
310000,female,university,single,42,0
350000,female,graduate,single,31,0
140000,female,graduate,single,35,1
320000,female,graduate,single,30,0
330000,female,graduate,single,32,0
200000,female,university,single,36,0
430000,female,other,single,41,0
170000,female,highschool,single,30,0
300000,female,graduate,married,30,0
450000,female,university,single,39,0
250000,female,university,single,44,0
300000,female,graduate,single,29,0
230000,female,university,single,30,0
230000,female,graduate,married,35,0
100000,female,university,single,37,0
20000,female,highschool,single,52,0
50000,female,graduate,married,54,0
70000,female,graduate,single,50,1
170000,female,university,married,52,1
110000,female,highschool,married,53,0
30000,female,highschool,single,50,0
60000,female,university,married,50,1
70000,female,university,married,59,0
20000,female,highschool,married,50,1
30000,female,highschool,married,51,0
30000,female,university,married,52,1
490000,female,highschool,married,54,0
280000,female,university,married,53,0
150000,female,graduate,married,51,0
240000,female,university,married,52,0
230000,female,university,single,53,0
100000,female,graduate,single,52,1
60000,female,university,married,51,0
50000,female,highschool,married,51,0
70000,female,university,single,52,0
50000,female,highschool,married,52,0
110000,female,university,single,52,0
200000,female,other,single,51,0
220000,female,highschool,married,51,0
30000,female,highschool,single,50,0
20000,female,university,married,50,1
20000,female,university,married,51,0
20000,female,highschool,married,51,0
280000,female,graduate,married,51,1
100000,female,highschool,married,54,0
300000,female,university,married,56,0
200000,female,highschool,married,54,0
50000,female,highschool,married,52,0
20000,female,university,single,52,0
30000,female,highschool,divorce,61,0
430000,female,university,single,50,0
90000,female,university,married,55,0
280000,female,university,married,50,0
20000,female,highschool,single,50,0
150000,female,highschool,single,52,0
300000,female,graduate,single,50,0
80000,female,other,married,52,0
280000,female,graduate,married,50,0
120000,female,highschool,married,50,0
210000,female,highschool,single,51,1
40000,female,university,married,52,0
100000,female,university,married,52,0
90000,female,highschool,married,54,1
80000,female,university,single,49,1
170000,female,university,married,51,0
350000,female,graduate,married,52,1
80000,female,highschool,single,55,0
30000,female,highschool,single,58,0
500000,female,graduate,married,54,1
180000,female,university,married,53,0
80000,female,highschool,married,57,0
150000,female,university,single,51,0
600000,female,highschool,single,51,0
50000,female,university,single,51,0
20000,female,university,married,51,0
150000,female,highschool,married,72,0
100000,female,highschool,married,50,0
20000,female,highschool,married,58,1
80000,female,highschool,married,55,0
50000,female,highschool,married,52,0
150000,female,university,married,52,0
90000,female,highschool,married,52,0
80000,female,graduate,married,50,0
190000,female,university,married,48,1
320000,female,graduate,single,50,0
500000,female,university,single,50,0
50000,female,highschool,married,57,1
60000,female,graduate,single,62,0
100000,female,highschool,married,53,0
150000,female,graduate,married,54,1
280000,female,other,married,50,0
100000,female,highschool,married,50,0
30000,female,university,married,50,1
50000,female,graduate,married,50,1
60000,female,university,married,50,0
40000,female,highschool,single,55,0
160000,female,highschool,married,51,0
150000,female,university,single,50,0
200000,female,university,married,50,1
60000,female,highschool,married,51,0
210000,female,graduate,married,51,0
50000,female,graduate,single,52,0
360000,female,graduate,married,52,0
80000,female,highschool,divorce,52,0
360000,female,graduate,married,52,1
140000,female,university,married,52,0
260000,female,highschool,married,52,1
180000,female,university,married,52,0
300000,female,graduate,single,55,0
200000,female,highschool,married,53,0
390000,female,graduate,single,53,0
130000,female,highschool,married,59,0
130000,female,highschool,married,56,0
240000,female,university,married,53,0
80000,female,highschool,married,54,0
350000,female,graduate,married,56,0
110000,female,university,married,62,0
30000,female,university,married,56,1
130000,female,university,married,53,0
80000,female,highschool,married,54,0
60000,female,university,single,55,0
180000,female,highschool,married,70,0
50000,female,highschool,married,54,0
70000,female,highschool,married,57,0
270000,female,graduate,married,60,1
110000,female,highschool,married,55,1
150000,female,university,married,53,0
150000,female,highschool,married,53,0
170000,female,highschool,single,56,0
70000,female,university,married,62,1
360000,female,graduate,married,57,0
200000,female,graduate,married,59,0
200000,female,university,married,69,0
140000,female,highschool,single,61,1
360000,female,university,married,58,0
180000,female,other,married,54,0
80000,female,university,married,55,0
390000,female,graduate,married,53,0
440000,female,graduate,married,53,0
50000,female,university,married,55,0
80000,female,university,single,60,0
230000,female,university,married,54,0
90000,female,highschool,married,53,0
80000,female,highschool,single,54,0
350000,female,highschool,married,64,0
440000,female,other,married,64,0
90000,female,highschool,married,54,1
40000,female,university,married,56,1
50000,female,university,married,61,1
50000,female,highschool,married,58,0
100000,female,highschool,married,55,1
200000,female,highschool,married,56,0
180000,female,highschool,single,55,0
180000,female,university,married,62,1
20000,female,university,married,58,0
120000,female,highschool,married,63,0
80000,female,highschool,single,65,0
60000,female,highschool,married,66,0
140000,female,university,married,55,0
220000,male,university,married,39,0
80000,male,graduate,single,25,0
360000,male,university,single,29,0
60000,male,highschool,single,26,0
50000,male,graduate,single,29,0
20000,male,university,single,28,0
50000,male,university,single,22,0
360000,male,graduate,single,29,0
50000,male,university,single,34,0
130000,male,highschool,married,27,1
20000,male,university,single,22,1
20000,male,university,single,22,1
300000,male,graduate,married,35,0
250000,male,graduate,married,36,1
100000,male,graduate,married,37,1
80000,male,graduate,married,37,1
20000,male,university,single,22,1
50000,male,graduate,single,23,0
50000,male,university,single,23,1
20000,male,university,single,23,1
50000,male,university,married,23,1
180000,male,graduate,single,23,0
50000,male,graduate,single,23,1
20000,male,highschool,single,23,1
20000,male,university,single,22,0
10000,male,university,single,22,1
10000,male,university,single,21,0
20000,male,other,single,22,0
150000,male,university,married,24,0
10000,male,university,single,21,1
20000,male,graduate,single,23,0
20000,male,university,single,24,0
50000,male,highschool,married,23,1
10000,male,university,single,24,1
50000,male,university,single,23,0
20000,male,university,single,23,0
90000,male,highschool,single,23,1
30000,male,highschool,single,23,0
110000,male,graduate,single,25,0
10000,male,graduate,single,23,1
20000,male,university,single,23,1
10000,male,university,single,24,0
80000,male,university,single,25,0
20000,male,university,single,24,0
240000,male,university,single,25,0
170000,male,other,married,40,0
80000,male,university,single,23,0
20000,male,university,single,22,0
20000,male,university,single,22,0
480000,male,graduate,married,37,0
20000,male,university,single,23,1
20000,male,university,single,24,0
100000,male,university,single,22,0
50000,male,university,single,23,0
80000,male,university,single,24,0
200000,male,graduate,single,24,0
150000,male,other,single,32,0
30000,male,university,single,34,0
140000,male,university,single,25,0
10000,male,university,single,21,0
20000,male,highschool,single,24,1
50000,male,graduate,single,26,0
130000,male,university,single,25,0
50000,male,graduate,single,26,0
160000,male,graduate,single,26,0
30000,male,university,single,26,0
80000,male,university,single,27,0
20000,male,highschool,single,25,0
20000,male,highschool,single,24,0
10000,male,highschool,single,24,0
110000,male,highschool,single,26,0
50000,male,graduate,single,24,0
40000,male,graduate,single,25,0
120000,male,university,single,26,0
50000,male,university,single,26,0
270000,male,graduate,single,27,0
200000,male,graduate,married,27,1
20000,male,university,single,24,0
30000,male,university,single,24,0
20000,male,highschool,single,26,1
20000,male,university,single,24,1
10000,male,graduate,single,24,1
50000,male,university,single,24,0
60000,male,university,married,25,0
200000,male,graduate,single,26,0
110000,male,university,single,26,0
210000,male,other,single,27,0
20000,male,university,single,27,0
300000,male,university,married,27,0
30000,male,university,single,22,1
50000,male,highschool,married,24,0
80000,male,university,single,24,1
50000,male,university,single,26,1
230000,male,university,single,27,0
110000,male,highschool,single,27,0
140000,male,university,single,27,0
140000,male,university,single,28,0
360000,male,graduate,single,28,0
90000,male,highschool,single,25,1
10000,male,graduate,single,26,0
180000,male,graduate,single,26,0
120000,male,highschool,other,26,0
130000,male,university,single,25,0
90000,male,university,single,25,0
170000,male,university,single,26,1
50000,male,university,single,23,0
400000,male,graduate,single,26,0
10000,male,highschool,single,24,0
360000,male,graduate,single,27,0
100000,male,graduate,single,25,0
80000,male,graduate,single,25,0
20000,male,university,single,25,0
50000,male,graduate,single,25,0
50000,male,graduate,single,24,0
50000,male,graduate,single,24,0
100000,male,university,single,26,1
150000,male,graduate,single,26,1
190000,male,graduate,single,25,0
80000,male,graduate,single,26,0
10000,male,university,single,26,0
50000,male,graduate,single,26,0
140000,male,other,single,26,0
80000,male,university,single,25,0
50000,male,university,single,26,0
80000,male,highschool,married,34,1
20000,male,highschool,single,27,0
170000,male,university,single,27,1
210000,male,graduate,single,27,1
230000,male,university,single,27,0
50000,male,graduate,single,28,0
30000,male,university,single,28,0
50000,male,university,single,25,0
50000,male,university,single,28,1
20000,male,university,single,26,0
160000,male,university,single,26,0
70000,male,highschool,single,26,1
290000,male,graduate,single,28,0
120000,male,highschool,single,26,0
50000,male,university,single,27,0
110000,male,graduate,single,26,0
160000,male,other,single,26,0
30000,male,highschool,single,27,0
210000,male,university,single,27,0
150000,male,highschool,single,27,0
120000,male,graduate,single,28,1
100000,male,university,married,28,1
120000,male,graduate,single,28,1
220000,male,other,single,23,0
140000,male,university,single,26,1
20000,male,university,single,24,1
330000,male,university,single,25,0
210000,male,graduate,single,29,0
430000,male,graduate,single,29,0
150000,male,university,single,28,0
210000,male,highschool,single,28,0
240000,male,university,single,29,0
140000,male,university,single,30,1
50000,male,university,single,28,1
400000,male,graduate,single,28,0
160000,male,other,married,28,0
130000,male,graduate,single,28,0
160000,male,university,single,26,0
30000,male,university,single,27,0
20000,male,highschool,single,27,1
200000,male,university,single,27,0
20000,male,university,single,27,0
130000,male,graduate,single,27,0
100000,male,university,married,30,0
150000,male,other,single,24,0
100000,male,university,single,25,0
40000,male,graduate,single,27,1
50000,male,graduate,single,26,0
150000,male,university,single,32,1
50000,male,university,single,29,0
50000,male,university,single,24,0
60000,male,university,single,29,1
320000,male,graduate,single,30,0
90000,male,university,single,30,1
160000,male,university,single,30,0
30000,male,university,single,25,1
50000,male,university,single,26,0
20000,male,university,single,27,0
150000,male,university,single,27,0
70000,male,graduate,single,28,0
180000,male,graduate,single,28,0
320000,male,graduate,single,29,0
90000,male,university,married,29,0
210000,male,university,single,29,0
180000,male,university,single,26,0
360000,male,university,single,28,0
100000,male,other,single,28,0
300000,male,graduate,single,28,0
160000,male,university,single,27,0
50000,male,university,single,27,1
50000,male,graduate,single,29,1
160000,male,other,single,33,0
160000,male,graduate,single,30,0
20000,male,university,married,30,0
250000,male,graduate,single,27,0
50000,male,graduate,single,27,0
30000,male,university,single,26,0
50000,male,university,single,31,0
50000,male,graduate,single,28,0
50000,male,highschool,single,28,0
200000,male,graduate,single,28,0
80000,male,graduate,single,28,0
220000,male,graduate,single,29,0
60000,male,graduate,single,28,0
230000,male,graduate,single,29,0
210000,male,university,single,31,0
50000,male,university,single,32,0
20000,male,highschool,married,26,1
320000,male,university,single,28,0
180000,male,university,single,28,0
140000,male,university,single,30,0
30000,male,highschool,single,25,0
50000,male,highschool,single,25,0
170000,male,other,single,30,0
80000,male,university,single,29,1
290000,male,university,married,30,0
20000,male,university,single,28,1
20000,male,university,married,27,0
100000,male,graduate,single,26,0
10000,male,highschool,single,27,0
30000,male,highschool,single,28,1
180000,male,graduate,single,29,0
160000,male,graduate,married,31,0
390000,male,university,single,29,0
90000,male,university,single,28,0
310000,male,university,single,29,0
100000,male,university,married,29,0
50000,male,highschool,single,27,0
500000,male,university,single,30,0
120000,male,university,married,30,0
80000,male,highschool,married,29,0
140000,male,graduate,single,27,0
50000,male,university,single,31,0
400000,male,graduate,single,30,0
380000,male,graduate,single,29,0
100000,male,graduate,single,29,0
110000,male,graduate,single,29,0
130000,male,university,single,29,0
200000,male,university,married,29,0
170000,male,graduate,single,25,0
50000,male,university,single,27,0
140000,male,highschool,single,29,0
50000,male,university,married,32,1
100000,male,other,single,29,0
200000,male,university,married,32,1
70000,male,highschool,married,33,1
320000,male,university,single,29,0
90000,male,graduate,single,31,0
220000,male,university,single,31,1
170000,male,other,single,28,0
150000,male,university,single,28,0
180000,male,graduate,single,29,1
110000,male,university,single,29,0
200000,male,graduate,single,30,1
150000,male,graduate,single,30,0
260000,male,graduate,single,30,0
360000,male,graduate,single,30,0
130000,male,university,single,29,0
500000,male,graduate,single,29,0
340000,male,graduate,single,29,1
70000,male,graduate,single,26,0
90000,male,university,married,29,0
50000,male,university,married,30,1
170000,male,university,single,30,0
50000,male,highschool,single,30,0
90000,male,graduate,single,29,0
200000,male,university,single,29,0
20000,male,university,single,32,0
280000,male,highschool,married,32,1
200000,male,highschool,married,33,0
50000,male,university,single,32,1
100000,male,graduate,single,32,0
120000,male,university,married,32,0
30000,male,highschool,single,32,0
160000,male,university,single,32,0
360000,male,graduate,single,29,0
200000,male,university,single,33,1
220000,male,graduate,single,29,0
80000,male,graduate,single,30,0
160000,male,graduate,married,30,0
260000,male,university,single,30,0
120000,male,university,single,31,0
80000,male,university,single,30,0
20000,male,graduate,single,30,0
100000,male,highschool,single,30,0
50000,male,university,single,31,0
50000,male,university,single,29,0
260000,male,graduate,married,37,1
50000,male,university,married,38,0
190000,male,university,single,28,0
200000,male,graduate,single,33,0
140000,male,university,married,48,0
130000,male,graduate,married,42,1
50000,male,highschool,married,26,1
100000,male,university,single,31,0
200000,male,highschool,single,37,0
10000,male,highschool,single,23,0
20000,male,university,single,24,0
20000,male,university,single,25,0
30000,male,university,married,22,1
30000,male,university,married,27,1
310000,male,university,single,30,0
50000,male,university,single,31,1
320000,male,other,married,47,0
160000,male,university,married,45,1
50000,male,highschool,single,31,0
20000,male,university,married,31,1
330000,male,university,married,32,0
10000,male,highschool,single,36,1
100000,male,graduate,married,41,0
130000,male,graduate,married,42,0
20000,male,highschool,divorce,44,1
370000,male,university,single,39,1
190000,male,highschool,married,41,0
50000,male,university,married,35,0
180000,male,graduate,single,28,0
60000,male,university,married,30,1
170000,male,graduate,single,29,0
70000,male,graduate,single,49,1
150000,male,university,single,32,1
100000,male,university,single,32,1
20000,male,university,single,35,1
330000,male,university,married,38,0
20000,male,highschool,single,31,1
200000,male,highschool,single,32,0
90000,male,highschool,divorce,40,1
90000,male,university,married,47,1
150000,male,highschool,married,39,0
20000,male,highschool,single,47,1
50000,male,university,single,28,0
20000,male,university,married,32,0
180000,male,graduate,married,48,0
50000,male,university,single,29,1
180000,male,university,married,37,0
200000,male,university,married,40,1
180000,male,graduate,single,28,0
440000,male,graduate,single,31,0
30000,male,university,single,40,1
270000,male,graduate,single,36,0
130000,male,highschool,single,28,0
50000,male,university,single,29,0
130000,male,university,married,42,0
190000,male,university,married,41,1
50000,male,university,single,34,1
50000,male,university,single,35,0
50000,male,highschool,married,42,0
80000,male,highschool,single,44,1
70000,male,university,married,36,0
50000,male,highschool,single,49,0
30000,male,graduate,single,33,0
310000,male,university,single,34,0
120000,male,university,single,35,1
280000,male,university,married,47,0
90000,male,university,married,39,0
280000,male,graduate,married,42,0
10000,male,university,married,44,1
340000,male,graduate,married,43,0
70000,male,university,married,44,1
560000,male,university,married,49,0
360000,male,university,married,40,0
70000,male,highschool,single,47,0
220000,male,university,married,45,0
200000,male,graduate,married,40,0
180000,male,highschool,married,39,0
210000,male,university,divorce,39,0
100000,male,university,married,39,0
50000,male,highschool,married,44,0
50000,male,highschool,single,34,0
210000,male,graduate,married,34,0
20000,male,university,single,37,1
170000,male,graduate,single,36,0
180000,male,highschool,married,37,0
270000,male,highschool,single,38,1
450000,male,university,married,41,0
60000,male,university,married,41,1
30000,male,university,married,36,0
50000,male,university,single,41,0
280000,male,highschool,married,46,0
420000,male,graduate,single,33,0
50000,male,highschool,married,45,0
120000,male,university,married,45,0
50000,male,university,married,41,1
120000,male,graduate,married,49,0
100000,male,university,married,43,0
20000,male,graduate,single,22,0
20000,male,highschool,single,24,0
30000,male,university,single,30,1
240000,male,graduate,single,30,0
360000,male,highschool,single,33,0
50000,male,university,married,44,1
180000,male,university,married,46,1
220000,male,graduate,married,39,0
450000,male,graduate,married,45,1
30000,male,university,single,42,0
50000,male,university,divorce,41,0
360000,male,university,married,36,0
360000,male,university,married,34,0
20000,male,university,married,40,0
230000,male,university,married,36,0
50000,male,university,single,40,1
420000,male,graduate,married,42,0
20000,male,highschool,married,40,1
20000,male,highschool,married,40,1
70000,male,university,married,37,0
40000,male,university,married,46,1
20000,male,university,single,34,1
140000,male,graduate,single,30,0
130000,male,university,married,33,0
240000,male,graduate,married,35,0
20000,male,university,single,30,1
230000,male,university,single,34,0
500000,male,university,married,44,0
20000,male,university,married,46,1
50000,male,university,married,42,0
130000,male,graduate,single,38,0
400000,male,university,married,42,1
50000,male,highschool,married,40,0
360000,male,graduate,single,30,0
50000,male,highschool,single,34,1
20000,male,university,single,44,0
160000,male,graduate,married,40,1
420000,male,highschool,married,32,0
150000,male,graduate,single,34,1
190000,male,graduate,single,37,0
20000,male,highschool,single,31,1
410000,male,graduate,single,32,0
270000,male,graduate,single,32,0
120000,male,graduate,married,32,0
30000,male,university,married,33,0
240000,male,highschool,married,33,0
300000,male,graduate,married,33,0
500000,male,graduate,married,34,0
700000,male,graduate,married,34,0
110000,male,graduate,single,33,0
490000,male,university,married,34,0
500000,male,graduate,single,34,0
50000,male,university,single,43,1
430000,male,graduate,married,42,0
200000,male,university,married,37,0
270000,male,highschool,single,38,0
220000,male,university,married,49,0
20000,male,university,single,34,0
280000,male,graduate,single,35,0
70000,male,university,married,49,0
420000,male,graduate,married,43,0
90000,male,university,married,44,1
10000,male,university,married,37,0
120000,male,university,single,41,1
340000,male,university,married,49,0
350000,male,university,married,49,0
100000,male,university,married,34,1
60000,male,graduate,married,37,1
290000,male,university,married,42,1
30000,male,university,married,37,1
180000,male,university,single,31,1
50000,male,university,single,49,1
160000,male,university,married,39,1
30000,male,other,single,49,0
240000,male,graduate,single,47,1
260000,male,highschool,single,43,0
20000,male,university,single,42,1
50000,male,highschool,single,39,0
180000,male,graduate,single,37,0
110000,male,highschool,married,43,0
130000,male,university,married,33,0
30000,male,university,married,45,0
130000,male,university,married,48,0
170000,male,university,married,38,1
240000,male,university,single,38,0
360000,male,graduate,single,38,0
150000,male,graduate,single,37,0
70000,male,highschool,single,38,1
220000,male,university,single,30,0
80000,male,university,married,31,0
180000,male,graduate,single,31,0
390000,male,graduate,married,32,0
20000,male,highschool,married,48,1
100000,male,graduate,married,44,0
10000,male,university,single,37,0
80000,male,highschool,married,42,0
330000,male,graduate,married,48,0
20000,male,university,married,47,1
270000,male,graduate,single,33,0
280000,male,university,single,33,0
180000,male,university,single,33,0
350000,male,highschool,married,44,0
200000,male,highschool,married,44,1
50000,male,university,married,41,1
500000,male,graduate,married,41,0
140000,male,graduate,married,43,0
180000,male,graduate,married,40,1
540000,male,other,single,49,0
30000,male,graduate,single,28,0
270000,male,graduate,married,42,0
210000,male,graduate,single,28,0
160000,male,other,married,45,0
50000,male,highschool,single,39,0
50000,male,university,single,29,0
200000,male,university,married,33,0
240000,male,graduate,single,35,1
50000,male,graduate,single,32,1
80000,male,university,single,28,0
80000,male,university,married,34,1
80000,male,university,married,30,1
200000,male,university,married,38,0
200000,male,highschool,married,41,1
290000,male,graduate,single,38,0
80000,male,university,married,39,0
250000,male,graduate,married,40,0
50000,male,university,married,37,0
240000,male,university,married,45,0
130000,male,university,married,43,0
190000,male,university,married,45,0
20000,male,university,single,40,0
60000,male,university,single,32,0
170000,male,university,married,35,0
50000,male,highschool,married,46,0
240000,male,university,married,31,0
200000,male,graduate,single,31,1
130000,male,graduate,single,31,0
360000,male,other,married,31,0
200000,male,graduate,single,33,0
160000,male,highschool,single,38,0
230000,male,graduate,married,39,0
280000,male,graduate,married,38,0
210000,male,graduate,married,40,0
380000,male,highschool,married,39,0
270000,male,university,married,36,1
150000,male,university,single,34,0
110000,male,graduate,single,30,0
500000,male,graduate,single,32,0
100000,male,university,single,41,1
130000,male,graduate,single,30,0
200000,male,graduate,single,34,1
280000,male,university,single,47,0
420000,male,graduate,married,39,0
380000,male,graduate,single,29,0
220000,male,graduate,single,33,1
310000,male,university,married,35,0
310000,male,university,married,48,0
550000,male,graduate,single,35,0
170000,male,graduate,single,36,0
50000,male,graduate,single,35,0
390000,male,graduate,married,41,0
20000,male,university,single,24,0
80000,male,graduate,single,26,0
200000,male,university,single,25,0
80000,male,university,single,27,0
200000,male,graduate,single,28,0
130000,male,university,single,30,0
200000,male,university,married,28,1
20000,male,highschool,single,48,1
310000,male,university,single,35,0
160000,male,highschool,married,40,0
190000,male,university,single,40,1
110000,male,university,married,49,0
150000,male,university,single,49,0
90000,male,graduate,married,37,0
150000,male,graduate,single,34,0
160000,male,graduate,married,41,1
180000,male,graduate,single,34,0
20000,male,university,single,26,1
50000,male,university,married,32,1
420000,male,university,married,41,0
30000,male,university,married,30,0
20000,male,highschool,married,46,1
200000,male,graduate,single,38,0
50000,male,graduate,single,36,1
500000,male,graduate,married,39,1
30000,male,highschool,married,42,0
360000,male,university,married,46,1
130000,male,university,married,38,0
20000,male,university,married,45,0
200000,male,graduate,single,34,0
340000,male,graduate,married,39,0
50000,male,graduate,married,33,0
360000,male,graduate,single,33,0
200000,male,university,single,35,0
50000,male,university,single,33,1
560000,male,university,married,36,0
130000,male,highschool,single,39,1
20000,male,highschool,single,38,0
360000,male,graduate,married,42,0
50000,male,highschool,married,39,0
70000,male,university,single,35,1
280000,male,university,married,49,0
280000,male,university,single,39,0
50000,male,highschool,married,37,0
160000,male,university,married,40,0
240000,male,highschool,married,40,0
300000,male,university,married,48,0
280000,male,university,married,39,1
530000,male,graduate,single,30,0
120000,male,university,single,32,0
130000,male,highschool,single,33,0
500000,male,graduate,married,35,0
70000,male,university,married,31,0
10000,male,university,single,31,0
500000,male,graduate,married,41,0
340000,male,graduate,married,41,0
10000,male,highschool,single,37,1
140000,male,university,single,41,0
50000,male,university,single,36,0
270000,male,university,married,44,1
290000,male,university,single,30,0
50000,male,graduate,single,33,0
30000,male,university,married,33,0
290000,male,graduate,single,41,0
200000,male,graduate,single,31,0
50000,male,graduate,single,31,0
290000,male,graduate,single,32,1
130000,male,graduate,single,36,0
220000,male,university,married,47,0
250000,male,graduate,single,33,0
360000,male,graduate,married,44,0
150000,male,graduate,married,38,1
160000,male,university,single,37,0
360000,male,graduate,married,34,0
210000,male,university,single,42,0
60000,male,highschool,married,43,0
20000,male,university,divorce,48,0
50000,male,highschool,married,45,1
60000,male,highschool,married,41,0
460000,male,graduate,single,39,0
240000,male,other,married,40,0
30000,male,university,single,44,1
50000,male,university,married,41,0
120000,male,university,married,41,1
120000,male,university,single,32,0
230000,male,graduate,single,40,1
80000,male,graduate,single,39,0
20000,male,university,single,34,1
360000,male,university,married,33,0
500000,male,graduate,married,30,0
30000,male,university,married,45,1
170000,male,graduate,single,29,0
240000,male,university,single,41,0
230000,male,graduate,married,40,0
180000,male,graduate,single,31,0
210000,male,highschool,married,38,1
460000,male,graduate,single,44,1
200000,male,graduate,married,47,1
80000,male,university,married,40,0
50000,male,university,married,49,1
230000,male,university,single,38,0
80000,male,university,married,38,0
200000,male,university,married,32,0
50000,male,highschool,married,40,0
30000,male,university,married,36,0
280000,male,highschool,married,40,1
260000,male,university,married,37,0
200000,male,university,single,32,1
80000,male,university,single,32,1
200000,male,graduate,single,45,0
20000,male,other,married,28,0
200000,male,university,married,47,1
60000,male,highschool,single,41,0
50000,male,university,married,38,0
50000,male,university,married,42,0
50000,male,university,single,41,0
200000,male,highschool,single,43,1
130000,male,highschool,single,38,1
130000,male,university,single,41,1
50000,male,university,single,32,1
160000,male,graduate,single,33,1
50000,male,university,single,32,1
10000,male,university,single,46,0
200000,male,university,single,35,0
360000,male,graduate,single,38,0
230000,male,graduate,married,37,0
200000,male,graduate,single,34,0
50000,male,highschool,married,43,1
90000,male,university,married,34,0
270000,male,graduate,single,36,0
50000,male,university,married,41,0
50000,male,university,married,39,1
20000,male,university,married,39,0
50000,male,highschool,married,35,1
390000,male,university,married,39,0
50000,male,university,single,36,0
160000,male,highschool,single,38,0
20000,male,university,married,36,1
230000,male,university,single,36,0
50000,male,graduate,single,46,0
50000,male,highschool,single,40,0
80000,male,highschool,married,37,0
240000,male,university,married,42,0
90000,male,highschool,married,39,1
260000,male,highschool,married,44,0
50000,male,university,single,47,0
350000,male,graduate,married,41,0
20000,male,university,single,42,0
110000,male,highschool,married,41,0
80000,male,highschool,married,34,0
230000,male,university,married,34,1
370000,male,university,single,39,0
100000,male,university,married,38,1
490000,male,university,single,35,1
50000,male,university,single,42,0
200000,male,highschool,single,41,0
70000,male,university,married,37,1
210000,male,university,married,38,0
50000,male,highschool,single,33,0
50000,male,highschool,single,34,0
100000,male,graduate,single,34,1
160000,male,university,single,38,1
30000,male,university,married,32,0
220000,male,graduate,single,34,1
150000,male,highschool,single,29,0
300000,male,university,single,31,0
390000,male,university,married,36,0
180000,male,graduate,married,36,0
300000,male,graduate,single,40,0
150000,male,graduate,married,37,0
80000,male,university,married,36,1
250000,male,university,single,31,0
350000,male,graduate,married,37,0
380000,male,graduate,married,40,0
450000,male,graduate,single,34,0
340000,male,graduate,single,35,0
70000,male,university,married,44,0
320000,male,university,married,37,1
180000,male,graduate,married,48,0
360000,male,graduate,married,43,0
230000,male,graduate,married,46,1
280000,male,graduate,single,36,0
50000,male,university,single,34,0
260000,male,university,married,34,1
230000,male,university,single,41,0
240000,male,graduate,single,41,0
140000,male,graduate,married,44,0
360000,male,graduate,married,43,0
320000,male,graduate,married,44,0
310000,male,graduate,married,36,0
60000,male,university,single,42,0
380000,male,university,married,38,0
40000,male,other,single,37,0
150000,male,university,married,40,0
360000,male,highschool,single,40,0
200000,male,graduate,married,36,0
260000,male,other,married,42,0
430000,male,highschool,single,38,0
200000,male,university,married,36,0
380000,male,graduate,married,40,0
110000,male,university,single,37,0
200000,male,graduate,married,42,0
270000,male,graduate,single,34,0
120000,male,graduate,married,31,0
420000,male,graduate,married,47,0
20000,male,highschool,single,34,0
200000,male,university,single,40,1
80000,male,university,married,45,0
270000,male,university,single,45,0
30000,male,university,married,45,1
80000,male,highschool,married,45,0
30000,male,university,married,39,1
20000,male,graduate,married,36,1
20000,male,university,married,33,1
320000,male,university,married,35,1
120000,male,highschool,married,36,0
290000,male,university,married,38,0
380000,male,university,married,39,0
480000,male,graduate,married,49,0
350000,male,university,single,47,0
220000,male,graduate,single,36,0
360000,male,graduate,married,44,1
420000,male,university,married,39,0
160000,male,graduate,married,40,1
30000,male,graduate,single,47,0
170000,male,university,single,31,0
710000,male,university,married,38,0
350000,male,university,single,34,0
230000,male,university,married,36,0
30000,male,university,divorce,40,0
360000,male,graduate,married,38,0
500000,male,graduate,married,41,0
380000,male,graduate,married,34,0
240000,male,university,married,37,0
100000,male,graduate,single,41,1
200000,male,university,single,38,1
500000,male,graduate,single,35,0
220000,male,highschool,married,48,1
640000,male,graduate,single,33,0
340000,male,highschool,single,34,1
400000,male,graduate,single,48,0
200000,male,graduate,married,39,0
20000,male,university,married,41,0
210000,male,graduate,married,35,0
280000,male,highschool,single,35,0
150000,male,university,single,36,0
50000,male,graduate,single,36,0
60000,male,university,married,36,1
60000,male,highschool,married,36,1
200000,male,university,married,45,0
30000,male,university,single,35,1
130000,male,university,married,42,1
140000,male,university,married,39,0
280000,male,university,single,39,0
110000,male,highschool,single,44,0
130000,male,graduate,single,42,0
110000,male,university,married,48,0
320000,male,graduate,married,38,0
490000,male,graduate,single,41,0
360000,male,graduate,single,45,0
280000,male,graduate,married,37,0
290000,male,graduate,married,36,0
180000,male,university,single,39,0
150000,male,university,single,36,0
260000,male,university,married,44,0
90000,male,highschool,single,34,0
20000,male,highschool,single,35,0
180000,male,graduate,single,34,0
230000,male,university,single,36,0
260000,male,graduate,married,38,1
150000,male,graduate,single,31,1
480000,male,graduate,married,44,0
110000,male,university,married,45,1
150000,male,graduate,married,49,0
170000,male,graduate,single,42,0
50000,male,university,single,44,0
400000,male,other,single,40,0
430000,male,highschool,single,47,0
300000,male,graduate,married,40,0
40000,male,graduate,married,33,0
180000,male,university,married,45,0
300000,male,highschool,single,31,0
20000,male,university,divorce,49,1
230000,male,highschool,single,32,0
180000,male,graduate,married,46,0
50000,male,university,single,36,1
160000,male,graduate,married,37,0
100000,male,university,single,43,0
140000,male,university,married,35,0
70000,male,highschool,married,30,0
400000,male,graduate,single,32,0
330000,male,graduate,married,35,0
130000,male,university,married,39,1
410000,male,graduate,married,46,0
350000,male,university,single,36,0
360000,male,graduate,single,35,0
90000,male,university,married,41,0
100000,male,university,married,46,0
200000,male,university,single,36,0
20000,male,university,married,38,1
230000,male,university,married,35,0
20000,male,university,married,31,0
130000,male,university,single,31,1
150000,male,highschool,single,32,0
160000,male,graduate,single,31,0
20000,male,university,single,30,0
130000,male,graduate,single,48,0
490000,male,graduate,married,43,1
360000,male,graduate,married,45,0
150000,male,university,married,40,0
70000,male,graduate,married,44,1
360000,male,university,divorce,32,0
500000,male,graduate,married,37,0
250000,male,university,single,38,0
50000,male,university,single,38,0
250000,male,university,married,45,0
20000,male,graduate,single,40,0
360000,male,highschool,single,33,0
80000,male,university,single,41,0
140000,male,graduate,single,44,0
140000,male,university,single,36,1
50000,male,university,single,37,1
160000,male,university,single,34,0
50000,male,university,single,49,0
200000,male,university,married,41,0
80000,male,graduate,single,38,1
140000,male,university,single,33,0
90000,male,university,single,34,0
40000,male,university,married,47,0
10000,male,university,married,38,0
500000,male,university,married,33,0
410000,male,graduate,married,41,0
20000,male,university,single,49,0
200000,male,graduate,married,37,0
50000,male,graduate,single,32,0
150000,male,graduate,married,44,0
180000,male,graduate,married,49,1
80000,male,highschool,single,33,0
300000,male,university,single,34,0
150000,male,graduate,single,36,1
220000,male,highschool,married,48,0
120000,male,university,single,35,0
360000,male,graduate,single,43,0
550000,male,other,married,37,1
260000,male,graduate,single,39,0
80000,male,highschool,married,45,1
160000,male,graduate,married,48,0
190000,male,university,married,48,0
250000,male,graduate,married,44,0
30000,male,highschool,single,37,0
100000,male,university,single,37,1
350000,male,graduate,married,35,0
120000,male,highschool,married,45,0
350000,male,graduate,married,43,0
340000,male,university,married,49,0
360000,male,graduate,single,39,0
410000,male,university,married,47,0
170000,male,university,married,42,0
110000,male,university,single,38,0
30000,male,highschool,single,51,0
200000,male,university,married,54,0
250000,male,highschool,married,50,0
240000,male,graduate,married,50,0
210000,male,graduate,married,50,0
30000,male,highschool,married,52,0
30000,male,highschool,married,51,0
40000,male,highschool,married,56,1
50000,male,highschool,divorce,55,0
50000,male,university,married,50,1
20000,male,university,married,50,0
20000,male,highschool,married,52,1
240000,male,university,married,51,1
110000,male,highschool,single,52,0
90000,male,university,single,52,0
110000,male,graduate,married,52,0
500000,male,graduate,married,50,0
20000,male,university,married,54,0
70000,male,highschool,married,50,1
50000,male,highschool,single,51,1
120000,male,highschool,married,53,1
50000,male,university,married,60,0
20000,male,university,married,50,0
30000,male,university,single,51,0
290000,male,highschool,married,61,0
80000,male,university,married,61,1
110000,male,university,married,50,0
190000,male,highschool,single,54,0
50000,male,graduate,single,48,0
50000,male,highschool,married,51,0
20000,male,highschool,married,52,0
110000,male,highschool,married,57,0
350000,male,university,married,50,0
60000,male,highschool,married,52,1
20000,male,highschool,single,59,0
430000,male,graduate,married,51,0
260000,male,university,married,51,1
140000,male,university,married,52,1
360000,male,graduate,married,50,0
280000,male,university,married,50,0
10000,male,university,married,50,0
280000,male,university,married,49,0
50000,male,graduate,married,63,0
50000,male,university,single,56,0
280000,male,university,married,53,1
20000,male,university,married,50,0
80000,male,university,married,51,1
50000,male,university,married,51,0
360000,male,graduate,married,51,1
260000,male,graduate,married,50,0
20000,male,highschool,married,60,0
110000,male,university,married,51,0
20000,male,university,single,52,1
20000,male,other,single,55,1
70000,male,graduate,married,60,0
30000,male,highschool,married,52,1
230000,male,highschool,married,61,1
160000,male,highschool,married,57,1
30000,male,highschool,married,50,0
50000,male,highschool,divorce,52,1
210000,male,highschool,married,47,0
50000,male,highschool,single,60,0
150000,male,graduate,married,55,1
660000,male,graduate,single,55,0
100000,male,university,married,47,0
700000,male,university,married,50,0
300000,male,graduate,married,50,1
320000,male,graduate,married,50,0
250000,male,graduate,married,50,0
150000,male,graduate,single,50,0
200000,male,graduate,single,50,1
50000,male,highschool,single,52,1
320000,male,graduate,married,52,0
20000,male,highschool,married,51,0
170000,male,university,married,64,0
50000,male,university,married,52,1
130000,male,university,married,52,0
150000,male,graduate,married,59,0
500000,male,graduate,married,53,0
410000,male,university,married,54,0
50000,male,university,married,53,0
200000,male,other,married,66,0
230000,male,highschool,married,55,0
20000,male,highschool,single,53,1
300000,male,highschool,married,53,0
20000,male,highschool,divorce,57,0
380000,male,graduate,married,55,0
150000,male,university,married,57,1
20000,male,university,married,53,0
130000,male,highschool,single,56,0
350000,male,graduate,married,57,0
440000,male,graduate,married,64,0
170000,male,university,married,54,0
70000,male,graduate,married,67,0
270000,male,graduate,married,58,0
500000,male,university,married,59,0
200000,male,highschool,married,60,0
290000,male,highschool,married,55,0
50000,male,graduate,single,54,0
20000,male,highschool,married,57,1
80000,male,highschool,married,56,0
70000,male,university,single,55,0
50000,male,highschool,married,53,0
160000,male,university,married,55,0
70000,male,graduate,divorce,57,0
230000,male,graduate,single,59,0
180000,male,university,married,70,0
20000,male,university,single,56,0
350000,male,graduate,married,70,0
70000,male,university,married,54,0
20000,male,university,single,54,0
180000,male,university,single,56,0
320000,male,highschool,married,56,0
50000,male,university,married,53,0
50000,male,university,married,56,0
180000,male,university,married,55,1
130000,male,university,married,55,0
20000,male,highschool,single,57,0
500000,male,university,married,54,0
50000,male,university,married,58,0
760000,male,highschool,married,54,0
20000,male,university,married,55,1
200000,male,graduate,married,54,0
500000,male,university,married,59,0
70000,male,graduate,married,54,0
50000,male,university,married,54,1
680000,male,university,single,64,0
290000,male,university,married,53,0
450000,male,graduate,married,53,0
370000,male,graduate,married,68,0
80000,male,graduate,married,53,0
40000,male,graduate,married,57,0
60000,male,graduate,married,54,0
300000,male,graduate,married,58,0
430000,male,graduate,married,69,0
190000,male,highschool,married,67,0
200000,male,university,married,65,0
150000,male,graduate,married,54,1
200000,male,graduate,married,58,1
50000,male,graduate,married,58,0
300000,male,graduate,married,55,0
480000,male,university,married,53,0
290000,male,highschool,married,53,0
360000,male,graduate,married,54,1
110000,male,university,married,56,0
220000,female,graduate,single,27,0
120000,female,university,divorce,59,1
50000,female,highschool,single,26,1
70000,female,university,married,37,0
30000,female,university,single,35,0
60000,female,university,married,32,0
110000,female,university,single,28,1
30000,female,highschool,married,30,0
60000,female,highschool,married,34,0
60000,female,graduate,single,26,0
30000,female,university,single,24,0
60000,female,highschool,married,49,0
180000,female,other,single,26,0
240000,female,university,married,34,0
220000,female,graduate,single,30,0
100000,female,highschool,married,35,0
180000,female,graduate,single,27,0
140000,female,university,married,26,0
60000,female,university,married,27,1
90000,female,highschool,married,56,0
50000,female,university,single,27,1
290000,female,graduate,single,28,0
400000,female,graduate,single,47,0
60000,female,university,single,35,0
60000,female,university,single,29,0
180000,female,university,single,29,1
130000,female,university,single,24,0
110000,female,graduate,single,24,1
160000,female,university,single,35,0
500000,female,graduate,single,25,0
160000,female,graduate,single,26,0
80000,female,graduate,single,29,0
70000,female,graduate,single,28,0
130000,female,other,single,27,0
20000,female,highschool,married,23,0
90000,female,highschool,single,27,1
30000,female,graduate,single,24,0
360000,female,university,single,25,1
150000,female,university,single,30,0
360000,female,university,married,26,1
160000,female,graduate,single,29,0
120000,female,highschool,married,51,0
160000,female,university,married,25,0
190000,female,graduate,single,27,0
110000,female,graduate,single,28,0
290000,female,university,single,26,0
20000,female,graduate,single,24,0
200000,female,graduate,single,28,0
440000,female,graduate,single,30,0
70000,female,graduate,single,27,1
160000,female,university,single,24,0
120000,female,university,single,30,0
20000,female,highschool,married,22,0
310000,female,graduate,single,27,0
80000,female,highschool,married,29,0
180000,female,university,single,29,0
250000,female,graduate,single,28,1
180000,female,university,single,24,1
130000,female,university,single,29,1
330000,female,highschool,married,27,0
310000,female,university,single,29,0
70000,female,graduate,single,25,0
30000,female,university,single,29,1
290000,female,university,married,29,1
260000,female,graduate,single,29,1
250000,female,graduate,single,26,0
120000,female,university,single,28,1
230000,female,graduate,single,26,0
390000,female,graduate,single,27,0
30000,female,university,married,28,0
50000,female,university,single,26,1
180000,female,graduate,single,28,0
500000,female,university,single,34,0
50000,female,graduate,single,29,0
80000,female,university,married,28,0
460000,female,university,married,28,0
150000,female,highschool,married,28,0
50000,female,university,married,27,0
20000,female,graduate,single,27,0
350000,female,graduate,single,33,0
20000,female,university,married,24,1
400000,female,graduate,single,29,0
490000,female,university,single,35,0
280000,female,graduate,single,30,0
50000,female,university,single,23,0
20000,female,university,married,24,1
90000,female,graduate,single,27,0
150000,female,graduate,single,29,0
70000,female,graduate,single,28,0
230000,female,graduate,single,30,0
200000,female,university,single,29,0
500000,female,university,single,28,0
160000,female,university,single,28,0
250000,female,university,married,29,1
60000,female,university,single,27,1
180000,female,university,single,25,0
500000,female,graduate,married,34,0
50000,female,university,married,25,0
140000,female,university,married,30,0
460000,female,graduate,single,28,0
160000,female,university,single,39,1
50000,female,graduate,single,29,0
110000,female,graduate,single,26,0
100000,female,university,single,24,0
80000,female,graduate,single,29,0
230000,female,graduate,single,27,0
280000,female,university,married,38,0
20000,female,university,single,22,1
30000,female,university,single,22,1
30000,female,university,married,23,1
30000,female,graduate,single,23,0
30000,female,university,single,23,1
110000,female,university,single,24,0
30000,female,university,single,25,0
220000,female,university,single,25,0
20000,female,university,single,26,0
60000,female,university,single,26,0
90000,female,highschool,married,48,0
100000,female,graduate,single,30,0
70000,female,university,married,33,0
210000,female,university,single,28,0
50000,female,university,single,22,0
50000,female,graduate,single,22,0
20000,female,university,single,22,1
130000,female,highschool,single,23,1
360000,female,graduate,married,44,0
200000,female,graduate,single,26,0
130000,female,graduate,married,35,0
100000,female,university,married,23,0
80000,female,university,single,22,0
60000,female,university,single,22,1
50000,female,university,single,23,0
10000,female,university,single,23,1
30000,female,highschool,single,23,1
50000,female,university,single,23,0
50000,female,graduate,single,22,1
30000,female,university,single,22,1
50000,female,university,single,22,0
70000,female,university,single,22,0
20000,female,graduate,single,22,1
30000,female,university,single,22,0
30000,female,university,single,24,0
80000,female,university,single,24,0
130000,female,graduate,single,24,0
10000,female,university,single,23,0
70000,female,highschool,single,23,0
20000,female,university,single,21,0
20000,female,university,single,22,0
30000,female,university,single,22,0
50000,female,highschool,single,22,0
20000,female,university,single,24,0
60000,female,university,single,22,1
50000,female,university,single,23,0
20000,female,graduate,single,22,0
30000,female,university,single,22,0
20000,female,university,single,23,1
10000,female,graduate,single,23,0
50000,female,graduate,single,22,0
70000,female,graduate,married,22,0
20000,female,highschool,other,23,0
50000,female,university,single,23,0
30000,female,university,married,23,0
50000,female,university,single,22,0
30000,female,highschool,single,23,0
80000,female,university,single,23,0
50000,female,highschool,single,23,0
20000,female,graduate,single,24,0
30000,female,graduate,single,25,0
80000,female,graduate,single,25,1
140000,female,graduate,single,25,0
210000,female,university,single,26,0
200000,female,graduate,single,26,0
20000,female,university,single,22,0
30000,female,university,married,22,1
150000,female,highschool,single,23,0
60000,female,graduate,single,24,0
20000,female,university,single,21,0
150000,female,graduate,single,25,0
70000,female,graduate,single,25,0
60000,female,university,married,30,1
30000,female,highschool,married,23,1
330000,female,university,single,31,0
20000,female,highschool,single,22,1
180000,female,university,married,35,0
20000,female,graduate,single,23,0
130000,female,university,single,24,0
30000,female,university,single,25,1
30000,female,university,single,22,0
500000,female,graduate,single,37,0
450000,female,graduate,married,38,0
50000,female,university,single,22,0
60000,female,university,single,24,0
130000,female,university,single,22,0
280000,female,university,single,25,0
100000,female,university,married,26,0
60000,female,graduate,single,24,0
80000,female,graduate,single,25,0
130000,female,graduate,single,27,0
30000,female,university,single,21,0
50000,female,university,single,22,0
50000,female,university,single,23,1
50000,female,highschool,single,23,1
90000,female,university,single,23,1
70000,female,graduate,single,23,0
110000,female,university,single,25,0
80000,female,university,single,25,0
50000,female,highschool,single,23,0
130000,female,university,single,23,0
130000,female,graduate,single,24,0
60000,female,university,single,24,1
140000,female,highschool,single,24,0
110000,female,university,single,24,0
100000,female,university,single,24,1
20000,female,university,married,24,0
90000,female,university,single,24,0
50000,female,university,married,24,0
30000,female,university,single,24,0
130000,female,university,married,23,1
50000,female,university,single,26,0
80000,female,university,married,23,0
50000,female,university,single,23,0
130000,female,graduate,single,24,0
20000,female,graduate,single,24,0
120000,female,graduate,single,24,0
20000,female,university,single,24,0
80000,female,university,single,24,0
50000,female,graduate,single,24,0
100000,female,graduate,single,24,0
70000,female,university,single,24,0
90000,female,university,married,25,0
280000,female,university,single,25,0
400000,female,graduate,single,26,0
130000,female,highschool,single,26,0
30000,female,other,single,22,1
50000,female,highschool,single,23,1
80000,female,university,single,23,1
50000,female,highschool,single,22,0
10000,female,graduate,single,23,0
90000,female,university,single,24,0
50000,female,graduate,single,24,1
100000,female,university,single,24,0
90000,female,university,married,25,1
100000,female,graduate,single,25,0
310000,female,graduate,single,26,0
210000,female,graduate,single,26,0
340000,female,university,single,25,0
30000,female,university,married,25,1
70000,female,university,single,25,1
450000,female,graduate,single,25,0
110000,female,graduate,single,26,0
30000,female,university,married,26,0
10000,female,university,single,26,1
50000,female,graduate,single,26,0
120000,female,graduate,single,27,0
210000,female,graduate,single,27,0
260000,female,university,single,27,0
300000,female,graduate,single,27,0
160000,female,graduate,single,27,0
30000,female,university,single,27,0
120000,female,university,married,22,0
70000,female,university,single,23,0
90000,female,graduate,single,23,0
60000,female,university,single,24,0
60000,female,graduate,single,24,0
50000,female,graduate,single,22,0
100000,female,graduate,single,23,0
50000,female,university,married,24,0
20000,female,university,single,24,1
80000,female,graduate,single,24,0
300000,female,other,single,26,0
100000,female,university,single,23,0
140000,female,university,single,25,1
80000,female,university,single,23,1
60000,female,highschool,single,23,0
230000,female,university,single,23,0
120000,female,university,single,25,0
50000,female,graduate,single,23,0
60000,female,graduate,single,24,0
50000,female,university,single,24,0
210000,female,university,married,25,0
90000,female,university,single,23,0
20000,female,graduate,single,24,0
130000,female,university,single,22,0
20000,female,university,single,22,0
90000,female,university,single,24,0
30000,female,graduate,single,23,0
30000,female,university,married,23,0
150000,female,university,single,24,0
20000,female,graduate,single,24,1
80000,female,highschool,married,25,0
40000,female,university,single,25,0
240000,female,graduate,single,27,0
100000,female,other,single,27,0
100000,female,graduate,single,30,0
150000,female,highschool,single,25,0
270000,female,university,single,25,0
400000,female,university,single,24,0
50000,female,graduate,single,25,0
80000,female,graduate,single,25,0
20000,female,university,single,25,0
240000,female,highschool,single,25,0
70000,female,university,single,25,1
50000,female,university,single,26,0
70000,female,graduate,single,23,0
170000,female,other,single,24,0
110000,female,highschool,single,26,0
100000,female,graduate,married,26,0
10000,female,graduate,single,23,1
230000,female,university,single,23,0
230000,female,university,single,23,0
60000,female,university,married,23,0
50000,female,highschool,single,23,0
110000,female,graduate,single,23,0
180000,female,highschool,single,42,0
80000,female,university,single,24,0
30000,female,university,single,24,1
50000,female,highschool,single,24,0
190000,female,graduate,single,26,0
120000,female,university,single,26,0
30000,female,university,married,21,0
20000,female,university,single,21,0
60000,female,graduate,single,22,0
20000,female,graduate,single,22,0
50000,female,university,single,23,1
30000,female,highschool,single,26,0
150000,female,university,single,27,0
50000,female,graduate,single,22,1
210000,female,university,single,26,0
130000,female,highschool,married,25,0
50000,female,university,married,26,0
200000,female,graduate,single,26,0
180000,female,graduate,married,26,0
190000,female,graduate,single,26,1
160000,female,highschool,single,24,0
130000,female,graduate,single,23,0
50000,female,graduate,single,23,0
30000,female,highschool,married,21,0
20000,female,graduate,single,23,0
110000,female,university,single,23,0
50000,female,highschool,single,24,1
50000,female,graduate,single,24,1
80000,female,university,single,23,0
20000,female,university,married,24,1
20000,female,university,married,24,0
150000,female,graduate,single,23,0
50000,female,graduate,single,23,0
20000,female,graduate,single,24,0
130000,female,graduate,married,23,0
130000,female,university,single,25,0
60000,female,university,single,24,0
110000,female,university,single,24,0
80000,female,university,single,22,0
50000,female,graduate,single,24,0
80000,female,university,single,24,0
150000,female,graduate,single,24,0
50000,female,graduate,single,24,0
270000,female,university,married,25,0
180000,female,graduate,single,23,0
80000,female,graduate,single,24,0
50000,female,university,single,24,1
210000,female,university,single,24,1
90000,female,university,single,24,0
130000,female,graduate,single,24,0
60000,female,university,single,24,0
320000,female,graduate,single,24,0
130000,female,graduate,single,25,0
180000,female,university,single,25,0
100000,female,highschool,single,25,0
80000,female,university,single,25,0
90000,female,other,single,25,1
310000,female,graduate,single,25,0
360000,female,university,single,25,0
180000,female,graduate,single,26,0
40000,female,graduate,single,24,0
20000,female,graduate,single,24,1
90000,female,university,married,24,0
210000,female,university,single,25,0
180000,female,university,single,25,0
220000,female,university,single,25,1
150000,female,graduate,single,25,0
50000,female,university,single,25,0
20000,female,graduate,single,25,1
130000,female,graduate,single,25,0
200000,female,graduate,single,25,0
320000,female,highschool,single,25,0
90000,female,university,single,25,0
160000,female,university,married,25,1
210000,female,graduate,married,26,0
360000,female,graduate,single,26,0
220000,female,university,single,26,1
200000,female,graduate,single,25,0
60000,female,other,single,27,0
30000,female,university,single,24,0
50000,female,highschool,married,24,0
90000,female,graduate,single,25,0
110000,female,university,single,25,0
140000,female,university,single,25,0
200000,female,university,single,25,0
30000,female,university,single,25,0
50000,female,graduate,single,25,0
50000,female,graduate,single,25,1
50000,female,graduate,single,25,0
80000,female,highschool,married,24,0
240000,female,other,single,25,0
120000,female,highschool,single,25,1
200000,female,graduate,single,26,0
140000,female,graduate,single,26,0
360000,female,university,single,26,0
70000,female,university,married,26,0
170000,female,university,single,26,1
140000,female,highschool,single,26,1
20000,female,university,single,24,1
50000,female,graduate,single,24,0
110000,female,graduate,single,25,0
180000,female,university,single,26,0
90000,female,university,single,25,1
120000,female,graduate,single,26,0
140000,female,graduate,single,26,0
290000,female,university,married,26,1
310000,female,graduate,single,26,0
30000,female,graduate,single,27,0
200000,female,graduate,married,25,0
180000,female,highschool,single,26,0
120000,female,university,married,24,0
290000,female,graduate,single,25,0
90000,female,highschool,single,26,0
260000,female,graduate,single,26,0
230000,female,graduate,single,26,0
270000,female,graduate,single,27,0
280000,female,university,single,29,0
110000,female,university,single,27,1
60000,female,graduate,single,27,0
70000,female,graduate,single,27,0
100000,female,university,married,27,1
140000,female,university,married,27,0
50000,female,university,married,22,1
80000,female,graduate,single,23,0
40000,female,other,married,24,0
140000,female,university,single,24,1
200000,female,university,single,24,0
50000,female,university,single,24,0
80000,female,university,single,24,0
270000,female,university,married,26,0
70000,female,university,married,27,1
200000,female,graduate,single,25,0
170000,female,university,single,25,1
420000,female,university,single,25,0
50000,female,graduate,single,26,1
140000,female,university,single,27,0
130000,female,graduate,single,27,0
270000,female,graduate,single,27,0
80000,female,other,single,27,0
160000,female,university,married,26,0
130000,female,university,single,26,1
160000,female,university,single,27,0
180000,female,university,single,27,0
180000,female,graduate,single,27,0
210000,female,highschool,married,27,0
150000,female,highschool,single,26,0
360000,female,graduate,married,26,0
470000,female,university,single,26,0
40000,female,graduate,single,27,0
200000,female,graduate,single,27,0
150000,female,graduate,single,27,0
90000,female,university,single,25,1
60000,female,university,single,26,0
80000,female,graduate,single,26,0
160000,female,graduate,single,26,0
130000,female,graduate,single,27,0
70000,female,highschool,single,26,0
170000,female,university,single,24,0
50000,female,university,single,25,0
100000,female,graduate,married,25,0
130000,female,graduate,single,27,0
60000,female,university,single,23,0
290000,female,university,single,25,0
50000,female,university,married,26,0
140000,female,graduate,single,24,0
120000,female,graduate,single,24,0
190000,female,university,single,26,0
30000,female,university,single,22,0
160000,female,highschool,single,26,0
230000,female,other,single,26,0
130000,female,highschool,single,27,0
340000,female,graduate,single,27,0
230000,female,graduate,single,28,1
90000,female,graduate,single,25,0
300000,female,university,single,26,0
110000,female,university,single,25,1
140000,female,graduate,single,25,0
180000,female,university,single,26,1
70000,female,graduate,single,26,1
180000,female,university,married,27,0
150000,female,university,single,27,0
30000,female,university,married,27,0
230000,female,university,single,25,0
180000,female,university,married,27,0
150000,female,university,single,27,0
40000,female,graduate,single,27,0
40000,female,graduate,single,27,1
120000,female,university,single,27,1
140000,female,graduate,single,27,0
80000,female,graduate,married,27,0
420000,female,graduate,single,27,0
180000,female,highschool,single,27,0
90000,female,university,married,27,0
330000,female,university,married,27,0
260000,female,university,married,27,0
200000,female,university,single,27,0
30000,female,university,single,23,0
300000,female,university,single,24,0
130000,female,graduate,single,24,0
30000,female,university,single,22,0
30000,female,university,single,23,1
130000,female,graduate,single,23,0
190000,female,university,single,28,0
230000,female,university,single,23,1
50000,female,university,single,24,0
70000,female,university,married,24,0
50000,female,university,married,25,1
60000,female,graduate,single,24,1
150000,female,university,single,25,0
240000,female,university,married,27,0
110000,female,university,single,25,0
110000,female,university,married,26,0
50000,female,university,single,25,0
210000,female,graduate,single,29,0
160000,female,graduate,single,28,0
120000,female,graduate,single,29,0
130000,female,other,married,27,0
170000,female,university,single,27,0
120000,female,graduate,single,27,0
170000,female,graduate,single,27,0
290000,female,university,single,27,0
70000,female,graduate,single,27,0
140000,female,university,single,27,0
180000,female,graduate,single,27,1
200000,female,graduate,single,27,0
90000,female,university,single,27,1
80000,female,university,single,27,0
130000,female,graduate,married,27,0
20000,female,university,married,27,0
200000,female,graduate,single,27,1
200000,female,university,single,27,0
120000,female,university,single,27,1
60000,female,highschool,married,28,0
340000,female,highschool,single,28,0
150000,female,graduate,single,28,1
160000,female,highschool,single,28,0
200000,female,graduate,single,28,0
50000,female,highschool,married,28,1
170000,female,graduate,single,27,1
280000,female,university,married,27,0
270000,female,graduate,single,26,0
120000,female,university,single,27,0
280000,female,graduate,single,27,0
50000,female,graduate,single,27,0
200000,female,graduate,single,28,0
50000,female,university,married,27,1
150000,female,graduate,single,28,0
50000,female,highschool,single,28,1
150000,female,university,single,27,0
150000,female,graduate,single,27,0
90000,female,university,single,27,0
500000,female,graduate,single,28,0
300000,female,university,single,28,0
240000,female,university,single,28,0
120000,female,university,single,28,0
120000,female,university,married,28,0
390000,female,graduate,single,28,0
200000,female,university,married,28,0
80000,female,university,single,24,0
20000,female,university,single,23,1
50000,female,university,single,24,0
70000,female,university,single,25,1
170000,female,university,single,24,0
80000,female,university,single,25,0
310000,female,university,single,27,0
230000,female,graduate,single,27,0
20000,female,university,single,27,0
270000,female,university,married,27,0
230000,female,highschool,single,27,1
230000,female,university,single,28,0
200000,female,graduate,single,28,0
30000,female,highschool,single,28,0
300000,female,university,single,28,1
500000,female,graduate,single,29,0
170000,female,graduate,single,29,0
200000,female,university,single,29,0
500000,female,graduate,single,29,0
50000,female,university,single,29,0
150000,female,graduate,single,29,0
100000,female,university,single,29,0
150000,female,graduate,single,26,0
170000,female,graduate,single,26,0
100000,female,university,single,27,0
160000,female,graduate,single,27,0
90000,female,graduate,single,27,0
190000,female,university,single,27,0
200000,female,university,single,28,0
50000,female,university,married,28,0
260000,female,graduate,single,28,0
250000,female,university,single,29,0
230000,female,graduate,single,29,0
240000,female,graduate,single,26,0
110000,female,graduate,single,27,1
60000,female,graduate,single,27,0
80000,female,graduate,single,24,0
230000,female,university,single,28,0
210000,female,graduate,single,28,0
100000,female,university,single,28,1
50000,female,university,single,29,1
50000,female,university,single,27,0
40000,female,graduate,single,27,1
90000,female,university,single,24,0
70000,female,graduate,single,25,0
30000,female,university,married,26,0
170000,female,graduate,single,27,0
80000,female,university,single,27,0
140000,female,university,single,27,0
30000,female,university,single,25,0
40000,female,university,single,25,1
50000,female,graduate,single,26,0
230000,female,university,single,26,0
60000,female,graduate,single,27,0
60000,female,graduate,single,27,0
250000,female,university,single,29,0
240000,female,graduate,married,29,0
310000,female,graduate,single,28,0
320000,female,graduate,single,28,0
20000,female,graduate,single,28,0
300000,female,graduate,single,28,0
50000,female,university,single,28,0
570000,female,graduate,single,28,0
160000,female,graduate,single,28,0
230000,female,university,single,28,0
250000,female,graduate,single,28,0
80000,female,university,single,28,0
60000,female,highschool,single,28,0
90000,female,other,single,24,0
150000,female,graduate,married,25,0
90000,female,highschool,married,25,0
150000,female,graduate,single,25,0
150000,female,graduate,single,24,0
400000,female,highschool,married,25,0
200000,female,graduate,single,25,0
210000,female,graduate,single,25,0
140000,female,university,married,28,1
220000,female,university,single,28,0
250000,female,university,married,29,0
120000,female,graduate,single,29,0
200000,female,university,married,28,0
50000,female,university,single,29,0
50000,female,highschool,single,29,0
230000,female,graduate,single,29,0
100000,female,graduate,married,29,0
50000,female,university,married,29,0
330000,female,graduate,single,27,0
90000,female,graduate,single,27,0
150000,female,university,married,27,0
70000,female,highschool,single,28,0
80000,female,graduate,single,28,0
130000,female,university,single,28,0
130000,female,graduate,single,29,0
140000,female,university,single,29,1
240000,female,highschool,married,27,1
160000,female,graduate,single,26,0
50000,female,graduate,single,26,1
500000,female,graduate,single,27,0
260000,female,university,married,28,0
100000,female,university,single,23,0
130000,female,university,single,23,0
80000,female,graduate,single,26,0
400000,female,university,single,29,0
360000,female,university,single,27,0
190000,female,graduate,single,28,0
90000,female,university,single,28,0
50000,female,graduate,single,29,0
80000,female,university,single,29,0
120000,female,university,single,29,0
100000,female,university,single,28,1
170000,female,graduate,married,28,0
90000,female,graduate,single,28,0
400000,female,graduate,single,27,1
230000,female,graduate,single,27,0
260000,female,graduate,single,28,0
110000,female,university,single,29,0
500000,female,university,single,28,0
90000,female,university,single,28,0
60000,female,graduate,single,28,0
320000,female,university,married,28,1
320000,female,university,married,29,0
190000,female,graduate,single,28,0
80000,female,graduate,single,28,1
230000,female,university,married,28,1
310000,female,graduate,married,29,0
260000,female,university,single,29,0
200000,female,graduate,single,29,0
200000,female,graduate,single,29,0
200000,female,university,single,28,0
50000,female,university,single,28,0
50000,female,highschool,single,28,1
50000,female,graduate,single,29,0
240000,female,university,married,29,0
100000,female,university,single,29,0
230000,female,university,single,28,0
230000,female,graduate,single,29,0
240000,female,university,married,28,1
150000,female,university,married,30,0
150000,female,university,married,30,0
200000,female,graduate,single,29,0
60000,female,university,single,29,1
50000,female,university,single,31,0
140000,female,university,single,31,0
220000,female,graduate,married,30,0
300000,female,graduate,single,28,0
300000,female,graduate,single,29,0
200000,female,graduate,single,29,0
80000,female,university,divorce,29,0
430000,female,university,single,29,1
60000,female,university,divorce,29,0
170000,female,university,single,29,0
50000,female,university,single,29,0
420000,female,university,single,26,0
80000,female,university,single,26,1
230000,female,graduate,single,27,1
270000,female,university,single,29,0
500000,female,graduate,single,28,0
220000,female,university,single,28,0
180000,female,highschool,single,24,0
50000,female,university,single,23,0
20000,female,other,single,22,0
20000,female,graduate,single,24,0
80000,female,graduate,single,22,0
120000,female,university,married,23,0
40000,female,graduate,single,23,0
100000,female,university,married,42,0
90000,female,university,single,25,0
160000,female,university,single,24,0
100000,female,graduate,single,24,0
230000,female,graduate,single,25,0
60000,female,graduate,single,28,0
300000,female,graduate,married,26,0
140000,female,university,married,29,0
300000,female,graduate,single,29,1
60000,female,graduate,single,29,0
360000,female,university,single,29,0
100000,female,graduate,single,29,0
100000,female,university,single,29,0
320000,female,graduate,single,29,0
500000,female,university,single,29,0
180000,female,graduate,single,30,0
280000,female,university,married,30,1
140000,female,university,married,30,0
200000,female,university,married,30,0
270000,female,graduate,single,30,0
230000,female,graduate,married,30,0
210000,female,graduate,single,29,0
170000,female,graduate,single,29,0
230000,female,graduate,single,29,0
300000,female,university,single,29,0
150000,female,highschool,single,29,0
360000,female,graduate,single,29,0
110000,female,university,single,29,1
150000,female,graduate,divorce,30,0
50000,female,graduate,single,27,0
170000,female,graduate,single,27,0
210000,female,university,single,27,0
50000,female,university,single,28,1
200000,female,university,single,30,0
100000,female,graduate,single,28,0
180000,female,university,single,31,0
80000,female,university,married,33,0
80000,female,university,married,27,1
50000,female,highschool,married,29,0
560000,female,university,married,28,0
150000,female,university,single,28,1
310000,female,university,single,27,1
210000,female,university,single,27,0
200000,female,graduate,single,27,0
100000,female,graduate,single,28,0
200000,female,university,married,28,0
40000,female,university,married,28,0
80000,female,highschool,married,29,0
360000,female,highschool,single,29,0
290000,female,university,single,28,0
90000,female,graduate,single,28,0
280000,female,graduate,single,29,0
50000,female,graduate,single,29,0
200000,female,highschool,married,29,0
400000,female,university,single,30,0
210000,female,graduate,single,31,0
50000,female,university,married,31,1
150000,female,graduate,single,30,0
230000,female,graduate,single,29,0
70000,female,graduate,single,29,0
450000,female,graduate,married,29,0
80000,female,university,single,29,0
380000,female,university,single,30,0
100000,female,university,married,31,0
30000,female,university,married,31,0
140000,female,graduate,single,31,0
320000,female,graduate,single,27,1
20000,female,university,married,24,0
350000,female,university,single,25,1
180000,female,university,single,25,0
30000,female,university,single,23,0
110000,female,graduate,single,24,0
50000,female,university,single,24,0
200000,female,university,single,31,0
100000,female,university,single,29,0
100000,female,graduate,single,27,0
150000,female,graduate,single,29,1
60000,female,university,married,27,0
80000,female,university,married,27,0
150000,female,graduate,single,26,0
30000,female,graduate,single,27,1
150000,female,graduate,single,26,0
250000,female,graduate,single,26,0
500000,female,graduate,single,29,0
230000,female,graduate,single,28,0
160000,female,graduate,single,29,0
360000,female,graduate,married,31,0
400000,female,university,married,30,0
130000,female,graduate,single,29,0
80000,female,graduate,single,28,0
160000,female,graduate,single,28,0
390000,female,graduate,married,28,0
200000,female,university,single,31,1
30000,female,university,married,30,0
50000,female,highschool,single,31,0
180000,female,university,single,31,0
200000,female,highschool,single,32,0
180000,female,university,married,32,0
250000,female,graduate,single,31,0
180000,female,graduate,single,29,0
50000,female,university,married,32,0
220000,female,graduate,married,33,0
360000,female,university,married,31,0
500000,female,graduate,single,29,0
50000,female,highschool,married,30,0
150000,female,university,single,30,0
150000,female,university,single,31,0
300000,female,graduate,single,31,0
130000,female,graduate,single,24,0
30000,female,highschool,single,22,0
90000,female,university,single,25,0
90000,female,university,single,25,1
70000,female,highschool,single,25,0
80000,female,university,married,25,1
60000,female,university,single,25,1
60000,female,highschool,single,26,0
420000,female,university,single,27,0
200000,female,graduate,single,27,1
220000,female,graduate,single,29,0
170000,female,graduate,single,29,0
500000,female,highschool,single,29,1
60000,female,graduate,single,29,1
140000,female,university,single,30,0
100000,female,university,married,31,0
180000,female,graduate,single,31,0
360000,female,graduate,single,31,0
420000,female,graduate,single,31,1
200000,female,university,single,29,0
260000,female,university,married,31,0
300000,female,university,single,30,0
400000,female,graduate,single,29,1
220000,female,graduate,single,30,0
130000,female,graduate,single,30,1
150000,female,graduate,single,29,0
280000,female,graduate,single,33,0
230000,female,graduate,single,33,0
180000,female,university,married,28,0
270000,female,university,single,29,0
190000,female,other,single,30,0
150000,female,highschool,single,30,0
230000,female,graduate,single,28,1
70000,female,highschool,married,29,0
500000,female,university,single,29,0
50000,female,university,married,30,1
220000,female,graduate,single,29,1
210000,female,university,married,30,0
260000,female,university,married,30,0
280000,female,graduate,single,29,0
180000,female,graduate,single,30,0
30000,female,highschool,married,29,1
20000,female,university,married,30,1
200000,female,university,married,32,0
80000,female,graduate,single,30,1
90000,female,university,single,31,1
20000,female,university,married,32,1
30000,female,highschool,married,32,0
70000,female,graduate,single,29,0
200000,female,university,married,29,0
420000,female,university,single,29,0
130000,female,university,married,29,0
160000,female,graduate,single,30,0
320000,female,graduate,married,29,0
130000,female,graduate,single,29,0
200000,female,graduate,single,29,1
320000,female,graduate,single,30,0
400000,female,university,married,30,0
390000,female,university,single,30,0
100000,female,graduate,married,29,0
100000,female,university,married,30,0
400000,female,university,single,31,0
100000,female,university,married,27,1
300000,female,highschool,married,27,0
20000,female,university,single,27,0
50000,female,university,single,27,0
100000,female,graduate,single,30,0
200000,female,university,married,30,0
300000,female,university,single,30,0
240000,female,highschool,married,30,0
240000,female,university,married,30,0
120000,female,highschool,married,30,1
350000,female,graduate,single,31,0
590000,female,graduate,single,31,0
240000,female,graduate,single,30,0
200000,female,other,single,27,0
300000,female,graduate,single,27,0
240000,female,university,married,28,0
170000,female,graduate,single,28,0
470000,female,university,single,30,0
110000,female,graduate,single,30,0
30000,female,highschool,single,24,1
80000,female,university,single,24,0
100000,female,graduate,single,24,0
160000,female,university,single,25,0
110000,female,graduate,single,27,0
150000,female,highschool,single,28,0
390000,female,graduate,single,30,0
180000,female,university,married,30,1
300000,female,graduate,single,29,0
400000,female,graduate,married,29,0
110000,female,graduate,single,29,0
120000,female,graduate,single,28,0
200000,female,university,single,28,0
120000,female,university,married,25,0
270000,female,university,single,25,0
250000,female,graduate,single,25,0
130000,female,university,married,25,0
290000,female,graduate,single,26,0
210000,female,university,single,26,0
200000,female,university,single,26,0
240000,female,graduate,single,28,0
170000,female,graduate,married,30,0
180000,female,graduate,single,28,0
280000,female,graduate,single,28,0
490000,female,university,single,28,0
240000,female,university,single,31,0
150000,female,graduate,married,31,0
350000,female,graduate,single,32,0
80000,female,university,married,30,0
330000,female,graduate,single,31,0
20000,female,university,married,31,0
210000,female,university,single,32,0
400000,female,university,single,32,0
230000,female,university,married,28,0
200000,female,graduate,single,29,0
180000,female,university,single,31,0
200000,female,university,married,30,0
50000,female,university,single,26,0
290000,female,graduate,single,27,0
100000,female,university,married,31,0
150000,female,university,single,32,1
20000,female,university,single,32,0
200000,female,graduate,married,32,0
80000,female,university,single,32,0
290000,female,graduate,single,29,0
200000,female,university,married,29,0
150000,female,university,single,29,0
180000,female,graduate,single,27,0
420000,female,university,married,32,0
30000,female,highschool,married,29,1
230000,female,graduate,single,31,0
60000,female,university,single,27,0
220000,female,university,single,28,0
240000,female,graduate,single,29,0
140000,female,university,single,31,0
200000,female,graduate,single,32,0
410000,female,graduate,single,30,0
140000,female,university,married,34,0
80000,female,university,single,30,0
340000,female,university,single,29,0
140000,female,graduate,single,29,1
170000,female,graduate,single,30,1
290000,female,graduate,single,30,0
360000,female,university,single,31,0
310000,female,graduate,married,32,1
500000,female,university,single,32,0
250000,female,graduate,single,33,1
500000,female,graduate,single,33,0
80000,female,university,married,33,0
180000,female,university,single,30,0
320000,female,graduate,single,30,0
130000,female,university,married,30,0
250000,female,highschool,single,30,0
380000,female,graduate,single,27,0
200000,female,graduate,single,27,0
260000,female,other,married,28,0
150000,female,university,single,28,1
100000,female,graduate,single,28,0
180000,female,university,married,28,0
150000,female,graduate,single,26,0
230000,female,university,single,27,0
160000,female,university,single,29,0
360000,female,university,married,30,0
150000,female,highschool,married,28,0
360000,female,graduate,married,34,1
10000,female,university,single,37,0
20000,female,university,single,35,1
50000,female,university,married,35,0
50000,female,university,single,37,0
60000,female,university,married,37,1
20000,female,highschool,single,37,0
130000,female,university,single,39,0
50000,female,highschool,single,36,0
350000,female,university,married,36,0
210000,female,university,married,40,0
10000,female,university,single,23,0
20000,female,university,married,34,0
80000,female,graduate,married,33,0
110000,female,university,single,33,1
180000,female,graduate,single,40,0
360000,female,highschool,single,37,0
250000,female,university,married,33,0
180000,female,university,married,34,0
190000,female,university,single,35,0
150000,female,graduate,single,35,0
90000,female,university,married,35,0
230000,female,graduate,single,39,0
120000,female,highschool,married,47,0
100000,female,highschool,married,36,1
60000,female,highschool,single,45,0
360000,female,graduate,single,38,0
310000,female,university,married,38,0
280000,female,university,single,37,0
30000,female,highschool,single,38,0
260000,female,university,married,38,0
180000,female,university,married,36,0
330000,female,university,single,36,0
400000,female,highschool,married,46,1
90000,female,university,married,36,0
200000,female,graduate,single,36,1
280000,female,highschool,single,38,0
350000,female,graduate,married,37,0
50000,female,university,married,42,0
50000,female,university,single,44,0
120000,female,university,married,41,0
80000,female,university,single,38,0
90000,female,university,divorce,36,0
50000,female,university,divorce,44,0
180000,female,graduate,married,44,0
200000,female,highschool,married,31,0
420000,female,university,married,31,0
270000,female,university,married,31,0
50000,female,highschool,married,49,0
30000,female,graduate,married,41,0
170000,female,university,married,36,0
170000,female,university,married,42,0
150000,female,other,single,40,1
20000,female,university,single,38,0
120000,female,university,married,40,0
50000,female,university,married,41,1
500000,female,highschool,single,44,0
40000,female,university,married,36,1
70000,female,university,married,48,0
30000,female,university,married,44,1
70000,female,highschool,married,48,1
20000,female,highschool,married,49,1
140000,female,highschool,married,45,0
200000,female,university,married,39,1
90000,female,highschool,married,42,0
30000,female,highschool,single,44,0
260000,female,university,married,41,0
100000,female,university,married,36,0
150000,female,other,single,36,0
50000,female,highschool,single,44,1
200000,female,university,married,31,0
480000,female,graduate,single,34,0
150000,female,other,married,36,0
80000,female,graduate,married,38,0
310000,female,highschool,married,39,0
200000,female,highschool,married,46,0
20000,female,university,married,43,0
480000,female,highschool,married,41,0
200000,female,university,single,35,0
20000,female,highschool,married,45,0
300000,female,graduate,single,30,0
230000,female,university,married,34,0
50000,female,university,married,35,1
50000,female,highschool,married,39,0
110000,female,highschool,married,40,0
70000,female,highschool,married,49,1
50000,female,highschool,divorce,46,0
50000,female,highschool,married,32,1
440000,female,university,married,46,0
150000,female,university,single,38,0
420000,female,university,married,37,0
180000,female,university,married,33,0
230000,female,graduate,single,33,0
50000,female,university,single,44,1
260000,female,university,single,32,1
260000,female,university,single,33,1
310000,female,graduate,married,33,1
60000,female,university,married,37,1
120000,female,university,single,40,0
400000,female,university,married,41,0
80000,female,highschool,married,45,0
60000,female,university,married,40,0
160000,female,university,married,40,0
220000,female,university,married,34,0
300000,female,university,married,46,0
100000,female,university,single,32,0
60000,female,university,married,37,0
80000,female,university,married,43,0
10000,female,highschool,single,43,0
30000,female,highschool,divorce,40,0
500000,female,graduate,married,36,0
40000,female,highschool,married,40,1
300000,female,university,single,35,0
20000,female,university,married,34,0
280000,female,graduate,single,37,1
190000,female,graduate,single,38,0
500000,female,university,married,33,0
250000,female,other,married,43,0
120000,female,highschool,single,47,0
20000,female,highschool,single,35,0
210000,female,graduate,married,40,0
220000,female,other,single,46,0
30000,female,highschool,married,49,0
340000,female,university,married,45,0
180000,female,graduate,married,36,0
40000,female,graduate,married,40,1
20000,female,university,married,37,0
130000,female,university,married,48,1
50000,female,university,married,41,1
300000,female,graduate,married,31,0
140000,female,university,single,33,0
260000,female,university,married,46,0
100000,female,university,married,45,0
130000,female,university,single,40,1
200000,female,university,single,47,1
200000,female,graduate,married,48,1
200000,female,graduate,single,31,0
180000,female,graduate,single,32,0
360000,female,university,married,33,1
420000,female,graduate,single,34,0
180000,female,graduate,married,35,0
50000,female,highschool,married,35,0
120000,female,graduate,married,34,1
80000,female,highschool,married,35,0
180000,female,graduate,married,38,0
20000,female,university,married,32,1
180000,female,other,married,32,0
230000,female,university,married,34,0
80000,female,university,married,43,0
90000,female,university,married,42,0
300000,female,highschool,married,30,0
160000,female,graduate,single,36,1
180000,female,university,single,47,0
160000,female,university,single,30,0
230000,female,graduate,single,30,0
360000,female,graduate,single,31,0
500000,male,graduate,single,31,0
120000,male,university,single,30,0
280000,male,graduate,single,31,1
200000,male,university,married,32,0
180000,male,graduate,single,31,0
240000,female,graduate,married,34,1
500000,female,graduate,married,44,0
180000,female,university,married,48,0
330000,female,university,married,43,0
420000,female,graduate,single,37,0
220000,female,university,married,33,0
170000,female,university,single,34,0
140000,female,graduate,married,48,0
200000,female,highschool,single,31,0
230000,female,university,married,32,0
150000,female,other,single,31,0
240000,female,graduate,single,37,0
210000,female,university,married,49,0
500000,female,graduate,single,35,0
180000,female,highschool,married,39,0
60000,female,university,single,31,0
290000,female,graduate,married,34,0
80000,female,highschool,divorce,48,0
180000,female,graduate,married,46,0
350000,female,highschool,married,33,0
160000,female,university,other,41,1
210000,female,highschool,single,36,0
160000,female,graduate,married,35,0
350000,female,graduate,married,40,0
130000,female,university,married,41,0
240000,female,university,married,49,0
330000,female,highschool,married,40,0
500000,female,university,married,45,1
170000,female,highschool,married,41,0
240000,female,other,married,43,0
180000,female,other,single,47,1
260000,female,university,single,36,0
130000,female,university,married,43,0
30000,female,university,single,38,0
440000,female,university,single,42,0
260000,female,university,married,43,0
30000,female,graduate,married,38,0
390000,female,university,married,37,0
260000,female,university,married,45,0
70000,female,university,married,46,0
200000,female,highschool,married,30,0
150000,female,university,married,32,0
460000,female,graduate,single,32,0
180000,female,highschool,married,33,0
70000,female,graduate,single,37,0
250000,female,university,married,40,0
170000,female,university,married,39,0
160000,female,university,single,34,0
80000,female,graduate,single,36,1
400000,female,highschool,single,49,0
20000,female,university,married,43,1
130000,female,university,single,44,0
60000,female,graduate,married,36,0
90000,female,highschool,married,41,0
210000,female,university,single,44,0
380000,female,graduate,single,34,0
200000,female,university,married,35,0
180000,female,graduate,married,37,1
20000,female,university,married,42,0
350000,female,highschool,married,38,0
200000,female,other,married,41,0
400000,female,highschool,single,34,0
230000,female,graduate,married,38,0
230000,female,graduate,married,43,1
50000,female,university,married,38,0
300000,female,university,single,47,0
230000,female,highschool,married,45,0
50000,female,highschool,married,44,0
150000,female,graduate,single,34,0
260000,female,graduate,single,33,0
320000,female,university,married,33,1
100000,female,university,married,49,0
60000,female,highschool,married,37,0
420000,female,highschool,married,42,0
500000,female,university,married,38,0
450000,female,university,married,34,0
30000,female,highschool,married,42,1
60000,female,university,married,47,1
180000,female,university,married,43,0
320000,female,university,single,35,0
250000,female,graduate,single,37,0
30000,female,university,single,34,0
360000,female,university,married,34,0
360000,female,highschool,married,43,0
150000,female,graduate,married,36,0
400000,female,university,married,39,0
350000,female,graduate,single,44,1
80000,female,highschool,married,45,0
140000,female,highschool,married,37,0
150000,female,highschool,single,48,0
480000,female,highschool,married,40,0
200000,female,highschool,married,41,0
180000,female,graduate,single,29,0
260000,female,graduate,single,30,0
450000,female,graduate,married,33,0
140000,female,highschool,married,33,0
220000,female,highschool,married,43,1
100000,female,highschool,married,39,0
160000,female,university,married,41,0
140000,female,university,married,36,0
200000,female,university,single,39,0
460000,female,graduate,single,30,0
50000,female,highschool,single,31,0
100000,female,graduate,married,31,0
150000,female,university,single,31,0
460000,female,graduate,married,32,0
360000,female,university,single,32,0
180000,female,graduate,single,33,0
470000,female,graduate,married,42,0
320000,female,highschool,married,44,0
360000,female,university,single,47,0
60000,female,university,married,36,0
310000,female,graduate,married,39,0
140000,female,university,married,36,0
450000,female,university,married,43,0
210000,female,university,married,30,0
180000,female,graduate,single,33,1
360000,female,university,single,38,0
50000,female,graduate,married,33,1
340000,female,university,single,34,0
140000,female,highschool,married,38,0
120000,female,graduate,single,32,0
180000,female,university,married,32,1
360000,female,graduate,single,32,0
340000,female,graduate,married,34,0
200000,female,university,married,35,0
80000,female,university,single,36,0
500000,female,university,married,35,0
150000,female,university,married,31,0
20000,female,graduate,single,46,1
500000,female,university,married,41,0
340000,female,highschool,married,47,0
500000,female,university,single,34,0
240000,female,university,single,31,0
80000,female,university,single,34,0
200000,female,graduate,married,37,0
230000,female,university,single,31,0
300000,female,highschool,married,36,0
140000,female,university,married,36,1
300000,female,graduate,single,33,0
360000,female,highschool,single,34,1
320000,female,highschool,married,35,1
380000,female,university,married,30,0
170000,female,highschool,married,30,0
300000,female,graduate,married,41,0
60000,female,highschool,single,44,0
240000,female,university,married,36,0
500000,female,highschool,single,44,0
230000,female,university,married,45,0
290000,female,other,single,35,0
60000,female,university,married,35,0
100000,female,university,single,35,0
270000,female,university,single,36,0
280000,female,university,single,35,0
100000,female,university,married,38,0
100000,female,graduate,single,32,0
90000,female,graduate,single,31,0
280000,female,other,married,44,1
150000,female,other,married,38,0
70000,female,university,married,40,0
180000,female,graduate,single,32,0
190000,female,graduate,single,33,0
500000,female,university,married,38,0
190000,female,highschool,married,47,0
210000,female,graduate,single,32,0
60000,female,graduate,married,38,0
200000,female,highschool,married,34,0
470000,female,graduate,single,32,0
260000,female,graduate,single,30,0
140000,female,graduate,single,30,0
190000,female,university,married,33,1
80000,female,university,married,36,0
310000,female,university,single,37,0
150000,female,graduate,single,40,0
340000,female,university,married,30,1
360000,female,university,single,31,0
250000,female,university,married,38,0
220000,female,university,married,34,0
30000,female,highschool,married,46,0
210000,female,highschool,married,41,0
350000,female,graduate,married,32,1
270000,female,university,married,33,0
200000,female,university,single,34,0
70000,female,university,single,40,1
220000,female,highschool,married,45,0
230000,female,university,married,39,1
120000,female,university,married,35,0
360000,female,university,married,30,0
210000,female,highschool,single,37,0
460000,female,graduate,married,40,1
500000,female,graduate,married,34,0
180000,female,university,single,35,0
180000,female,highschool,married,36,0
220000,female,university,married,26,0
600000,female,university,single,30,0
180000,female,university,single,36,1
360000,female,university,married,39,0
620000,female,graduate,single,38,0
60000,female,highschool,married,44,1
100000,female,graduate,single,32,0
200000,female,graduate,single,31,0
50000,female,highschool,single,36,0
200000,female,university,single,29,1
10000,female,university,married,43,1
280000,female,university,single,36,0
450000,female,university,married,46,0
260000,female,graduate,single,29,1
140000,female,university,divorce,30,0
390000,female,graduate,single,33,0
350000,female,graduate,married,41,0
50000,female,highschool,married,44,0
120000,female,university,single,46,0
80000,female,university,married,45,0
160000,female,highschool,divorce,36,0
90000,female,highschool,married,46,0
190000,female,university,married,39,1
100000,female,highschool,married,40,1
210000,female,university,single,35,0
160000,female,university,single,33,0
240000,female,highschool,married,35,1
20000,female,graduate,single,36,0
220000,female,university,married,36,1
260000,female,graduate,single,44,0
500000,female,graduate,married,34,0
200000,female,university,single,34,0
260000,female,university,married,33,1
170000,female,graduate,single,30,0
150000,female,university,married,38,0
360000,female,university,married,37,0
260000,female,graduate,married,44,0
170000,female,graduate,single,30,0
230000,female,graduate,single,33,0
620000,female,graduate,single,38,0
180000,female,graduate,married,35,0
180000,female,graduate,married,33,0
30000,female,university,divorce,45,1
300000,female,graduate,single,31,0
370000,female,university,married,35,0
80000,female,university,single,31,0
200000,female,other,single,40,0
150000,female,highschool,married,42,0
210000,female,university,married,33,0
70000,female,graduate,married,35,0
80000,female,university,married,38,0
50000,female,university,divorce,44,0
210000,female,graduate,single,33,1
260000,female,university,married,33,0
170000,female,graduate,married,36,0
360000,female,highschool,single,35,0
500000,female,graduate,single,37,0
290000,female,graduate,single,46,0
200000,female,highschool,married,35,0
90000,female,university,married,47,0
100000,female,university,single,41,0
290000,female,graduate,single,31,0
50000,female,graduate,single,31,1
150000,female,graduate,married,32,0
400000,female,highschool,married,42,0
50000,female,highschool,married,37,0
400000,female,graduate,married,42,0
50000,female,university,married,37,1
50000,female,graduate,single,29,1
100000,female,graduate,single,34,0
170000,female,university,married,39,0
150000,female,graduate,single,30,0
360000,female,graduate,single,30,0
50000,female,university,married,31,1
180000,female,graduate,married,35,0
350000,female,university,single,35,0
120000,female,highschool,married,38,0
140000,female,university,married,33,0
150000,female,highschool,married,34,0
260000,female,highschool,single,42,1
50000,female,university,married,28,1
180000,female,university,married,36,0
290000,female,highschool,married,44,0
40000,female,university,married,49,0
310000,female,graduate,single,36,0
70000,female,university,single,46,1
180000,female,graduate,married,39,0
570000,female,university,married,46,0
150000,female,highschool,single,41,1
20000,female,university,single,30,0
180000,female,highschool,married,32,0
100000,female,highschool,married,34,0
90000,female,graduate,single,31,1
150000,female,highschool,single,47,0
490000,female,university,married,31,0
30000,female,highschool,married,33,1
300000,female,university,married,33,0
140000,female,university,married,32,1
50000,female,university,single,32,0
150000,female,graduate,single,31,1
350000,female,graduate,single,32,0
140000,female,university,single,32,0
80000,female,highschool,married,43,0
80000,female,university,married,40,0
210000,female,highschool,married,34,0
110000,female,university,married,34,0
120000,female,university,single,29,0
180000,female,university,single,28,0
340000,female,highschool,married,44,1
220000,female,graduate,single,29,0
230000,female,other,married,39,0
170000,female,graduate,single,27,0
70000,female,graduate,single,28,0
50000,female,highschool,married,31,0
200000,female,highschool,single,30,0
290000,female,university,single,34,1
80000,female,other,single,30,0
30000,female,highschool,married,39,0
280000,female,graduate,single,37,1
100000,female,graduate,single,29,0
50000,female,graduate,married,35,0
240000,female,university,married,43,1
240000,female,graduate,married,31,0
100000,female,graduate,married,31,0
210000,female,graduate,single,36,0
400000,female,graduate,married,37,0
280000,female,university,married,42,0
180000,female,university,single,36,0
500000,female,graduate,married,36,0
200000,female,university,married,45,0
500000,female,graduate,single,27,1
200000,female,university,single,30,0
110000,female,university,married,27,0
280000,female,university,single,30,0
100000,female,university,single,31,1
70000,female,university,married,33,0
130000,female,highschool,married,47,0
30000,female,university,married,35,1
30000,female,university,married,43,0
180000,female,graduate,single,27,0
100000,female,university,single,27,0
150000,female,university,single,30,0
140000,female,university,married,32,0
240000,female,graduate,single,45,0
180000,female,graduate,married,48,0
340000,female,university,married,37,0
200000,female,university,married,37,0
360000,female,university,married,39,1
500000,female,graduate,married,37,0
270000,female,other,married,33,0
140000,female,highschool,married,33,0
120000,female,university,single,33,0
210000,female,university,married,34,0
300000,female,graduate,married,35,0
360000,female,university,married,41,0
120000,female,university,married,27,0
430000,female,graduate,single,29,0
250000,female,university,single,27,0
180000,female,graduate,single,29,1
170000,female,university,married,29,0
500000,female,graduate,married,36,0
20000,female,university,married,37,0
200000,female,other,married,43,0
50000,female,university,married,48,0
120000,female,graduate,single,34,0
340000,female,university,married,31,0
80000,female,graduate,single,32,0
90000,female,university,married,33,0
90000,female,university,married,32,0
80000,female,graduate,married,32,0
170000,female,university,single,46,0
230000,female,graduate,single,29,0
290000,female,university,single,30,0
360000,female,university,married,44,0
270000,female,university,married,43,0
60000,female,highschool,married,43,0
360000,female,university,single,33,0
100000,female,graduate,single,28,0
180000,female,other,married,44,0
80000,female,university,married,31,0
80000,female,university,married,34,0
220000,female,university,married,35,0
240000,female,university,married,43,0
210000,female,university,single,44,1
270000,female,university,married,34,0
170000,female,university,single,44,1
190000,female,highschool,single,29,0
200000,female,graduate,single,31,1
240000,female,university,married,32,0
150000,female,university,married,34,0
90000,female,highschool,married,44,0
400000,female,highschool,married,44,0
420000,female,university,married,46,0
140000,female,graduate,single,25,0
50000,female,highschool,married,48,0
210000,female,university,married,46,0
210000,female,graduate,single,30,0
180000,female,university,married,41,0
100000,female,graduate,single,30,0
300000,female,graduate,married,34,0
250000,female,university,single,36,0
200000,female,graduate,single,33,0
380000,female,graduate,married,33,0
30000,female,graduate,single,25,0
80000,female,university,married,31,1
300000,female,university,married,27,0
240000,female,graduate,married,38,0
80000,female,graduate,single,23,0
280000,female,university,single,27,0
50000,female,university,single,36,1
200000,female,university,married,36,1
210000,female,university,single,32,0
160000,female,university,single,31,0
130000,female,graduate,married,43,0
300000,female,university,married,39,0
50000,female,university,married,41,1
150000,female,university,married,40,0
500000,female,university,married,43,0
270000,female,university,married,34,0
500000,female,graduate,married,43,0
200000,female,university,married,40,0
300000,female,graduate,single,33,0
230000,female,university,single,40,0
500000,female,graduate,single,37,0
80000,female,graduate,single,38,0
500000,female,graduate,single,42,0
30000,female,highschool,married,44,0
170000,female,university,married,41,0
70000,female,university,single,37,0
310000,female,university,married,46,0
50000,female,graduate,married,41,0
180000,female,university,single,44,0
310000,female,graduate,single,35,0
500000,female,graduate,married,39,0
330000,female,university,single,41,0
150000,female,other,divorce,49,0
110000,female,university,single,42,0
230000,female,university,married,46,1
50000,female,graduate,married,46,0
60000,female,highschool,single,40,0
250000,female,graduate,married,32,0
450000,female,graduate,single,46,0
260000,female,university,single,33,1
380000,female,university,married,45,0
240000,female,graduate,single,38,0
30000,female,highschool,married,34,1
90000,female,university,married,43,0
230000,female,university,married,43,1
60000,female,university,married,45,0
170000,female,university,married,38,0
440000,female,graduate,married,41,0
120000,female,university,married,37,0
240000,female,graduate,married,37,0
260000,female,graduate,married,42,0
300000,female,university,single,43,0
190000,female,other,married,34,0
110000,female,graduate,married,43,1
280000,female,university,married,38,0
220000,female,university,married,40,0
280000,female,graduate,single,36,0
70000,female,university,married,39,1
500000,female,university,married,36,0
130000,female,university,single,36,0
610000,female,graduate,single,43,0
210000,female,graduate,single,35,0
210000,female,university,married,45,0
80000,female,highschool,other,37,0
150000,female,graduate,married,33,1
160000,female,graduate,married,33,0
150000,female,other,married,34,0
130000,female,highschool,married,45,0
210000,female,university,married,40,0
360000,female,university,married,42,0
500000,female,university,married,45,0
220000,female,graduate,single,33,0
320000,female,university,married,46,0
220000,female,graduate,married,41,1
80000,female,university,single,32,0
210000,female,other,single,32,0
160000,female,graduate,married,32,0
160000,female,graduate,single,33,1
440000,female,graduate,married,36,0
90000,female,university,married,36,0
230000,female,highschool,married,37,0
180000,female,graduate,single,33,0
440000,female,university,married,32,0
200000,female,graduate,married,41,1
220000,female,university,married,41,0
360000,female,university,married,39,0
120000,female,graduate,single,27,1
20000,female,graduate,single,27,0
230000,female,graduate,single,28,0
30000,female,university,single,29,0
160000,female,graduate,single,29,1
170000,female,university,single,29,0
140000,female,graduate,single,29,0
160000,female,graduate,married,33,1
500000,female,graduate,single,36,0
80000,female,highschool,married,31,1
150000,female,graduate,married,32,0
30000,female,graduate,single,46,0
180000,female,university,married,47,0
150000,female,university,married,41,1
320000,female,graduate,single,32,0
440000,female,graduate,single,33,0
200000,female,university,married,38,0
200000,female,university,married,45,0
230000,female,graduate,married,35,1
350000,female,graduate,single,38,0
100000,female,graduate,single,31,0
360000,female,highschool,single,45,1
210000,female,graduate,single,31,0
360000,female,graduate,married,32,0
200000,female,graduate,single,32,0
230000,female,graduate,married,34,0
180000,female,other,married,41,0
170000,female,university,single,47,0
50000,female,university,married,40,0
180000,female,university,single,37,0
100000,female,graduate,married,47,1
150000,female,graduate,single,28,0
180000,female,graduate,single,33,0
280000,female,university,single,33,0
150000,female,university,single,40,0
100000,female,university,married,36,1
70000,female,university,married,37,1
220000,female,university,married,38,0
240000,female,university,married,41,1
710000,female,other,single,32,0
470000,female,university,single,33,1
80000,female,university,married,46,1
180000,female,highschool,married,49,1
250000,female,university,married,32,0
690000,female,highschool,single,34,0
340000,female,graduate,single,45,0
220000,female,university,single,47,0
60000,female,highschool,single,44,1
80000,female,university,single,30,0
290000,female,graduate,married,36,0
170000,female,highschool,single,41,0
90000,female,highschool,other,42,1
130000,female,graduate,single,31,0
200000,female,highschool,married,32,0
360000,female,university,single,35,0
240000,female,graduate,married,37,0
60000,female,graduate,married,28,0
130000,female,university,single,42,0
310000,female,university,single,32,0
80000,female,university,single,28,1
70000,female,university,single,30,0
180000,female,university,married,31,0
110000,female,university,married,45,0
30000,female,highschool,single,47,0
200000,female,university,single,27,0
30000,female,other,married,33,0
210000,female,graduate,single,27,1
80000,female,other,married,30,0
120000,female,highschool,married,40,0
30000,female,university,married,43,0
490000,female,university,single,33,0
260000,female,other,married,41,0
230000,female,university,single,30,1
110000,female,university,married,46,1
150000,female,university,single,40,0
170000,female,university,married,29,0
90000,female,university,married,35,0
70000,female,highschool,married,40,0
100000,female,graduate,single,28,0
50000,female,highschool,married,34,0
30000,female,university,married,35,0
280000,female,university,married,37,1
210000,female,highschool,married,41,0
20000,female,highschool,other,35,0
250000,female,other,married,33,0
70000,female,university,married,34,1
120000,female,graduate,single,34,0
300000,female,graduate,single,36,0
310000,female,university,married,39,0
20000,female,highschool,single,34,1
50000,female,university,single,37,0
100000,female,university,married,32,0
280000,female,university,married,44,0
210000,female,university,married,37,0
290000,female,highschool,single,47,0
160000,female,graduate,married,36,0
100000,female,university,married,41,1
280000,female,university,single,37,0
200000,female,university,married,32,0
180000,female,university,single,33,0
240000,female,graduate,single,34,0
180000,female,university,single,35,0
180000,female,university,married,36,0
50000,female,university,single,35,0
30000,female,highschool,single,38,1
180000,female,university,married,40,0
50000,female,graduate,married,38,0
230000,female,highschool,married,47,0
60000,female,university,married,31,0
50000,female,highschool,single,32,0
280000,female,graduate,married,32,0
170000,female,university,married,45,0
110000,female,university,married,36,1
70000,female,highschool,married,35,1
90000,female,highschool,married,47,1
260000,female,graduate,married,36,0
60000,female,university,married,33,0
320000,female,university,married,37,0
160000,female,university,single,39,0
230000,female,graduate,single,33,0
50000,female,university,single,48,0
180000,female,university,single,36,0
390000,female,university,single,45,0
290000,female,university,single,41,0
290000,female,university,married,35,0
30000,female,highschool,married,46,0
100000,female,graduate,married,38,0
190000,female,university,married,34,0
200000,female,graduate,single,35,0
180000,female,highschool,single,32,0
250000,female,university,married,45,0
80000,female,university,married,39,0
140000,female,university,married,37,0
260000,female,university,married,40,0
360000,female,graduate,single,39,1
250000,female,university,married,45,0
320000,female,graduate,married,36,0
100000,female,university,married,42,0
340000,female,graduate,married,36,0
230000,female,university,single,41,0
150000,female,highschool,married,43,1
60000,female,highschool,married,48,0
500000,female,highschool,single,48,0
10000,female,university,single,48,0
140000,female,highschool,married,39,0
90000,female,university,single,33,0
390000,female,university,single,39,0
150000,female,graduate,married,38,0
170000,female,university,single,48,0
400000,female,university,married,34,0
180000,female,university,married,38,0
440000,female,university,married,44,0
340000,female,graduate,single,36,0
170000,female,university,married,45,1
280000,female,graduate,single,46,0
320000,female,other,married,46,0
190000,female,other,married,40,0
210000,female,university,married,42,0
110000,female,university,married,43,0
90000,female,university,single,34,0
500000,female,graduate,married,44,0
50000,female,university,single,36,1
210000,female,graduate,single,39,0
80000,female,university,married,37,1
320000,female,university,married,42,0
50000,female,highschool,married,45,0
270000,female,university,single,34,0
30000,female,highschool,single,39,0
150000,female,highschool,single,35,0
140000,female,university,married,41,0
120000,female,highschool,married,42,0
300000,female,graduate,married,31,0
480000,female,graduate,married,43,0
460000,female,graduate,married,37,1
280000,female,university,married,39,0
50000,female,highschool,married,31,0
350000,female,graduate,single,32,0
300000,female,university,single,32,0
380000,female,graduate,single,33,0
190000,female,graduate,single,33,0
230000,female,university,single,35,1
390000,female,university,married,35,0
220000,female,other,married,35,0
120000,female,university,married,41,1
300000,female,university,single,49,0
210000,female,graduate,single,42,0
50000,female,university,married,37,0
330000,female,graduate,single,44,1
110000,female,highschool,married,42,0
20000,female,graduate,single,37,0
150000,female,university,married,40,0
140000,female,highschool,married,39,0
160000,female,graduate,married,40,0
260000,female,highschool,married,38,0
150000,female,highschool,married,45,0
50000,female,university,married,33,0
80000,female,highschool,married,36,0
270000,female,university,married,37,0
60000,female,university,married,40,0
50000,female,university,married,45,0
290000,female,graduate,married,33,1
180000,female,university,single,39,1
360000,female,graduate,married,43,0
260000,female,highschool,single,40,0
200000,female,university,single,46,0
290000,female,university,single,38,0
50000,female,university,married,36,0
10000,female,university,married,37,0
180000,female,graduate,married,39,1
150000,female,university,single,39,0
250000,female,graduate,single,44,0
130000,female,university,single,37,1
540000,female,graduate,single,37,0
320000,female,graduate,married,42,0
440000,female,university,married,39,0
80000,female,university,single,40,0
120000,female,university,married,36,1
230000,female,university,married,35,0
60000,female,highschool,single,37,0
290000,female,other,married,49,0
130000,female,university,married,49,0
180000,female,university,single,46,0
140000,female,highschool,married,42,1
500000,female,graduate,single,44,0
300000,female,university,married,42,0
210000,female,university,married,42,0
150000,female,university,married,49,0
360000,female,university,married,37,0
250000,female,university,married,36,0
30000,female,highschool,single,44,0
200000,female,graduate,married,42,0
130000,female,university,married,35,0
290000,female,highschool,married,49,0
100000,female,highschool,married,35,0
40000,female,highschool,married,43,0
130000,female,highschool,married,39,1
160000,female,highschool,married,34,0
150000,female,graduate,single,35,0
130000,female,university,single,45,0
180000,female,university,married,39,1
150000,female,university,single,30,0
100000,female,university,single,31,1
30000,female,university,single,31,0
160000,female,graduate,single,25,0
50000,female,university,single,28,1
130000,female,university,married,29,0
140000,female,highschool,single,31,0
340000,female,highschool,married,32,0
340000,female,university,married,33,0
90000,female,university,single,35,0
300000,female,university,married,42,0
50000,female,university,single,25,0
50000,female,university,married,37,0
100000,female,university,married,42,0
20000,female,highschool,single,40,0
160000,female,graduate,single,30,1
390000,female,university,married,32,0
30000,female,highschool,married,39,1
20000,female,university,married,46,1
210000,female,university,single,31,0
300000,female,other,married,31,0
220000,female,graduate,single,31,0
270000,female,graduate,single,33,0
90000,female,university,married,40,1
360000,female,university,single,27,0
300000,female,graduate,single,29,0
310000,female,university,single,31,1
130000,female,university,single,31,0
80000,female,graduate,married,29,0
280000,female,university,married,34,0
80000,female,highschool,single,44,1
130000,female,highschool,single,39,0
270000,female,graduate,married,42,0
20000,female,university,married,41,0
260000,female,graduate,married,36,0
170000,female,university,single,47,0
160000,female,graduate,single,35,0
240000,female,graduate,single,35,0
170000,female,university,single,36,0
500000,female,university,married,40,0
260000,female,graduate,married,38,1
150000,female,graduate,single,36,0
500000,female,graduate,married,36,1
320000,female,university,single,34,0
90000,female,university,married,34,0
300000,female,university,single,43,0
200000,female,university,single,36,0
160000,female,highschool,married,44,1
120000,female,graduate,single,29,0
120000,female,graduate,single,30,1
90000,female,university,single,30,1
170000,female,university,married,31,1
170000,female,graduate,single,33,0
500000,female,graduate,married,33,0
240000,female,graduate,single,33,0
230000,female,university,married,30,0
210000,female,university,married,32,0
400000,female,graduate,married,33,0
150000,female,highschool,married,41,1
50000,female,graduate,single,27,0
150000,female,university,married,28,1
230000,female,university,single,28,1
470000,female,graduate,married,28,0
30000,female,university,single,28,1
100000,female,highschool,married,29,0
30000,female,highschool,married,34,1
110000,female,university,single,40,0
300000,female,highschool,married,39,0
240000,female,highschool,other,37,0
350000,female,university,single,28,1
220000,female,graduate,single,28,0
400000,female,graduate,single,35,0
500000,female,university,married,40,0
280000,female,highschool,single,48,0
30000,female,university,married,37,0
20000,female,graduate,single,49,0
270000,female,other,single,29,0
270000,female,graduate,single,34,0
400000,female,university,married,34,0
320000,female,graduate,single,39,0
430000,female,graduate,single,30,0
140000,female,university,single,31,1
70000,female,university,married,31,0
110000,female,university,single,31,0
30000,female,other,married,31,0
550000,female,university,married,32,1
310000,female,graduate,married,47,0
130000,female,graduate,single,32,0
130000,female,university,married,32,0
220000,female,university,married,34,0
300000,female,graduate,married,35,0
110000,female,university,married,35,0
50000,female,university,married,44,1
300000,female,graduate,single,40,1
200000,female,university,married,36,0
360000,female,highschool,single,38,1
500000,female,graduate,single,34,0
290000,female,university,married,42,0
430000,female,graduate,married,37,1
180000,female,highschool,single,34,0
90000,female,highschool,married,35,0
280000,female,university,married,43,0
230000,female,university,single,37,0
70000,female,university,married,39,0
110000,female,university,married,38,0
70000,female,highschool,married,32,0
180000,female,university,married,32,0
240000,female,highschool,single,35,1
210000,female,graduate,married,40,0
20000,female,university,single,46,1
80000,female,highschool,married,48,0
50000,female,graduate,single,33,0
80000,female,highschool,single,33,0
80000,female,graduate,single,34,0
60000,female,university,divorce,34,0
360000,female,university,single,35,0
50000,female,university,single,48,0
200000,female,other,married,43,0
140000,female,university,married,42,0
180000,female,university,single,30,0
160000,female,university,married,32,0
200000,female,university,married,34,1
600000,female,university,married,38,0
20000,female,university,married,46,1
220000,female,graduate,married,44,0
140000,female,graduate,married,40,1
240000,female,university,single,38,1
150000,female,university,married,32,0
20000,female,graduate,single,32,1
310000,female,university,married,32,0
230000,female,highschool,married,39,0
130000,female,graduate,single,34,0
300000,female,graduate,single,31,0
300000,female,university,married,34,0
20000,female,university,married,29,0
200000,female,highschool,single,33,0
200000,female,university,married,40,0
500000,female,graduate,single,28,0
80000,female,university,married,37,0
360000,female,graduate,single,29,1
30000,female,university,married,33,0
190000,female,university,single,44,0
350000,female,graduate,married,36,0
260000,female,university,married,31,0
190000,female,university,married,37,0
230000,female,university,married,34,0
650000,female,highschool,single,39,0
250000,female,graduate,single,32,0
700000,female,university,single,34,0
270000,female,graduate,married,40,0
100000,female,university,married,43,0
260000,female,university,married,38,0
410000,female,university,single,33,0
520000,female,university,married,47,0
80000,female,university,married,39,1
450000,female,highschool,married,36,0
30000,female,other,single,45,0
600000,female,highschool,single,44,0
200000,female,graduate,single,34,0
60000,female,university,single,34,0
280000,female,university,married,34,0
230000,female,graduate,married,36,0
210000,female,university,single,31,1
60000,female,graduate,single,33,0
270000,female,graduate,single,37,0
80000,female,highschool,married,41,0
80000,female,university,married,44,0
360000,female,university,married,40,0
300000,female,graduate,single,38,1
270000,female,graduate,married,44,0
200000,female,graduate,single,46,0
20000,female,university,single,46,1
20000,female,university,married,32,1
30000,female,university,married,33,1
50000,female,graduate,married,35,0
230000,female,other,single,30,0
50000,female,university,married,39,1
70000,female,highschool,married,31,0
100000,female,graduate,single,31,0
100000,female,highschool,married,30,0
210000,female,graduate,single,31,0
450000,female,graduate,single,31,0
300000,female,highschool,single,31,0
140000,female,graduate,single,31,0
480000,female,graduate,single,32,0
100000,female,university,single,30,1
110000,female,graduate,single,32,0
100000,female,university,single,31,1
200000,female,graduate,single,31,0
100000,female,graduate,single,30,0
50000,female,university,married,30,1
20000,female,university,married,31,0
490000,female,university,married,31,0
90000,female,graduate,single,32,0
310000,female,graduate,married,32,0
240000,female,graduate,single,33,0
390000,female,graduate,single,32,0
140000,female,university,single,33,0
120000,female,graduate,single,33,1
30000,female,highschool,married,33,0
230000,female,university,married,32,0
320000,female,graduate,single,32,0
110000,female,graduate,single,32,0
60000,female,university,single,31,1
180000,female,graduate,single,32,0
430000,female,graduate,single,33,0
230000,female,graduate,single,33,0
140000,female,university,married,33,0
180000,female,graduate,single,31,0
60000,female,university,single,31,0
310000,female,university,single,31,0
320000,female,university,married,33,0
100000,female,graduate,single,33,0
120000,female,university,single,33,1
260000,female,graduate,single,33,1
170000,female,graduate,single,32,0
200000,female,graduate,single,31,0
110000,female,graduate,married,31,0
50000,female,graduate,single,32,0
350000,female,university,single,32,0
110000,female,graduate,single,31,0
240000,female,graduate,married,30,0
120000,female,university,married,30,0
150000,female,graduate,single,32,0
180000,female,university,married,34,1
200000,female,university,single,34,0
250000,female,graduate,single,33,0
350000,female,graduate,married,36,0
200000,female,university,married,36,0
30000,female,university,married,35,0
150000,female,university,married,45,0
380000,female,highschool,married,46,0
180000,female,university,married,47,0
20000,female,university,married,35,1
100000,female,graduate,married,49,1
300000,female,university,single,36,0
450000,female,graduate,single,36,0
220000,female,university,married,35,1
500000,female,university,married,37,0
200000,female,highschool,single,45,0
80000,female,university,married,35,1
430000,female,graduate,married,46,0
200000,female,university,married,40,0
90000,female,graduate,married,36,0
200000,female,graduate,married,38,0
60000,female,university,married,47,0
250000,female,graduate,single,36,0
200000,female,graduate,married,40,0
360000,female,university,single,45,0
200000,female,graduate,single,33,0
500000,female,university,single,41,0
200000,female,graduate,married,38,0
230000,female,graduate,single,44,0
50000,female,highschool,married,37,0
260000,female,graduate,married,38,0
140000,female,graduate,married,39,0
320000,female,university,single,35,0
50000,female,university,married,39,0
150000,female,university,married,35,1
160000,female,graduate,married,36,0
500000,female,university,married,43,0
350000,female,graduate,married,44,0
230000,female,highschool,single,48,1
200000,female,university,married,39,0
500000,female,university,single,39,0
130000,female,graduate,single,34,0
290000,female,university,single,34,0
210000,female,university,single,34,0
240000,female,graduate,single,36,0
80000,female,university,married,36,0
150000,female,graduate,single,36,1
200000,female,other,married,39,0
110000,female,university,single,36,1
320000,female,highschool,married,33,0
340000,female,graduate,single,37,0
380000,female,university,married,43,0
150000,female,graduate,married,43,0
500000,female,graduate,single,37,0
500000,female,university,married,49,0
370000,female,university,married,44,0
360000,female,university,married,40,0
300000,female,university,married,39,0
150000,female,university,single,37,0
210000,female,graduate,married,38,0
280000,female,graduate,married,39,0
230000,female,university,married,44,0
360000,female,university,single,37,0
230000,female,university,married,40,0
450000,female,university,married,44,0
240000,female,graduate,single,34,1
300000,female,graduate,single,41,0
240000,female,university,married,38,0
230000,female,university,married,37,1
230000,female,graduate,single,41,0
240000,female,university,married,40,1
160000,female,graduate,single,39,0
360000,female,other,married,39,0
160000,female,graduate,married,41,0
10000,female,university,married,42,0
430000,female,graduate,single,38,0
80000,female,graduate,married,39,0
310000,female,graduate,married,39,0
150000,female,highschool,married,41,0
200000,female,university,married,43,0
210000,female,graduate,married,44,0
400000,female,university,single,43,0
80000,female,university,married,40,0
160000,female,university,married,42,0
170000,female,university,married,40,0
240000,female,university,married,41,0
300000,female,university,married,33,1
90000,female,university,married,44,0
180000,female,university,married,35,0
210000,female,university,married,48,0
300000,female,graduate,married,42,0
240000,female,graduate,single,37,1
170000,female,graduate,married,44,0
50000,female,graduate,single,37,0
50000,female,university,married,39,0
230000,female,graduate,single,39,0
310000,female,graduate,married,34,0
150000,female,highschool,single,35,0
200000,female,graduate,single,35,0
80000,female,university,single,39,1
500000,female,graduate,married,37,0
20000,female,university,married,42,1
20000,female,highschool,married,46,1
150000,female,graduate,single,34,1
100000,female,other,single,34,0
210000,female,highschool,married,44,1
300000,female,university,married,40,0
80000,female,university,single,32,1
410000,female,graduate,single,31,0
90000,female,highschool,married,36,0
270000,female,university,married,43,0
360000,female,university,married,41,0
230000,female,highschool,married,38,0
150000,female,university,single,42,0
150000,female,university,single,44,1
350000,female,university,married,43,0
210000,female,highschool,single,43,0
130000,female,highschool,married,44,0
500000,female,graduate,married,49,0
280000,female,university,married,48,1
450000,female,graduate,married,39,0
200000,female,university,single,46,0
290000,female,university,married,34,0
170000,female,university,married,35,0
380000,female,university,married,39,0
180000,female,graduate,single,35,1
280000,female,graduate,single,35,0
200000,female,university,married,31,0
220000,female,university,married,40,0
240000,female,graduate,married,38,1
470000,female,university,single,43,0
280000,female,graduate,single,35,0
200000,female,graduate,single,43,1
20000,female,highschool,married,46,0
20000,female,university,single,34,0
290000,female,graduate,single,34,0
20000,female,graduate,married,37,1
150000,female,graduate,married,38,0
160000,female,university,married,36,1
360000,female,graduate,married,36,1
160000,female,university,married,41,0
400000,female,graduate,married,37,0
180000,female,university,single,36,0
120000,female,university,married,32,0
200000,female,university,single,33,0
210000,female,graduate,married,39,0
70000,female,highschool,married,48,1
110000,female,university,married,38,1
30000,female,highschool,single,47,1
40000,female,highschool,married,46,0
310000,female,graduate,married,41,0
200000,female,university,married,41,0
230000,female,university,married,39,0
450000,female,graduate,married,33,0
80000,female,university,single,34,0
210000,female,university,single,43,0
130000,female,university,divorce,48,0
500000,female,graduate,married,49,0
180000,female,university,married,38,1
340000,female,graduate,married,36,0
450000,female,graduate,single,37,0
80000,female,highschool,married,49,0
150000,female,highschool,single,47,0
210000,female,graduate,married,43,0
380000,female,university,single,38,0
400000,female,university,married,46,0
80000,female,highschool,married,52,0
240000,female,graduate,married,44,0
120000,female,university,married,50,0
60000,female,highschool,married,63,0
360000,female,graduate,single,54,0
50000,female,university,married,50,1
360000,female,highschool,married,50,1
30000,female,highschool,married,51,0
500000,female,graduate,married,53,0
20000,female,university,married,54,1
90000,female,university,married,56,0
80000,female,highschool,married,55,0
100000,female,highschool,single,54,0
120000,female,graduate,married,51,0
100000,female,highschool,divorce,51,1
150000,female,university,married,51,0
10000,female,university,married,51,0
50000,female,highschool,married,52,0
490000,female,graduate,married,53,0
50000,female,highschool,single,52,0
340000,female,university,married,57,0
240000,female,highschool,married,51,0
50000,female,highschool,married,53,1
500000,female,university,married,50,0
410000,female,university,married,50,0
280000,female,university,married,64,0
240000,female,university,single,59,0
20000,female,graduate,single,54,0
100000,female,university,married,55,1
290000,female,university,married,52,0
100000,female,highschool,single,50,0
270000,female,university,married,65,0
80000,female,highschool,single,57,0
280000,female,graduate,married,47,1
30000,female,highschool,married,52,0
90000,female,highschool,married,53,1
600000,female,graduate,married,53,0
70000,female,highschool,married,54,0
270000,female,highschool,married,58,0
260000,female,highschool,married,59,0
50000,female,highschool,married,59,0
50000,female,highschool,married,53,1
70000,female,highschool,single,52,0
210000,female,highschool,married,55,0
330000,female,highschool,married,50,0
200000,female,university,married,51,0
220000,female,graduate,married,51,0
50000,female,highschool,married,52,0
20000,female,university,married,53,0
30000,female,university,single,53,1
280000,female,university,married,56,1
60000,female,highschool,married,60,0
200000,female,highschool,married,50,0
230000,female,university,single,51,0
230000,female,graduate,married,51,1
100000,female,highschool,married,49,0
80000,female,university,married,49,0
80000,female,university,single,51,1
70000,female,university,married,57,0
200000,female,graduate,married,54,1
20000,female,university,married,51,0
200000,female,university,married,50,0
50000,female,university,married,55,0
360000,female,university,married,52,0
200000,female,highschool,single,49,0
90000,female,university,married,55,1
50000,female,highschool,single,59,0
400000,female,university,married,48,0
110000,female,highschool,married,51,0
50000,female,highschool,married,58,1
500000,female,graduate,married,58,1
150000,female,highschool,married,65,0
300000,female,other,married,54,0
50000,female,university,married,56,0
300000,female,graduate,married,59,0
290000,female,university,married,49,1
500000,female,university,married,52,0
140000,female,highschool,married,50,1
350000,female,other,married,49,0
180000,female,university,single,49,0
390000,female,graduate,married,48,0
50000,female,graduate,single,52,0
50000,female,graduate,single,51,0
150000,female,graduate,single,52,0
200000,female,graduate,married,49,0
180000,female,graduate,single,53,0
50000,female,university,married,50,0
110000,female,graduate,married,51,0
310000,female,university,married,62,0
80000,female,highschool,single,60,0
80000,female,highschool,married,54,0
240000,female,graduate,married,53,0
210000,female,university,married,54,0
30000,female,university,single,50,0
80000,female,graduate,married,52,0
70000,female,highschool,married,49,1
50000,female,highschool,single,50,1
180000,female,highschool,married,64,0
160000,female,university,married,60,0
20000,female,highschool,married,50,1
180000,female,graduate,married,53,0
30000,female,university,divorce,54,0
210000,female,university,married,56,0
120000,female,highschool,married,55,0
20000,female,highschool,married,51,1
30000,female,university,married,49,0
50000,female,highschool,married,53,0
20000,female,highschool,married,51,0
120000,female,university,married,57,0
70000,female,university,married,62,1
50000,female,university,married,58,0
20000,female,university,married,49,0
310000,female,highschool,married,53,0
120000,female,university,married,40,0
360000,female,highschool,married,47,0
240000,female,highschool,single,49,0
500000,female,highschool,single,53,1
500000,female,university,married,53,0
240000,female,graduate,married,55,0
200000,female,university,married,56,0
30000,female,highschool,married,67,1
130000,female,highschool,married,49,0
80000,female,highschool,married,50,0
150000,female,university,married,51,0
530000,female,graduate,married,54,0
210000,female,graduate,married,53,0
30000,female,university,divorce,54,0
410000,female,university,married,50,0
240000,female,university,married,50,0
50000,female,graduate,single,61,1
200000,female,highschool,married,67,0
70000,female,university,single,55,0
140000,female,highschool,single,53,0
320000,female,highschool,single,54,0
50000,female,highschool,married,53,0
500000,female,university,single,50,1
300000,female,university,married,51,1
400000,female,graduate,married,51,0
170000,female,university,single,51,0
60000,female,highschool,married,50,1
120000,female,graduate,married,47,1
210000,female,graduate,single,50,0
50000,female,highschool,married,51,0
30000,female,university,single,51,0
130000,female,university,married,51,0
280000,female,university,married,50,1
240000,female,graduate,married,51,0
240000,female,highschool,married,50,0
270000,female,university,married,51,0
500000,female,graduate,married,52,0
170000,female,highschool,single,53,0
80000,female,highschool,married,50,0
280000,female,highschool,married,53,0
110000,female,graduate,married,52,0
250000,female,graduate,married,54,0
360000,female,university,single,54,0
50000,female,highschool,divorce,53,1
280000,female,university,married,57,0
500000,female,university,married,54,0
260000,female,highschool,married,65,0
250000,female,university,married,52,1
140000,female,highschool,married,56,0
180000,female,graduate,married,55,0
190000,female,university,married,52,0
290000,female,graduate,married,52,0
230000,female,graduate,single,53,0
220000,female,university,married,54,0
30000,female,university,married,60,0
300000,female,university,single,57,0
260000,female,highschool,married,57,0
140000,female,university,married,58,1
350000,female,graduate,married,57,0
70000,male,university,married,40,0
200000,male,university,single,30,0
90000,male,graduate,single,31,1
30000,male,university,single,49,0
80000,male,graduate,single,25,0
150000,male,graduate,single,26,0
360000,male,graduate,single,29,0
400000,male,university,married,30,0
300000,male,graduate,single,30,0
50000,male,university,single,30,1
20000,male,graduate,single,27,0
90000,male,university,single,28,1
180000,male,university,married,28,0
230000,male,university,single,29,0
160000,male,university,married,28,0
200000,male,university,single,25,0
300000,male,university,single,27,0
360000,male,graduate,single,29,0
230000,male,university,single,30,0
80000,male,graduate,single,27,0
90000,male,university,single,27,1
80000,male,graduate,single,25,0
160000,male,graduate,single,29,0
200000,male,graduate,single,30,0
60000,male,university,single,25,0
360000,male,graduate,single,27,0
360000,male,highschool,single,30,0
220000,male,graduate,single,28,0
120000,male,graduate,single,27,0
50000,male,university,single,23,0
300000,male,university,single,29,1
400000,male,graduate,single,36,1
260000,male,highschool,single,35,0
80000,male,university,married,27,0
50000,male,graduate,single,30,0
20000,male,university,single,27,0
50000,male,university,married,29,0
20000,male,highschool,single,23,0
150000,male,graduate,single,30,0
620000,male,university,single,29,0
270000,male,highschool,single,36,0
130000,male,university,single,29,1
150000,male,university,single,22,0
50000,male,university,married,26,0
50000,male,university,married,26,1
20000,male,university,single,23,1
50000,male,university,single,22,0
170000,male,graduate,single,25,0
50000,male,university,single,29,0
20000,male,highschool,single,22,0
20000,male,university,single,22,1
20000,male,university,single,21,0
20000,male,university,single,21,0
20000,male,graduate,single,22,1
90000,male,university,single,25,0
80000,male,university,married,26,0
50000,male,graduate,single,22,1
60000,male,graduate,single,23,0
50000,male,university,single,22,0
20000,male,graduate,single,22,0
20000,male,highschool,single,23,0
50000,male,university,single,24,0
80000,male,graduate,single,24,0
50000,male,graduate,single,22,0
20000,male,university,single,22,1
20000,male,university,single,22,0
50000,male,highschool,married,22,1
50000,male,highschool,single,23,0
50000,male,university,single,23,0
20000,male,university,single,23,0
420000,male,university,married,24,0
50000,male,university,single,25,0
110000,male,university,single,26,0
20000,male,other,single,21,0
20000,male,university,single,22,0
50000,male,highschool,single,23,0
180000,male,university,single,23,0
20000,male,university,single,22,0
20000,male,university,single,21,0
20000,male,university,single,21,0
20000,male,university,single,22,1
50000,male,university,single,22,0
50000,male,highschool,single,26,0
150000,male,other,divorce,27,0
70000,male,university,single,27,1
50000,male,university,single,27,1
150000,male,graduate,married,32,0
100000,male,university,single,26,0
20000,male,university,single,24,0
20000,male,university,single,24,0
20000,male,highschool,single,24,0
20000,male,university,single,22,0
100000,male,highschool,single,25,0
190000,male,university,single,29,0
50000,male,university,single,22,0
20000,male,highschool,single,24,1
70000,male,university,married,26,0
50000,male,university,single,24,0
20000,male,university,single,25,1
20000,male,graduate,single,24,1
20000,male,university,single,24,0
50000,male,university,single,24,0
20000,male,graduate,single,23,0
50000,male,university,single,23,0
50000,male,university,single,24,0
20000,male,graduate,single,24,0
20000,male,university,single,25,0
50000,male,university,single,25,1
70000,male,graduate,single,25,0
20000,male,university,single,27,1
20000,male,university,married,24,0
20000,male,university,single,23,0
20000,male,university,single,25,1
220000,male,graduate,single,26,0
120000,male,university,single,25,1
140000,male,graduate,single,26,0
50000,male,graduate,single,27,0
50000,male,university,single,25,0
10000,male,university,single,26,0
50000,male,graduate,single,25,0
50000,male,university,single,26,0
20000,male,graduate,single,25,0
200000,male,graduate,single,26,0
40000,male,graduate,single,26,0
30000,male,university,single,23,0
20000,male,university,single,23,1
50000,male,university,single,23,0
20000,male,highschool,single,24,0
130000,male,university,single,25,0
160000,male,university,single,25,0
110000,male,university,single,25,0
50000,male,university,single,37,1
50000,male,university,single,25,0
240000,male,university,single,26,0
20000,male,university,single,27,0
500000,male,highschool,single,30,0
60000,male,university,single,26,0
50000,male,highschool,single,25,0
50000,male,university,single,24,0
20000,male,university,single,25,0
30000,male,university,single,25,0
80000,male,university,married,25,0
20000,male,university,married,25,0
10000,male,university,single,26,0
20000,male,other,single,26,0